symbol,name,exchange,sector_name
A,"Agilent Technologies, Inc.",NYSE,Uncategorized
AA,Alcoa Corporation,NYSE,Uncategorized
AAA,Alternative Access First Priority CLO Bond ETF,NYSE ARCA,Uncategorized
AAAA,Amplius Aggressive Asset Allocation ETF,BATS,Uncategorized
AAAC,Columbia AAA CLO ETF,NYSE ARCA,Uncategorized
AAAU,Goldman Sachs Physical Gold ETF Shares,BATS,Uncategorized
AACB,Artius II Acquisition Inc.,NASDAQ,Uncategorized
AACBR,Artius II Acquisition Inc. - Rights,NASDAQ,Uncategorized
AACBU,Artius II Acquisition Inc.,NASDAQ,Uncategorized
AACG,"ATA Creativity Global - American Depositary Shares, each representing two common shares",NASDAQ,Uncategorized
AACIU,Armada Acquisition Corp. III,NASDAQ,Uncategorized
AACOU,Abony Acquisition Corp. I,NASDAQ,Uncategorized
AADR,AdvisorShares Dorsey Wright ADR ETF,NASDAQ,Uncategorized
AAEQ,Alpha Architect US Equity 2 ETF,NASDAQ,Uncategorized
AAL,"American Airlines Group, Inc.",NASDAQ,Uncategorized
AALG,Leverage Shares 2X Long AAL Daily ETF,NASDAQ,Uncategorized
AAME,Atlantic American Corporation,NASDAQ,Uncategorized
AAMI,Acadian Asset Management Inc.,NYSE,Uncategorized
AAOI,"Applied Optoelectronics, Inc.",NASDAQ,Uncategorized
AAON,"AAON, Inc.",NASDAQ,Uncategorized
AAP,Advance Auto Parts Inc.,NYSE,Uncategorized
AAPB,GraniteShares 2x Long AAPL Daily ETF,NASDAQ,Uncategorized
AAPD,Direxion Daily AAPL Bear 1X Shares,NASDAQ,Uncategorized
AAPG,Ascentage Pharma Group International - American Depository Shares,NASDAQ,Uncategorized
AAPL,Apple Inc.,NASDAQ,Uncategorized
AAPR,Innovator Equity Defined Protection ETF - 2 Yr to April 2026,BATS,Uncategorized
AAPU,Direxion Daily AAPL Bull 2X Shares,NASDAQ,Uncategorized
AAPW,Roundhill AAPL WeeklyPay ETF,BATS,Uncategorized
AAPX,T-Rex 2X Long Apple Daily Target ETF,BATS,Uncategorized
AAPY,Kurv Yield Premium Strategy Apple (AAPL) ETF,BATS,Uncategorized
AARD,"Aardvark Therapeutics, Inc.",NASDAQ,Uncategorized
AAT,"American Assets Trust, Inc.",NYSE,Uncategorized
AAUC,Allied Gold Corporation Common Shares,NYSE,Uncategorized
AAUM,Tema Alternative Asset Managers ETF,BATS,Uncategorized
AAUS,Alpha Architect US Equity ETF,NASDAQ,Uncategorized
AAVM,Alpha Architect Global Factor Equity ETF,NASDAQ,Uncategorized
AAXJ,iShares MSCI All Country Asia ex Japan ETF,NASDAQ,Uncategorized
AB,AllianceBernstein Holding L.P.  Units,NYSE,Uncategorized
ABAT,American Battery Technology Company,NASDAQ,Uncategorized
ABBV,AbbVie Inc.,NYSE,Uncategorized
ABCB,Ameris Bancorp,NYSE,Uncategorized
ABCL,AbCellera Biologics Inc. - Common Shares,NASDAQ,Uncategorized
ABCS,Alpha Blue Capital US Small-Mid Cap Dynamic ETF,NASDAQ,Uncategorized
ABEO,Abeona Therapeutics Inc.,NASDAQ,Uncategorized
ABEQ,Absolute Select Value ETF,NYSE ARCA,Uncategorized
ABEV,Ambev S.A. American Depositary Shares (Each representing 1 Common Share),NYSE,Uncategorized
ABFL,Abacus FCF Leaders ETF,BATS,Uncategorized
ABG,Asbury Automotive Group Inc,NYSE,Uncategorized
ABI,VictoryShares Pioneer Asset-Based Income ETF,NASDAQ,Uncategorized
ABIG,Argent Large Cap ETF,NASDAQ,Uncategorized
ABLD,Abacus FCF Real Assets Leaders ETF,BATS,Uncategorized
ABLG,Abacus FCF International Leaders ETF,BATS,Uncategorized
ABLS,Abacus FCF Small Cap Leaders ETF,BATS,Uncategorized
ABLV,Able View Global Inc.,NASDAQ,Uncategorized
ABLVW,Able View Global Inc. - Warrant,NASDAQ,Uncategorized
ABM,ABM Industries Incorporated,NYSE,Uncategorized
ABNB,"Airbnb, Inc. - Class A",NASDAQ,Uncategorized
ABNG,Leverage Shares 2x Long ABNB Daily ETF,NASDAQ,Uncategorized
ABNY,YieldMax ABNB Option Income Strategy ETF,NYSE ARCA,Uncategorized
ABOS,"Acumen Pharmaceuticals, Inc.",NASDAQ,Uncategorized
ABOT,Abacus FCF Innovation Leaders ETF,BATS,Uncategorized
ABR,Arbor Realty Trust,NYSE,Uncategorized
ABR$D,"Arbor Realty Trust 6.375% Series D Cumulative Redeemable Preferred Stock, Liquidation Preference $25.00 per Share",NYSE,Uncategorized
ABR$E,Arbor Realty Trust 6.25% Series E Cumulative Redeemable Preferred Stock,NYSE,Uncategorized
ABR$F,"Arbor Realty Trust 6.25% Series F Fixed-to-Floating Rate Cumulative Redeemable Preferred Stock, Liquidation Preference $25.00 per share",NYSE,Uncategorized
ABSI,Absci Corporation,NASDAQ,Uncategorized
ABT,Abbott Laboratories,NYSE,Uncategorized
ABTC,American Bitcoin Corp. - Class A,NASDAQ,Uncategorized
ABTS,Abits Group Inc - Ordinary Shares,NASDAQ,Uncategorized
ABUS,Arbutus Biopharma Corporation,NASDAQ,Uncategorized
ABVC,"ABVC BioPharma, Inc.",NASDAQ,Uncategorized
ABVE,Above Food Ingredients Inc.,NASDAQ,Uncategorized
ABVEW,Above Food Ingredients Inc. - Warrant,NASDAQ,Uncategorized
ABVX,Abivax SA - American Depositary Shares,NASDAQ,Uncategorized
ABX,"Abacus Global Management, Inc. Class A",NYSE,Uncategorized
ABXB,Abacus Flexible Bond Leaders ETF,BATS,Uncategorized
ABXL,"Abacus Global Management, Inc. 9.875% Fixed Rate Senior Notes due 2028",NYSE,Uncategorized
ACA,"Arcosa, Inc.",NYSE,Uncategorized
ACAAU,Averin Capital Acquisition Corp.,NASDAQ,Uncategorized
ACAD,ACADIA Pharmaceuticals Inc.,NASDAQ,Uncategorized
ACB,Aurora Cannabis Inc. - Common Shares,NASDAQ,Uncategorized
ACCL,Acco Group Holdings Limited,NASDAQ,Uncategorized
ACCO,Acco Brands Corporation,NYSE,Uncategorized
ACCS,ACCESS Newswire Inc.,NYSE MKT,Uncategorized
ACDC,ProFrac Holding Corp. - Class A,NASDAQ,Uncategorized
ACEI,Innovator Equity Autocallable Income Strategy ETF,NYSE ARCA,Uncategorized
ACEL,"Accel Entertainment, Inc.",NYSE,Uncategorized
ACEP,ARS Core Equity Portfolio ETF,NASDAQ,Uncategorized
ACES,ALPS Clean Energy ETF,NYSE ARCA,Uncategorized
ACET,"Adicet Bio, Inc.",NASDAQ,Uncategorized
ACFN,"Acorn Energy, Inc.",NASDAQ,Uncategorized
ACGL,Arch Capital Group Ltd.,NASDAQ,Uncategorized
ACGLN,"Arch Capital Group Ltd. - Depositary Shares, each Representing a 1/1,000th Interest in a 4.550% Non-Cumulative Preferred Share, Series G",NASDAQ,Uncategorized
ACGLO,"Arch Capital Group Ltd. - Depositary Shares Each Representing 1/1,000th Interest in a Share of5.45% Non-Cumulative Preferred Shares, Series F",NASDAQ,Uncategorized
ACGR,American Century Large Cap Growth ETF,NYSE ARCA,Uncategorized
ACH,"Accendra Health, Inc.",NYSE,Uncategorized
ACHC,"Acadia Healthcare Company, Inc.",NASDAQ,Uncategorized
ACHR,Archer Aviation Inc. Class A,NYSE,Uncategorized
ACHR.W,"Archer Aviation Inc. Redeemable Warrants, each whole warrant exercisable for one Class A common stock at an exercise price of $11.50",NYSE,Uncategorized
ACHV,"Achieve Life Sciences, Inc.  - Common Shares",NASDAQ,Uncategorized
ACI,"Albertsons Companies, Inc. Class A",NYSE,Uncategorized
ACIC,American Coastal Insurance Corporation,NASDAQ,Uncategorized
ACII,Innovator Index Autocallable Income Strategy ETF,NYSE ARCA,Uncategorized
ACIO,Aptus Collared Investment Opportunity ETF,BATS,Uncategorized
ACIU,AC Immune SA,NASDAQ,Uncategorized
ACIW,"ACI Worldwide, Inc.",NASDAQ,Uncategorized
ACKY,VistaShares Target 15 ACKtivist Distribution ETF,NYSE ARCA,Uncategorized
ACLC,American Century Large Cap Equity ETF,NYSE ARCA,Uncategorized
ACLO,TCW AAA CLO ETF,NYSE,Uncategorized
ACLS,"Axcelis Technologies, Inc.",NASDAQ,Uncategorized
ACLX,"Arcellx, Inc.",NASDAQ,Uncategorized
ACM,AECOM,NYSE,Uncategorized
ACMR,"ACM Research, Inc. - Class A",NASDAQ,Uncategorized
ACN,Accenture plc Class A Ordinary Shares (Ireland),NYSE,Uncategorized
ACNB,ACNB Corporation,NASDAQ,Uncategorized
ACNT,Ascent Industries Co.,NASDAQ,Uncategorized
ACOG,Alpha Cognition Inc.,NASDAQ,Uncategorized
ACON,"Aclarion, Inc.",NASDAQ,Uncategorized
ACONW,"Aclarion, Inc. - Warrant",NASDAQ,Uncategorized
ACP,abrdn Income Credit Strategies Fund Common Shares,NYSE,Uncategorized
ACP$A,abrdn Income Credit Strategies Fund 5.250% Series A Perpetual Preferred Stock,NYSE,Uncategorized
ACR,ACRES Commercial Realty Corp.,NYSE,Uncategorized
ACR$C,ACRES Commercial Realty Corp. 8.625% Fixed-to-Floating Series C Cumulative Redeemable Preferred Stock,NYSE,Uncategorized
ACR$D,ACRES Commercial Realty Corp. 7.875% Series D Cumulative Redeemable Preferred Stock,NYSE,Uncategorized
ACRE,Ares Commercial Real Estate Corporation,NYSE,Uncategorized
ACRS,"Aclaris Therapeutics, Inc.",NASDAQ,Uncategorized
ACRV,"Acrivon Therapeutics, Inc.",NASDAQ,Uncategorized
ACSG,American Century Small Cap Growth Insights ETF,BATS,Uncategorized
ACSI,American Customer Satisfaction ETF,BATS,Uncategorized
ACSV,American Century Small Cap Value Insights ETF,BATS,Uncategorized
ACT,"Enact Holdings, Inc.",NASDAQ,Uncategorized
ACTG,Acacia Research Corporation,NASDAQ,Uncategorized
ACTU,"Actuate Therapeutics, Inc.",NASDAQ,Uncategorized
ACU,Acme United Corporation.,NYSE MKT,Uncategorized
ACV,Virtus Diversified Income & Convertible Fund Common Shares of Beneficial Interest,NYSE,Uncategorized
ACVA,ACV Auctions Inc. Class A,NYSE,Uncategorized
ACVF,American Conservative Values ETF,NYSE ARCA,Uncategorized
ACVT,Advent Convertible Bond ETF,NYSE ARCA,Uncategorized
ACWI,iShares MSCI ACWI ETF,NASDAQ,Uncategorized
ACWV,iShares MSCI Global Min Vol Factor ETF,BATS,Uncategorized
ACWX,iShares MSCI ACWI ex U.S. ETF,NASDAQ,Uncategorized
ACXP,"Acurx Pharmaceuticals, Inc.",NASDAQ,Uncategorized
ACYN,FT Vest Laddered Autocallable Barrier & Income ETF,NYSE ARCA,Uncategorized
AD,"Array Digital Infrastructure, Inc. Common Shares",NYSE,Uncategorized
ADAC,American Drive Acquisition Company,NASDAQ,Uncategorized
ADACU,American Drive Acquisition Company,NASDAQ,Uncategorized
ADACW,American Drive Acquisition Company - Warrant,NASDAQ,Uncategorized
ADAG,"Adagene Inc. - ADS, each representing 1.25 ordinary shares",NASDAQ,Uncategorized
ADAM,"Adamas Trust, Inc.",NASDAQ,Uncategorized
ADAMG,"Adamas Trust, Inc. - 9.125% Senior Notes Due 2030",NASDAQ,Uncategorized
ADAMH,"Adamas Trust, Inc. - 9.875% Senior Notes Due 2030",NASDAQ,Uncategorized
ADAMI,"Adamas Trust, Inc. - 9.125% Senior Notes Due 2029",NASDAQ,Uncategorized
ADAML,"Adamas Trust, Inc. - 6.875% Series F Fixed-to-Floating Rate Cumulative Redeemable Preferred Stock, $0.01 par value per share",NASDAQ,Uncategorized
ADAMM,"Adamas Trust, Inc. - 7.875% Series E Fixed-to-Floating Rate Cumulative Redeemable Preferred Stock",NASDAQ,Uncategorized
ADAMN,"Adamas Trust, Inc. - 8.00% Series D Fixed-to-Floating Rate Cumulative Redeemable Preferred Stock",NASDAQ,Uncategorized
ADAMO,"Adamas Trust, Inc. - 9.250% Senior Notes Due 2031",NASDAQ,Uncategorized
ADAMZ,"Adamas Trust, Inc. - 7.000% Series G Cumulative Redeemable Preferred Stock, $0.01 par value per share",NASDAQ,Uncategorized
ADBE,Adobe Inc.,NASDAQ,Uncategorized
ADBG,Leverage Shares 2X Long ADBE Daily ETF,NASDAQ,Uncategorized
ADC,Agree Realty Corporation,NYSE,Uncategorized
ADC$A,"Agree Realty Corporation Depositary Shares, each representing 1/1,000th of a 4.250% Series A Cumulative Redeemable Preferred Stock",NYSE,Uncategorized
ADCT,ADC Therapeutics SA Common Shares,NYSE,Uncategorized
ADEA,Adeia Inc.,NASDAQ,Uncategorized
ADFI,Anfield Dynamic Fixed Income ETF,BATS,Uncategorized
ADGM,"Adagio Medical Holdings, Inc",NASDAQ,Uncategorized
ADI,"Analog Devices, Inc.",NASDAQ,Uncategorized
ADIL,"Adial Pharmaceuticals, Inc",NASDAQ,Uncategorized
ADIV,Guinness Atkinson Asia Pacific Dividend Builder ETF,NYSE ARCA,Uncategorized
ADM,Archer-Daniels-Midland Company,NYSE,Uncategorized
ADMA,ADMA Biologics Inc,NASDAQ,Uncategorized
ADME,Aptus Drawdown Managed Equity ETF,BATS,Uncategorized
ADNT,Adient plc Ordinary Shares,NYSE,Uncategorized
ADP,"Automatic Data Processing, Inc.",NASDAQ,Uncategorized
ADPT,Adaptive Biotechnologies Corporation,NASDAQ,Uncategorized
ADPV,Adaptiv Select ETF,NYSE ARCA,Uncategorized
ADSE,ADS-TEC ENERGY PLC - Ordinary Shares,NASDAQ,Uncategorized
ADSEW,ADS-TEC ENERGY PLC - Warrant,NASDAQ,Uncategorized
ADSK,"Autodesk, Inc.",NASDAQ,Uncategorized
ADT,ADT Inc.,NYSE,Uncategorized
ADTN,"ADTRAN Holdings, Inc.",NASDAQ,Uncategorized
ADTX,"Aditxt, Inc.",NASDAQ,Uncategorized
ADUR,Aduro Clean Technologies Inc.,NASDAQ,Uncategorized
ADUS,Addus HomeCare Corporation,NASDAQ,Uncategorized
ADV,Advantage Solutions Inc.  - Class A,NASDAQ,Uncategorized
ADVB,Advanced Biomed Inc.,NASDAQ,Uncategorized
ADVE,Matthews Asia Dividend Active ETF,NYSE ARCA,Uncategorized
ADX,Adams Diversified Equity Fund Inc.,NYSE,Uncategorized
ADXN,Addex Therapeutics Ltd - American Depositary Shares,NASDAQ,Uncategorized
AEAQ,Activate Energy Acquisition Corp.,NASDAQ,Uncategorized
AEAQU,Activate Energy Acquisition Corp.,NASDAQ,Uncategorized
AEAQW,Activate Energy Acquisition Corp. - Warrant,NASDAQ,Uncategorized
AEBI,Aebi Schmidt Holding AG,NASDAQ,Uncategorized
AEC,Anfield Energy Inc. - Common Shares,NASDAQ,Uncategorized
AEE,Ameren Corporation,NYSE,Uncategorized
AEF,"abrdn Emerging Markets ex-China Fund, Inc.",NYSE MKT,Uncategorized
AEFC,Aegon Funding Company LLC 5.10% Subordinated Notes due 2049,NYSE,Uncategorized
AEG,Aegon Ltd. New York Registry Shares,NYSE,Uncategorized
AEHL,Antelope Enterprise Holdings Limited,NASDAQ,Uncategorized
AEHR,Aehr Test Systems,NASDAQ,Uncategorized
AEI,Alset Inc.,NASDAQ,Uncategorized
AEIS,"Advanced Energy Industries, Inc.",NASDAQ,Uncategorized
AEM,Agnico Eagle Mines Limited,NYSE,Uncategorized
AEMD,"Aethlon Medical, Inc.",NASDAQ,Uncategorized
AEMS,Anfield Enhanced Market ETF,BATS,Uncategorized
AENT,Alliance Entertainment Holding Corporation,NASDAQ,Uncategorized
AENTW,Alliance Entertainment Holding Corporation - Warrants,NASDAQ,Uncategorized
AEO,"American Eagle Outfitters, Inc.",NYSE,Uncategorized
AEON,"AEON Biopharma, Inc. Class A",NYSE MKT,Uncategorized
AEP,"American Electric Power Company, Inc.",NASDAQ,Uncategorized
AER,AerCap Holdings N.V. Ordinary Shares,NYSE,Uncategorized
AERO,"Grupo Aeromexico, S.A.B. de C.V. American Depositary Shares (each representing ten (10) Common Shares)",NYSE,Uncategorized
AERT,"Aeries Technology, Inc.",NASDAQ,Uncategorized
AERTW,"Aeries Technology, Inc. - Warrant",NASDAQ,Uncategorized
AES,The AES Corporation,NYSE,Uncategorized
AESI,Atlas Energy Solutions Inc.,NYSE,Uncategorized
AESR,Anfield U.S. Equity Sector Rotation ETF,BATS,Uncategorized
AETH,Bitwise Trendwise Ether and Treasuries Rotation Strategy ETF,NYSE ARCA,Uncategorized
AEVA,"Aeva Technologies, Inc.",NASDAQ,Uncategorized
AEVAW,"Aeva Technologies, Inc. - Redeemable Warrants",NASDAQ,Uncategorized
AEXA,American Exceptionalism Acquisition Corp. A Class A Ordinary Shares,NYSE,Uncategorized
AEYE,"AudioEye, Inc.",NASDAQ,Uncategorized
AFB,AllianceBernstein National Municipal Income Fund Inc,NYSE,Uncategorized
AFBI,"Affinity Bancshares, Inc.",NASDAQ,Uncategorized
AFCG,Advanced Flower Capital Inc.,NASDAQ,Uncategorized
AFG,"American Financial Group, Inc.",NYSE,Uncategorized
AFGB,"American Financial Group, Inc. 5.875% Subordinated Debentures due 2059",NYSE,Uncategorized
AFGC,"American Financial Group, Inc. 5.125% Subordinated Debentures due 2059",NYSE,Uncategorized
AFGD,"American Financial Group, Inc. 5.625% Subordinated Debentures due 2060",NYSE,Uncategorized
AFGE,"American Financial Group, Inc. 4.500% Subordinated Debentures due 2060",NYSE,Uncategorized
AFIF,Anfield Universal Fixed Income ETF,BATS,Uncategorized
AFIX,Allspring Broad Market Core Bond ETF,NYSE ARCA,Uncategorized
AFJK,"Aimei Health Technology Co., Ltd - Ordinary Share",NASDAQ,Uncategorized
AFJKR,"Aimei Health Technology Co., Ltd - Right",NASDAQ,Uncategorized
AFJKU,"Aimei Health Technology Co., Ltd",NASDAQ,Uncategorized
AFK,VanEck Africa Index ETF,NYSE ARCA,Uncategorized
AFL,AFLAC Incorporated,NYSE,Uncategorized
AFLG,First Trust Active Factor Large Cap ETF,NYSE ARCA,Uncategorized
AFMC,First Trust Active Factor Mid Cap ETF,NYSE ARCA,Uncategorized
AFOS,ARS Focused Opportunity Strategy ETF,NASDAQ,Uncategorized
AFRI,Forafric Global PLC - Ordinary Shares,NASDAQ,Uncategorized
AFRIW,Forafric Global PLC - Warrants,NASDAQ,Uncategorized
AFRM,"Affirm Holdings, Inc. - Class A",NASDAQ,Uncategorized
AFRU,T-REX 2X Long AFRM Daily Target ETF,BATS,Uncategorized
AFSC,abrdn Focused U.S. Small Cap Active ETF,NASDAQ,Uncategorized
AFSM,First Trust Active Factor Small Cap ETF,NYSE ARCA,Uncategorized
AFYA,Afya Limited,NASDAQ,Uncategorized
AG,First Majestic Silver Corp. Ordinary Shares (Canada),NYSE,Uncategorized
AGAE,Allied Gaming & Entertainment Inc.,NASDAQ,Uncategorized
AGBK,AGI Inc Class A Common Shares,NYSE,Uncategorized
AGCC,Agencia Comercial Spirits Ltd,NASDAQ,Uncategorized
AGCO,AGCO Corporation,NYSE,Uncategorized
AGD,abrdn Global Dynamic Dividend Fund Common Shares of Beneficial Interest,NYSE,Uncategorized
AGEM,abrdn Emerging Markets Dividend Active ETF,NASDAQ,Uncategorized
AGEN,Agenus Inc.,NASDAQ,Uncategorized
AGG,iShares Core U.S. Aggregate Bond ETF,NYSE ARCA,Uncategorized
AGGA,EA Astoria Dynamic Core US Fixed Income ETF,NASDAQ,Uncategorized
AGGH,Simplify Aggregate Bond ETF,NYSE ARCA,Uncategorized
AGGS,Harbor Disciplined Bond ETF,NYSE ARCA,Uncategorized
AGGY,WisdomTree Yield Enhanced U.S. Aggregate Bond Fund,NYSE ARCA,Uncategorized
AGH,Aureus Greenway Holdings Inc.,NASDAQ,Uncategorized
AGI,Alamos Gold Inc. Class A Common Shares,NYSE,Uncategorized
AGIG,Abundia Global Impact Group Inc.,NYSE MKT,Uncategorized
AGIO,"Agios Pharmaceuticals, Inc.",NASDAQ,Uncategorized
AGIQ,SoFi Agentic AI ETF,NYSE ARCA,Uncategorized
AGIX,KraneShares Artificial Intelligence & Technology ETF,NASDAQ,Uncategorized
AGL,"agilon health, inc.",NYSE,Uncategorized
AGM,Federal Agricultural Mortgage Corporation,NYSE,Uncategorized
AGM$D,"Federal Agricultural Mortgage Corporation 5.700% Non-Cumulative Preferred Stock, Series D",NYSE,Uncategorized
AGM$E,"Federal Agricultural Mortgage Corporation 5.750% Non-Cumulative Preferred Stock, Series E",NYSE,Uncategorized
AGM$F,"Federal Agricultural Mortgage Corporation 5.250% Non-Cumulative Preferred Stock, Series F",NYSE,Uncategorized
AGM$G,"Federal Agricultural Mortgage Corporation 4.875% Non-Cumulative Preferred Stock, Series G",NYSE,Uncategorized
AGM$H,"Federal Agricultural Mortgage Corporation 6.500% Non-Cumulative Preferred Stock, Series H",NYSE,Uncategorized
AGM.A,Federal Agricultural Mortgage Corporation,NYSE,Uncategorized
AGMB,AgomAb Therapeutics NV - ADRs representing one common share.,NASDAQ,Uncategorized
AGMH,AGM Group Holdings Inc.,NASDAQ,Uncategorized
AGMI,Themes Silver Miners ETF,NASDAQ,Uncategorized
AGNC,AGNC Investment Corp.,NASDAQ,Uncategorized
AGNCL,"AGNC Investment Corp. - Depositary Shares Each Representing a 1/1,000th Interest in a Share of 7.75% Series G Fixed-Rate Reset Cumulative Redeemable Preferred Stock",NASDAQ,Uncategorized
AGNCM,AGNC Investment Corp. - Depositary Shares rep 6.875% Series D Fixed-to-Floating Cumulative Redeemable Preferred Stock,NASDAQ,Uncategorized
AGNCN,"AGNC Investment Corp. - Depositary Shares Each Representing a 1/1,000th Interest in a Share of 7.00% Series C Fixed-To-Floating Rate Cumulative Redeemable Preferred Stock",NASDAQ,Uncategorized
AGNCO,"AGNC Investment Corp. - Depositary Shares, each representing a 1/1,000th interest in a share of Series E Fixed-to-Floating Cumulative Redeemable Preferred Stock",NASDAQ,Uncategorized
AGNCP,"AGNC Investment Corp. - Depositary Shares Each Representing a 1/1,000th Interest in a Share of 6.125% Series F Fixed-to-Floating Rate Cumulative Redeemable Preferred Stock",NASDAQ,Uncategorized
AGNCZ,"AGNC Investment Corp. - Depositary Shares Each Representing a 1/1,000th Interest in a Share of 8.75% Series H Fixed-Rate Cumulative Redeemable Preferred Stock",NASDAQ,Uncategorized
AGNG,Global X Aging Population ETF,NASDAQ,Uncategorized
AGO,Assured Guaranty Ltd.,NYSE,Uncategorized
AGOX,Adaptive Alpha Opportunities ETF,NYSE ARCA,Uncategorized
AGPU,Axe Compute Inc.,NASDAQ,Uncategorized
AGQ,ProShares Ultra Silver,NYSE ARCA,Uncategorized
AGQI,First Trust Active Global Quality Income ETF,NYSE ARCA,Uncategorized
AGRH,iShares Interest Rate Hedged U.S. Aggregate Bond ETF,NYSE ARCA,Uncategorized
AGRO,Adecoagro S.A. Common Shares,NYSE,Uncategorized
AGRW,Allspring LT Large Growth ETF,NYSE ARCA,Uncategorized
AGRZ,Agroz Inc. - Ordinary Shares,NASDAQ,Uncategorized
AGX,"Argan, Inc.",NYSE,Uncategorized
AGYS,"Agilysys, Inc.",NASDAQ,Uncategorized
AGZ,iShares  Agency Bond ETF,NYSE ARCA,Uncategorized
AGZD,WisdomTree Interest Rate Hedged U.S. Aggregate Bond Fund,NASDAQ,Uncategorized
AHCO,AdaptHealth Corp.,NASDAQ,Uncategorized
AHG,Akso Health Group - American Depositary Shares,NASDAQ,Uncategorized
AHH,"Armada Hoffler Properties, Inc.",NYSE,Uncategorized
AHH$A,"Armada Hoffler Properties, Inc. 6.75% Series A Cumulative Redeemable Perpetual Preferred Stock",NYSE,Uncategorized
AHL$D,Aspen Insurance Holdings Limited 5.625% Perpetual Non-Cumulative Preference Shares,NYSE,Uncategorized
AHL$E,"Aspen Insurance Holdings Limited Depositary Shares, each representing a 1/1000th interest in a share of 5.625% Perpetual Non-Cumulative Preference Shares",NYSE,Uncategorized
AHL$F,"Aspen Insurance Holdings Limited Depositary Shares, each representing a 1/1,000th Interest in a 7.00% Perpetual Non-Cumulative Preference Share",NYSE,Uncategorized
AHLT,AHL Trend ETF,NYSE ARCA,Uncategorized
AHMA,Ambitions Enterprise Management Co. L.L.C,NASDAQ,Uncategorized
AHR,"American Healthcare REIT, Inc.",NYSE,Uncategorized
AHT,Ashford Hospitality Trust Inc,NYSE,Uncategorized
AHT$D,Ashford Hospitality Trust Inc 8.45% Series D Cumulative Preferred Stock,NYSE,Uncategorized
AHT$F,Ashford Hospitality Trust Inc 7.375% Series F Cumulative Preferred Stock,NYSE,Uncategorized
AHT$G,Ashford Hospitality Trust Inc 7.375% Series G Cumulative Preferred Stock,NYSE,Uncategorized
AHT$H,Ashford Hospitality Trust Inc 7.50% Series H Cumulative Preferred Stock,NYSE,Uncategorized
AHT$I,Ashford Hospitality Trust Inc 7.50% Series I Cumulative Preferred Stock,NYSE,Uncategorized
AHYB,American Century Select High Yield ETF,NYSE ARCA,Uncategorized
AI,"C3.ai, Inc. Class A",NYSE,Uncategorized
AIA,iShares Asia 50 ETF,NASDAQ,Uncategorized
AIBD,Direxion Daily AI and Big Data Bear 2X Shares,NYSE ARCA,Uncategorized
AIBU,Direxion Daily AI and Big Data Bull 2X Shares,NYSE ARCA,Uncategorized
AIDX,"20/20 Biolabs, Inc.",NASDAQ,Uncategorized
AIEQ,Amplify AI Powered Equity ETF,NYSE ARCA,Uncategorized
AIFD,TCW Artificial Intelligence ETF,NASDAQ,Uncategorized
AIFF,"Firefly Neuroscience, Inc.",NASDAQ,Uncategorized
AIFU,AIFU Inc.,NASDAQ,Uncategorized
AIG,"American International Group, Inc. New",NYSE,Uncategorized
AIHS,Senmiao Technology Limited,NASDAQ,Uncategorized
AII,"American Integrity Insurance Group, Inc.",NYSE,Uncategorized
AIIA,AI Infrastructure Acquisition Corp. Class A Ordinary Shares,NYSE,Uncategorized
AIIA.R,"AI Infrastructure Acquisition Corp. Rights, each entitling the holder to receive one-fifth (1/5) of one Class A Ordinary Share",NYSE,Uncategorized
AIIA.U,"AI Infrastructure Acquisition Corp. Units, each consisting of one Class A Ordinary Share and one Right",NYSE,Uncategorized
AIIO,Robo.ai Inc.,NASDAQ,Uncategorized
AIIOW,Robo.ai Inc. - Warrant,NASDAQ,Uncategorized
AIM,AIM ImmunoTech Inc.,NYSE MKT,Uncategorized
AIMD,"Ainos, Inc.",NASDAQ,Uncategorized
AIMDW,"Ainos, Inc. - warrants",NASDAQ,Uncategorized
AIMS,Acuitas Small Cap Active ETF,NASDAQ,Uncategorized
AIN,Albany International Corporation,NYSE,Uncategorized
AINP,Allspring Income Plus ETF,NYSE ARCA,Uncategorized
AINT,FINQ DOLLAR NEUTRAL U.S. Large Cap AI-Managed Equity ETF,NYSE ARCA,Uncategorized
AIO,Virtus Artificial Intelligence & Technology Opportunities Fund Common Shares of Beneficial Interest,NYSE,Uncategorized
AIOO,AllianzIM U.S. Equity Buffer100 Protection ETF,BATS,Uncategorized
AIOS,AIOS Tech Inc.,NASDAQ,Uncategorized
AIOT,"PowerFleet, Inc.",NASDAQ,Uncategorized
AIP,"Arteris, Inc.",NASDAQ,Uncategorized
AIPI,REX AI Equity Premium Income ETF,NASDAQ,Uncategorized
AIPO,Defiance AI & Power Infrastructure ETF,NASDAQ,Uncategorized
AIQ,Global X Artificial Intelligence & Technology ETF,NASDAQ,Uncategorized
AIR,AAR Corp.,NYSE,Uncategorized
AIRE,reAlpha Tech Corp.,NASDAQ,Uncategorized
AIRG,"Airgain, Inc.",NASDAQ,Uncategorized
AIRI,Air Industries Group,NYSE MKT,Uncategorized
AIRJ,AirJoule Technologies Corporation - Class A,NASDAQ,Uncategorized
AIRJW,AirJoule Technologies Corporation - Warrant,NASDAQ,Uncategorized
AIRO,"AIRO Group Holdings, Inc.",NASDAQ,Uncategorized
AIRR,First Trust RBA American Industrial Renaissance ETF,NASDAQ,Uncategorized
AIRS,"AirSculpt Technologies, Inc.",NASDAQ,Uncategorized
AIRT,"Air T, Inc.",NASDAQ,Uncategorized
AIRTP,"Air T, Inc. - Trust Preferred Securities",NASDAQ,Uncategorized
AIS,VistaShares Artificial Intelligence Supercycle ETF,NYSE ARCA,Uncategorized
AISP,"Airship AI Holdings, Inc - Class A",NASDAQ,Uncategorized
AISPW,"Airship AI Holdings, Inc - Warrants",NASDAQ,Uncategorized
AIT,"Applied Industrial Technologies, Inc.",NYSE,Uncategorized
AIUP,FINQ FIRST U.S. Large Cap AI-Managed Equity ETF,NYSE ARCA,Uncategorized
AIV,Apartment Investment and Management Company,NYSE,Uncategorized
AIVC,Amplify Bloomberg AI Value Chain ETF,NYSE ARCA,Uncategorized
AIVI,WisdomTree International AI Enhanced Value Fund,NYSE ARCA,Uncategorized
AIVL,WisdomTree U.S. AI Enhanced Value Fund,NYSE ARCA,Uncategorized
AIXC,"AIxCrypto Holdings, Inc.",NASDAQ,Uncategorized
AIXI,XIAO-I Corporation - American Depositary Shares,NASDAQ,Uncategorized
AIYY,YieldMax AI Option Income Strategy ETF,NYSE ARCA,Uncategorized
AIZ,"Assurant, Inc.",NYSE,Uncategorized
AIZN,"Assurant, Inc. 5.25% Subordinated Notes due 2061",NYSE,Uncategorized
AJAN,Innovator Equity Defined Protection ETF - 2 Yr to January 2028,BATS,Uncategorized
AJG,Arthur J. Gallagher & Co.,NYSE,Uncategorized
AJUL,Innovator Equity Defined Protection ETF - 2 Yr to July 2026,BATS,Uncategorized
AKA,a.k.a. Brands Holding Corp.,NYSE,Uncategorized
AKAF,The Frontier Economic Fund,NYSE,Uncategorized
AKAM,"Akamai Technologies, Inc.",NASDAQ,Uncategorized
AKAN,Akanda Corp. - Common Shares,NASDAQ,Uncategorized
AKBA,"Akebia Therapeutics, Inc.",NASDAQ,Uncategorized
AKO.A,Embotelladora Andina S.A.,NYSE,Uncategorized
AKO.B,Embotelladora Andina S.A.,NYSE,Uncategorized
AKR,Acadia Realty Trust,NYSE,Uncategorized
AKRE,Akre Focus ETF,NYSE ARCA,Uncategorized
AKTS,"Aktis Oncology, Inc.",NASDAQ,Uncategorized
AKTX,Akari Therapeutics Plc - American Depositary Shares,NASDAQ,Uncategorized
AL,Air Lease Corporation Class A,NYSE,Uncategorized
ALAB,"Astera Labs, Inc.",NASDAQ,Uncategorized
ALAI,Alger AI Enablers & Adopters ETF,NYSE ARCA,Uncategorized
ALAR,Alarum Technologies Ltd. - American Depositary Shares,NASDAQ,Uncategorized
ALB,Albemarle Corporation,NYSE,Uncategorized
ALB$A,Albemarle Corporation Depositary Shares each representing a 1/20th of 7.25% Series A Mandatory Convertible Preferred Stock,NYSE,Uncategorized
ALBG,Leverage Shares 2X Long ALB Daily ETF,NASDAQ,Uncategorized
ALBT,Avalon GloboCare Corp.,NASDAQ,Uncategorized
ALC,Alcon Inc. Ordinary Shares,NYSE,Uncategorized
ALCO,"Alico, Inc.",NASDAQ,Uncategorized
ALCY,Alchemy Investments Acquisition Corp 1,NASDAQ,Uncategorized
ALCYU,Alchemy Investments Acquisition Corp 1,NASDAQ,Uncategorized
ALCYW,Alchemy Investments Acquisition Corp 1 - Warrants,NASDAQ,Uncategorized
ALDF,Aldel Financial II Inc.,NASDAQ,Uncategorized
ALDFU,Aldel Financial II Inc.,NASDAQ,Uncategorized
ALDFW,Aldel Financial II Inc. - Warrants,NASDAQ,Uncategorized
ALDX,"Aldeyra Therapeutics, Inc.",NASDAQ,Uncategorized
ALEC,"Alector, Inc.",NASDAQ,Uncategorized
ALEX,"Alexander & Baldwin, Inc. Common Stock REIT Holding Company",NYSE,Uncategorized
ALF,Centurion Acquisition Corp.,NASDAQ,Uncategorized
ALFUU,Centurion Acquisition Corp.,NASDAQ,Uncategorized
ALFUW,Centurion Acquisition Corp. - Warrant,NASDAQ,Uncategorized
ALG,"Alamo Group, Inc.",NYSE,Uncategorized
ALGM,"Allegro MicroSystems, Inc.",NASDAQ,Uncategorized
ALGN,"Align Technology, Inc.",NASDAQ,Uncategorized
ALGS,"Aligos Therapeutics, Inc.",NASDAQ,Uncategorized
ALGT,Allegiant Travel Company,NASDAQ,Uncategorized
ALH,Alliance Laundry Holdings Inc.,NYSE,Uncategorized
ALHC,"Alignment Healthcare, Inc.",NASDAQ,Uncategorized
ALIL,Argent Focused Small Cap ETF,NASDAQ,Uncategorized
ALIS,Calisa Acquisition Corp - Ordinary shares,NASDAQ,Uncategorized
ALISR,Calisa Acquisition Corp - Right,NASDAQ,Uncategorized
ALISU,Calisa Acquisition Corp,NASDAQ,Uncategorized
ALIT,"Alight, Inc. Class A",NYSE,Uncategorized
ALK,"Alaska Air Group, Inc.",NYSE,Uncategorized
ALKS,Alkermes plc - Ordinary Shares,NASDAQ,Uncategorized
ALKT,"Alkami Technology, Inc.",NASDAQ,Uncategorized
ALL,Allstate Corporation (The),NYSE,Uncategorized
ALL$B,Allstate Corporation (The) 5.100% Fixed-to-Floating Rate Subordinated Debentures due 2053,NYSE,Uncategorized
ALL$H,"Allstate Corporation (The) Depositary Shares each representing a 1/1,000th interest in a share of Fixed Rate Noncumulative Perpetual Preferred Stock, Series H",NYSE,Uncategorized
ALL$I,"Allstate Corporation (The) Depositary Shares each representing a 1/1,000th interest in a share of Fixed Rate Noncumulative Perpetual Preferred Stock, Series I",NYSE,Uncategorized
ALL$J,"Allstate Corporation (The) Depositary Shares each representing a 1/1,000th interest in a share of Fixed Rate Noncumulative Perpetual Preferred Stock, Series J",NYSE,Uncategorized
ALLE,Allegion plc Ordinary Shares,NYSE,Uncategorized
ALLO,"Allogene Therapeutics, Inc.",NASDAQ,Uncategorized
ALLR,"Allarity Therapeutics, Inc.",NASDAQ,Uncategorized
ALLT,Allot Ltd. - Ordinary Shares,NASDAQ,Uncategorized
ALLW,SPDR Bridgewater All Weather ETF,NASDAQ,Uncategorized
ALLY,Ally Financial Inc.,NYSE,Uncategorized
ALM,Almonty Industries Inc. - Common Shares,NASDAQ,Uncategorized
ALMS,Alumis Inc.,NASDAQ,Uncategorized
ALMU,"Aeluma, Inc.",NASDAQ,Uncategorized
ALNT,Allient Inc.,NASDAQ,Uncategorized
ALNY,"Alnylam Pharmaceuticals, Inc.",NASDAQ,Uncategorized
ALOT,"AstroNova, Inc.",NASDAQ,Uncategorized
ALOVU,"Aldabra 4 Liquidity Opportunity Vehicle, Inc.",NASDAQ,Uncategorized
ALOY,REalloys Inc.,NASDAQ,Uncategorized
ALPS,ALPS Group Inc - Ordinary Share,NASDAQ,Uncategorized
ALRG,Allspring LT Large Core ETF,NYSE ARCA,Uncategorized
ALRM,"Alarm.com Holdings, Inc.",NASDAQ,Uncategorized
ALRS,Alerus Financial Corporation,NASDAQ,Uncategorized
ALSN,"Allison Transmission Holdings, Inc.",NYSE,Uncategorized
ALT,"Altimmune, Inc.",NASDAQ,Uncategorized
ALTG,Alta Equipment Group Inc. Class A,NYSE,Uncategorized
ALTG$A,Alta Equipment Group Inc. Depositary Shares (each representing 1/1000th in a share of 10% Series A Cumulative Perpetual Preferred Stock),NYSE,Uncategorized
ALTI,"AlTi Global, Inc. - Class A",NASDAQ,Uncategorized
ALTL,Pacer Lunt Large Cap Alternator ETF,NYSE ARCA,Uncategorized
ALTO,"Alto Ingredients, Inc.",NASDAQ,Uncategorized
ALTS,ALT5 Sigma Corporation,NASDAQ,Uncategorized
ALTY,Global X Alternative Income ETF,NASDAQ,Uncategorized
ALUB,Alussa Energy Acquisition Corp. II Class A Ordinary Shares,NYSE,Uncategorized
ALUB.U,"Alussa Energy Acquisition Corp. II Units, each consisting of one Class A ordinary share and one-third of one redeemable warrant",NYSE,Uncategorized
ALUB.W,"Alussa Energy Acquisition Corp. II Redeemable Warrants, each whole warrant exercisable for one Class A ordinary share at an exercise price of $11.50 per share",NYSE,Uncategorized
ALUR,"Allurion Technologies, Inc.",NYSE,Uncategorized
ALUR.W,"Allurion Technologies, Inc. Warrants, each whole warrant exercisable to purchase 1.420455 shares of common stock at an exercise price of $8.10 per share of",NYSE,Uncategorized
ALV,"Autoliv, Inc.",NYSE,Uncategorized
ALVO,Alvotech - Ordinary Shares,NASDAQ,Uncategorized
ALVOW,Alvotech - Warrant,NASDAQ,Uncategorized
ALX,"Alexander's, Inc.",NYSE,Uncategorized
ALXO,ALX Oncology Holdings Inc.,NASDAQ,Uncategorized
ALZN,"Alzamend Neuro, Inc.",NASDAQ,Uncategorized
AM,Antero Midstream Corporation,NYSE,Uncategorized
AMAL,Amalgamated Financial Corp.,NASDAQ,Uncategorized
AMAT,"Applied Materials, Inc.",NASDAQ,Uncategorized
AMAX,Adaptive Hedged Multi-Asset Income ETF,NYSE ARCA,Uncategorized
AMBA,"Ambarella, Inc. - Ordinary Shares",NASDAQ,Uncategorized
AMBO,Ambow Education Holding Ltd. American Depository Shares (each representing twenty (20) Class A Ordinary Shares),NYSE MKT,Uncategorized
AMBP,Ardagh Metal Packaging S.A. Ordinary Shares,NYSE,Uncategorized
AMBQ,"Ambiq Micro, Inc.",NYSE,Uncategorized
AMBR,Amber International Holding Limited - American Depositary Shares,NASDAQ,Uncategorized
AMC,"AMC Entertainment Holdings, Inc. Class A",NYSE,Uncategorized
AMCI,AMC Robotics Corporation,NASDAQ,Uncategorized
AMCR,Amcor plc Ordinary Shares,NYSE,Uncategorized
AMCX,AMC Networks Inc. - Class A,NASDAQ,Uncategorized
AMD,"Advanced Micro Devices, Inc.",NASDAQ,Uncategorized
AMDD,Direxion Daily AMD Bear 1X Shares,NASDAQ,Uncategorized
AMDG,Leverage Shares 2X Long AMD Daily ETF,NASDAQ,Uncategorized
AMDL,GraniteShares 2x Long AMD Daily ETF,NASDAQ,Uncategorized
AMDW,Roundhill AMD WeeklyPay ETF,BATS,Uncategorized
AMDY,Yieldmax AMD Option Income Strategy ETF,NYSE ARCA,Uncategorized
AME,"AMETEK, Inc.",NYSE,Uncategorized
AMG,"Affiliated Managers Group, Inc.",NYSE,Uncategorized
AMGN,Amgen Inc.,NASDAQ,Uncategorized
AMH,American Homes 4 Rent Common Shares of Beneficial Interest,NYSE,Uncategorized
AMH$G,American Homes 4 Rent Series G cumulative redeemable perpetual preferred shares of beneficial interest,NYSE,Uncategorized
AMH$H,American Homes 4 Rent Series H cumulative redeemable perpetual Preferred Shares of Beneficial Interest,NYSE,Uncategorized
AMID,Argent Mid Cap ETF,NASDAQ,Uncategorized
AMIX,"Autonomix Medical, Inc.",NASDAQ,Uncategorized
AMJB,Alerian MLP Index ETN,NYSE ARCA,Uncategorized
AMKR,"Amkor Technology, Inc.",NASDAQ,Uncategorized
AMLP,Alerian MLP ETF,NYSE ARCA,Uncategorized
AMLX,"Amylyx Pharmaceuticals, Inc.",NASDAQ,Uncategorized
AMN,AMN Healthcare Services Inc,NYSE,Uncategorized
AMOD,"Alpha Modus Holdings, Inc. - Class A",NASDAQ,Uncategorized
AMODW,"Alpha Modus Holdings, Inc. - Warrant",NASDAQ,Uncategorized
AMOM,QRAFT AI-Enhanced U.S. Large Cap Momentum ETF,NYSE ARCA,Uncategorized
AMP,"Ameriprise Financial, Inc.",NYSE,Uncategorized
AMPG,"Amplitech Group, Inc.",NASDAQ,Uncategorized
AMPGR,"Amplitech Group, Inc. - Series A Right",NASDAQ,Uncategorized
AMPGZ,"Amplitech Group, Inc. - Series B Right",NASDAQ,Uncategorized
AMPH,"Amphastar Pharmaceuticals, Inc.",NASDAQ,Uncategorized
AMPL,"Amplitude, Inc. - Class A",NASDAQ,Uncategorized
AMPX,"Amprius Technologies, Inc.",NYSE,Uncategorized
AMPX.W,"Amprius Technologies, Inc. Warrants to purchase one share of Common Stock at an exercise price of $11.50 per share",NYSE,Uncategorized
AMPY,Amplify Energy Corp.,NYSE,Uncategorized
AMR,"Alpha Metallurgical Resources, Inc.",NYSE,Uncategorized
AMRC,"Ameresco, Inc. Class A",NYSE,Uncategorized
AMRN,Amarin Corporation plc - American Depositary Shares,NASDAQ,Uncategorized
AMRX,"Amneal Pharmaceuticals, Inc. - Class A",NASDAQ,Uncategorized
AMRZ,Amrize Ltd Ordinary Shares,NYSE,Uncategorized
AMS,American Shared Hospital Services,NYSE MKT,Uncategorized
AMSC,American Superconductor Corporation,NASDAQ,Uncategorized
AMSF,"AMERISAFE, Inc.",NASDAQ,Uncategorized
AMST,Amesite Inc.,NASDAQ,Uncategorized
AMT,American Tower Corporation (REIT),NYSE,Uncategorized
AMTB,Amerant Bancorp Inc. Class A,NYSE,Uncategorized
AMTD,"AMTD IDEA Group American Depositary Shares, each representing six (6) Class A Ordinary Shares",NYSE,Uncategorized
AMTM,"Amentum Holdings, Inc.",NYSE,Uncategorized
AMTX,"Aemetis, Inc",NASDAQ,Uncategorized
AMUB,"ETRACS Alerian MLP Index ETN Series B due July 18, 2042",NYSE ARCA,Uncategorized
AMUN,abrdn Ultra Short Municipal Income Active ETF,NASDAQ,Uncategorized
AMUU,Direxion Daily AMD Bull 2X Shares,NASDAQ,Uncategorized
AMWD,American Woodmark Corporation,NASDAQ,Uncategorized
AMWL,American Well Corporation Class A,NYSE,Uncategorized
AMX,"America Movil, S.A.B. de C.V. American Depositary Shares (each representing the right to receive twenty (20) Series B Shares",NYSE,Uncategorized
AMYY,GraniteShares YieldBOOST AMD ETF,NASDAQ,Uncategorized
AMZA,InfraCap MLP ETF,NYSE ARCA,Uncategorized
AMZD,Direxion Daily AMZN Bear 1X Shares,NASDAQ,Uncategorized
AMZE,"Amaze Holdings, Inc.",NYSE MKT,Uncategorized
AMZN,"Amazon.com, Inc.",NASDAQ,Uncategorized
AMZP,Kurv Yield Premium Strategy Amazon (AMZN) ETF,BATS,Uncategorized
AMZU,Direxion Daily AMZN Bull 2X Shares,NASDAQ,Uncategorized
AMZW,Roundhill AMZN WeeklyPay ETF,BATS,Uncategorized
AMZY,YieldMax AMZN Option Income Strategy ETF,NYSE ARCA,Uncategorized
AMZZ,GraniteShares 2x Long AMZN Daily ETF,NASDAQ,Uncategorized
AN,"AutoNation, Inc.",NYSE,Uncategorized
ANAB,"AnaptysBio, Inc.",NASDAQ,Uncategorized
ANDE,"The Andersons, Inc.",NASDAQ,Uncategorized
ANDG,Andersen Group Inc. Class A,NYSE,Uncategorized
ANEB,"Anebulo Pharmaceuticals, Inc.",NASDAQ,Uncategorized
ANEL,Defiance Daily Target 2x Long ANET ETF,NASDAQ,Uncategorized
ANET,"Arista Networks, Inc.",NYSE,Uncategorized
ANEW,ProShares MSCI Transformational Changes ETF,NYSE ARCA,Uncategorized
ANF,Abercrombie & Fitch Company,NYSE,Uncategorized
ANG$D,"American National Group Inc. Depositary Shares, each representing a 1/1000th interest in a share of 7.375% Fixed-Rate Non-Cumulative Preferred Stock, Series D",NYSE,Uncategorized
ANGH,Anghami Inc. - Ordinary Shares,NASDAQ,Uncategorized
ANGHW,Anghami Inc. - Warrants,NASDAQ,Uncategorized
ANGI,Angi Inc. - Class A,NASDAQ,Uncategorized
ANGL,VanEck Fallen Angel High Yield Bond ETF,NASDAQ,Uncategorized
ANGO,"AngioDynamics, Inc.",NASDAQ,Uncategorized
ANGX,"Angel Studios, Inc. Class A",NYSE,Uncategorized
ANIK,Anika Therapeutics Inc.,NASDAQ,Uncategorized
ANIP,"ANI Pharmaceuticals, Inc.",NASDAQ,Uncategorized
ANIX,"Anixa Biosciences, Inc.",NASDAQ,Uncategorized
ANL,Adlai Nortye Ltd. - American Depositary Shares,NASDAQ,Uncategorized
ANNA,"AleAnna, Inc. - Class A",NASDAQ,Uncategorized
ANNAW,"AleAnna, Inc. - Warrant",NASDAQ,Uncategorized
ANNX,"Annexon, Inc.",NASDAQ,Uncategorized
ANPA,Rich Sparkle Holdings Limited - Ordinary Shares,NASDAQ,Uncategorized
ANRO,"Alto Neuroscience, Inc.",NYSE,Uncategorized
ANSC,Agriculture & Natural Solutions Acquisition Corporation,NASDAQ,Uncategorized
ANSCU,Agriculture & Natural Solutions Acquisition Corporation,NASDAQ,Uncategorized
ANSCW,Agriculture & Natural Solutions Acquisition Corporation - Warrant,NASDAQ,Uncategorized
ANTA,Antalpha Platform Holding Company,NASDAQ,Uncategorized
ANTX,"AN2 Therapeutics, Inc.",NASDAQ,Uncategorized
ANV,GraniteShares Autocallable NVDA ETF,NASDAQ,Uncategorized
ANVS,"Annovis Bio, Inc.",NYSE,Uncategorized
ANY,Sphere 3D Corp. - Common Shares,NASDAQ,Uncategorized
AOA,iShares Core 80/20 Aggressive Allocation ETF,NYSE ARCA,Uncategorized
AOCT,Innovator Equity Defined Protection ETF - 2 Yr to October 2026,BATS,Uncategorized
AOD,abrdn Total Dynamic Dividend Fund Common Shares of Beneficial Interest,NYSE,Uncategorized
AOHY,Angel Oak High Yield Opportunities ETF,NASDAQ,Uncategorized
AOK,iShares Core 30/70 Conservative Allocation ETF,NYSE ARCA,Uncategorized
AOM,iShares Core 40/60 Moderate Allocation ETF,NYSE ARCA,Uncategorized
AOMD,"Angel Oak Mortgage REIT, Inc. 9.750% Senior Notes due 2030",NYSE,Uncategorized
AOMN,"Angel Oak Mortgage REIT, Inc. 9.500% Senior Notes due 2029",NYSE,Uncategorized
AOMR,"Angel Oak Mortgage REIT, Inc.",NYSE,Uncategorized
AON,Aon plc Class A Ordinary Shares (Ireland),NYSE,Uncategorized
AOR,iShares Core 60/40 Balanced Allocation ETF,NYSE ARCA,Uncategorized
AORT,"Artivion, Inc.",NYSE,Uncategorized
AOS,A.O. Smith Corporation,NYSE,Uncategorized
AOSL,Alpha and Omega Semiconductor Limited - Common Shares,NASDAQ,Uncategorized
AOTG,AOT Growth and Innovation ETF,NASDAQ,Uncategorized
AOTS,AOT Software Platform ETF,NYSE ARCA,Uncategorized
AOUT,"American Outdoor Brands, Inc.",NASDAQ,Uncategorized
AP,Ampco-Pittsburgh Corporation,NYSE,Uncategorized
APA,APA Corporation,NASDAQ,Uncategorized
APAC,StoneBridge Acquisition II Corporation,NASDAQ,Uncategorized
APACR,StoneBridge Acquisition II Corporation - Rights,NASDAQ,Uncategorized
APACU,StoneBridge Acquisition II Corporation,NASDAQ,Uncategorized
APAD,A Paradise Acquisition Corp.,NASDAQ,Uncategorized
APADR,A Paradise Acquisition Corp. - Rights,NASDAQ,Uncategorized
APADU,A Paradise Acquisition Corp.,NASDAQ,Uncategorized
APAM,Artisan Partners Asset Management Inc. Class A,NYSE,Uncategorized
APC,ARKO Petroleum Corp. - Class A,NASDAQ,Uncategorized
APCB,ActivePassive Core Bond ETF,NYSE ARCA,Uncategorized
APD,"Air Products and Chemicals, Inc.",NYSE,Uncategorized
APEI,"American Public Education, Inc.",NASDAQ,Uncategorized
APG,APi Group Corporation,NYSE,Uncategorized
APGE,"Apogee Therapeutics, Inc.",NASDAQ,Uncategorized
APH,Amphenol Corporation,NYSE,Uncategorized
APHU,T-REX 2X Long APH Daily Target ETF,BATS,Uncategorized
API,"Agora, Inc. - ADS",NASDAQ,Uncategorized
APIE,ActivePassive International Equity ETF,NYSE ARCA,Uncategorized
APLD,Applied Digital Corporation,NASDAQ,Uncategorized
APLE,"Apple Hospitality REIT, Inc. Common Shares",NYSE,Uncategorized
APLM,Apollomics Inc.,NASDAQ,Uncategorized
APLMW,Apollomics Inc. - Warrant,NASDAQ,Uncategorized
APLS,"Apellis Pharmaceuticals, Inc.",NASDAQ,Uncategorized
APLU,Allspring Core Plus ETF,NYSE ARCA,Uncategorized
APLX,Tradr 2X Long APLD Daily ETF,BATS,Uncategorized
APLY,YieldMax AAPL Option Income Strategy ETF,NYSE ARCA,Uncategorized
APLZ,Tradr 2X Short APLD Daily ETF,BATS,Uncategorized
APM,Aptorum Group Limited,NASDAQ,Uncategorized
APMU,ActivePassive Intermediate Municipal Bond ETF,NYSE ARCA,Uncategorized
APO,"Apollo Global Management, Inc. (New)",NYSE,Uncategorized
APO$A,"Apollo Global Management, Inc. 6.75% Series A Mandatory Convertible Preferred Stock",NYSE,Uncategorized
APOC,Innovator Equity Defined Protection ETF - 6mo Apr/Oct,BATS,Uncategorized
APOG,"Apogee Enterprises, Inc.",NASDAQ,Uncategorized
APOS,"Apollo Global Management, Inc. 7.625% Fixed-Rate Resettable Junior Subordinated Notes due 2053",NYSE,Uncategorized
APP,Applovin Corporation - Class A,NASDAQ,Uncategorized
APPF,"AppFolio, Inc. - Class A",NASDAQ,Uncategorized
APPN,Appian Corporation - Class A,NASDAQ,Uncategorized
APPS,"Digital Turbine, Inc.",NASDAQ,Uncategorized
APPX,Tradr 2X Long APP Daily ETF,NASDAQ,Uncategorized
APRB,Aptus April Buffer ETF,BATS,Uncategorized
APRE,"Aprea Therapeutics, Inc.",NASDAQ,Uncategorized
APRH,Innovator Premium Income 20 Barrier ETF - April,BATS,Uncategorized
APRJ,Innovator Premium Income 30 Barrier ETF - April,BATS,Uncategorized
APRP,PGIM S&P 500 Buffer 12 ETF - April,BATS,Uncategorized
APRT,AllianzIM U.S. Large Cap Buffer10 Apr ETF,BATS,Uncategorized
APRW,AllianzIM U.S. Large Cap Buffer20 Apr ETF,BATS,Uncategorized
APRZ,TrueShares Structured Outcome (April) ETF,BATS,Uncategorized
APT,"Alpha Pro Tech, Ltd.",NYSE MKT,Uncategorized
APTV,Aptiv PLC Ordinary Shares,NYSE,Uncategorized
APUE,ActivePassive U.S. Equity ETF,NYSE ARCA,Uncategorized
APUS,"Apimeds Pharmaceuticals US, Inc.",NYSE MKT,Uncategorized
APVO,Aptevo Therapeutics Inc.,NASDAQ,Uncategorized
APWC,"Asia Pacific Wire & Cable Corporation Limited  - Common shares, Par value .01 per share",NASDAQ,Uncategorized
APXM,FT Vest U.S. Equity Max Buffer ETF - April,BATS,Uncategorized
APXT,Apex Treasury Corporation,NASDAQ,Uncategorized
APXTU,Apex Treasury Corporation,NASDAQ,Uncategorized
APXTW,Apex Treasury Corporation - Warrants,NASDAQ,Uncategorized
APYX,Apyx Medical Corporation,NASDAQ,Uncategorized
AQB,"AquaBounty Technologies, Inc.",NASDAQ,Uncategorized
AQEC,AQE Core ETF,BATS,Uncategorized
AQLT,iShares MSCI Global Quality Factor ETF,BATS,Uncategorized
AQMS,"Aqua Metals, Inc.",NASDAQ,Uncategorized
AQN,Algonquin Power & Utilities Corp. Common Shares,NYSE,Uncategorized
AQNB,"Algonquin Power & Utilities Corp. 6.20% Fixed-to-Floating Subordinated Notes Series 2019-A due July 1, 2079",NYSE,Uncategorized
AQST,"Aquestive Therapeutics, Inc.",NASDAQ,Uncategorized
AQWA,Global X Clean Water ETF,NASDAQ,Uncategorized
AR,Antero Resources Corporation,NYSE,Uncategorized
ARAI,Arrive AI Inc.,NASDAQ,Uncategorized
ARAY,Accuray Incorporated,NASDAQ,Uncategorized
ARB,AltShares Merger Arbitrage ETF,NYSE ARCA,Uncategorized
ARBB,ARB IOT Group Limited - Ordinary Shares,NASDAQ,Uncategorized
ARBE,Arbe Robotics Ltd. - Ordinary Shares,NASDAQ,Uncategorized
ARBEW,Arbe Robotics Ltd. - Warrant,NASDAQ,Uncategorized
ARBK,Argo Blockchain plc - American Depositary Shares,NASDAQ,Uncategorized
ARCB,ArcBest Corporation,NASDAQ,Uncategorized
ARCC,Ares Capital Corporation - Closed End Fund,NASDAQ,Uncategorized
ARCIU,Archimedes Tech SPAC Partners III Co.,NASDAQ,Uncategorized
ARCM,Arrow Reserve Capital Management ETF,BATS,Uncategorized
ARCO,Arcos Dorados Holdings Inc. Class A Shares,NYSE,Uncategorized
ARCT,Arcturus Therapeutics Holdings Inc.,NASDAQ,Uncategorized
ARCX,Tradr 2X Long ACHR Daily ETF,BATS,Uncategorized
ARDC,"Ares Dynamic Credit Allocation Fund, Inc. Common Shares",NYSE,Uncategorized
ARDT,"Ardent Health, Inc.",NYSE,Uncategorized
ARDX,"Ardelyx, Inc.",NASDAQ,Uncategorized
ARE,"Alexandria Real Estate Equities, Inc.",NYSE,Uncategorized
AREB,"American Rebel Holdings, Inc.",NASDAQ,Uncategorized
AREBW,"American Rebel Holdings, Inc. - warrants",NASDAQ,Uncategorized
AREC,American Resources Corporation - Class A,NASDAQ,Uncategorized
AREN,"The Arena Group Holdings, Inc.",NYSE MKT,Uncategorized
ARES,Ares Management Corporation Class A,NYSE,Uncategorized
ARES$B,Ares Management Corporation 6.75% Series B Mandatory Convertible Preferred Stock,NYSE,Uncategorized
ARGT,Global X MSCI Argentina ETF,NYSE ARCA,Uncategorized
ARGX,argenx SE - American Depositary Shares,NASDAQ,Uncategorized
ARHS,"Arhaus, Inc. - Class A",NASDAQ,Uncategorized
ARI,"Apollo Commercial Real Estate Finance, Inc",NYSE,Uncategorized
ARIS,Aris Mining Corporation Common Shares,NYSE,Uncategorized
ARKB,ARK 21Shares Bitcoin ETF,BATS,Uncategorized
ARKD,ARK DIET Q1 Buffer ETF,BATS,Uncategorized
ARKF,ARK Blockchain & Fintech Innovation ETF,BATS,Uncategorized
ARKG,ARK Genomic Revolution ETF,BATS,Uncategorized
ARKK,ARK Innovation ETF,BATS,Uncategorized
ARKO,ARKO Corp.,NASDAQ,Uncategorized
ARKQ,ARK Autonomous Technology & Robotics ETF,BATS,Uncategorized
ARKR,Ark Restaurants Corp.,NASDAQ,Uncategorized
ARKT,ARK DIET Q4 Buffer ETF,BATS,Uncategorized
ARKW,ARK Next Generation Internet ETF,BATS,Uncategorized
ARKX,ARK Space & Defense Innovation ETF,BATS,Uncategorized
ARL,"American Realty Investors, Inc.",NYSE,Uncategorized
ARLO,"Arlo Technologies, Inc.",NYSE,Uncategorized
ARLP,"Alliance Resource Partners, L.P. - Common Units Representing Limited Partnership Interests",NASDAQ,Uncategorized
ARLU,AllianzIM U.S. Equity Buffer15 Uncapped Apr ETF,BATS,Uncategorized
ARM,Arm Holdings plc - American Depositary Shares,NASDAQ,Uncategorized
ARMG,Leverage Shares 2X Long ARM Daily ETF,NASDAQ,Uncategorized
ARMH,Arm Holdings PLC ADRhedged,NYSE ARCA,Uncategorized
ARMK,Aramark,NYSE,Uncategorized
ARMP,"Armata Pharmaceuticals, Inc.",NYSE MKT,Uncategorized
ARMU,T-REX 2X Long ARM Daily Target ETF,BATS,Uncategorized
ARMW,Roundhill ARM WeeklyPay ETF,BATS,Uncategorized
AROC,"Archrock, Inc.",NYSE,Uncategorized
AROW,Arrow Financial Corporation,NASDAQ,Uncategorized
ARP,PMV Adaptive Risk Parity ETF,NYSE ARCA,Uncategorized
ARQ,"Arq, Inc.",NASDAQ,Uncategorized
ARQQ,Arqit Quantum Inc. - Ordinary Shares,NASDAQ,Uncategorized
ARQQW,Arqit Quantum Inc. - Warrants,NASDAQ,Uncategorized
ARQT,"Arcutis Biotherapeutics, Inc.",NASDAQ,Uncategorized
ARR,"ARMOUR Residential REIT, Inc.",NYSE,Uncategorized
ARR$C,"ARMOUR Residential REIT, Inc. 7% Series C Cumulative Redeemable Preferred Stock (liquidation preference $25.00 per share)",NYSE,Uncategorized
ARRY,"Array Technologies, Inc.",NASDAQ,Uncategorized
ARTC,Art Technology Acquisition Corp.,NASDAQ,Uncategorized
ARTCU,Art Technology Acquisition Corp.,NASDAQ,Uncategorized
ARTCW,Art Technology Acquisition Corp. - Warrants,NASDAQ,Uncategorized
ARTL,"Artelo Biosciences, Inc.",NASDAQ,Uncategorized
ARTNA,Artesian Resources Corporation,NASDAQ,Uncategorized
ARTV,"Artiva Biotherapeutics, Inc.",NASDAQ,Uncategorized
ARTW,"Art's-Way Manufacturing Co., Inc.",NASDAQ,Uncategorized
ARTY,iShares Future AI & Tech ETF,NYSE ARCA,Uncategorized
ARVN,"Arvinas, Inc.",NASDAQ,Uncategorized
ARVR,First Trust Indxx Metaverse ETF,NASDAQ,Uncategorized
ARW,"Arrow Electronics, Inc.",NYSE,Uncategorized
ARWG,Archer Growth ETF,BATS,Uncategorized
ARWR,"Arrowhead Pharmaceuticals, Inc.",NASDAQ,Uncategorized
ARX,Accelerant Holdings Class A Common Shares,NYSE,Uncategorized
AS,"Amer Sports, Inc. Ordinary Shares",NYSE,Uncategorized
ASA,ASA  Gold and Precious Metals Limited,NYSE,Uncategorized
ASAN,"Asana, Inc. Class A",NYSE,Uncategorized
ASB,Associated Banc-Corp,NYSE,Uncategorized
ASB$E,"Associated Banc-Corp Depositary Shares, each representing a 1/40th interest in a share of 5.875% Non-Cumulative Perpetual Preferred Stock, Series E",NYSE,Uncategorized
ASB$F,"Associated Banc-Corp Depositary Shares, each representing a 1/40th interest in a share of Associated Banc-Corp 5.625% Non-Cumulative Perpetual Preferred Stock, Series F",NYSE,Uncategorized
ASBA,Associated Banc-Corp 6.625% Fixed-Rate Reset Subordinated Notes due 2033,NYSE,Uncategorized
ASBP,"Aspire Biopharma Holdings, Inc.",NASDAQ,Uncategorized
ASBPW,"Aspire Biopharma Holdings, Inc.  - Warrant",NASDAQ,Uncategorized
ASC,Ardmore Shipping Corporation,NYSE,Uncategorized
ASCE,Allspring SMID Core ETF,NYSE ARCA,Uncategorized
ASCI,abrdn International Small Cap Active ETF,NASDAQ,Uncategorized
ASEA,Global X FTSE Southeast Asia ETF,NYSE ARCA,Uncategorized
ASG,"Liberty All-Star Growth Fund, Inc.",NYSE,Uncategorized
ASGI,abrdn Global Infrastructure Income Fund Common Shares of Beneficial Interest,NYSE,Uncategorized
ASGM,Virtus AlphaSimplex Global Macro ETF,NYSE ARCA,Uncategorized
ASGN,ASGN Incorporated,NYSE,Uncategorized
ASH,Ashland Inc.,NYSE,Uncategorized
ASHR,Xtrackers Harvest CSI 300 China A-Shares ETF,NYSE ARCA,Uncategorized
ASHS,Xtrackers Harvest CSI 500 China A-Shares Small Cap ETF,NYSE ARCA,Uncategorized
ASIA,Matthews Pacific Tiger Active ETF,NYSE ARCA,Uncategorized
ASIC,Ategrity Specialty Insurance Company Holdings,NYSE,Uncategorized
ASIX,AdvanSix Inc.,NYSE,Uncategorized
ASLE,AerSale Corporation,NASDAQ,Uncategorized
ASLV,Allspring Special Large Value ETF,NYSE ARCA,Uncategorized
ASM,Avino Silver & Gold Mines Ltd. Common Shares (Canada),NYSE MKT,Uncategorized
ASMB,"Assembly Biosciences, Inc.",NASDAQ,Uncategorized
ASMF,Virtus AlphaSimplex Managed Futures ETF,NYSE ARCA,Uncategorized
ASMG,Leverage Shares 2X Long ASML Daily ETF,NASDAQ,Uncategorized
ASMH,ASML Holding NV ADRhedged,NYSE ARCA,Uncategorized
ASML,ASML Holding N.V. - New York Registry Shares,NASDAQ,Uncategorized
ASMU,Direxion Daily ASML Bull 2X ETF,NASDAQ,Uncategorized
ASND,Ascendis Pharma A/S - American Depositary Shares,NASDAQ,Uncategorized
ASNS,"Actelis Networks, Inc.",NASDAQ,Uncategorized
ASO,"Academy Sports and Outdoors, Inc.",NASDAQ,Uncategorized
ASPC,A SPAC III Acquisition Corp.,NASDAQ,Uncategorized
ASPCR,A SPAC III Acquisition Corp. - Right,NASDAQ,Uncategorized
ASPCU,A SPAC III Acquisition Corp.,NASDAQ,Uncategorized
ASPI,ASP Isotopes Inc.,NASDAQ,Uncategorized
ASPN,"Aspen Aerogels, Inc.",NYSE,Uncategorized
ASPS,Altisource Portfolio Solutions S.A.,NASDAQ,Uncategorized
ASPSW,Altisource Portfolio Solutions S.A. - Net Settle Stakeholder Warrants,NASDAQ,Uncategorized
ASPSZ,Altisource Portfolio Solutions S.A. - Cash Exercise Stakeholder Warrants,NASDAQ,Uncategorized
ASR,"Grupo Aeroportuario del Sureste, S.A. de C.V.",NYSE,Uncategorized
ASRT,"Assertio Holdings, Inc.",NASDAQ,Uncategorized
ASRV,AmeriServ Financial Inc.,NASDAQ,Uncategorized
ASST,"Strive, Inc. - Class A",NASDAQ,Uncategorized
ASTC,Astrotech Corporation,NASDAQ,Uncategorized
ASTE,"Astec Industries, Inc.",NASDAQ,Uncategorized
ASTH,Astrana Health Inc.,NASDAQ,Uncategorized
ASTI,"Ascent Solar Technologies, Inc",NASDAQ,Uncategorized
ASTL,Algoma Steel Group Inc. - Common Shares,NASDAQ,Uncategorized
ASTLW,Algoma Steel Group Inc. - Warrant,NASDAQ,Uncategorized
ASTN,Defiance Daily Target 2X Short ASTS ETF,BATS,Uncategorized
ASTS,"AST SpaceMobile, Inc. - Class A",NASDAQ,Uncategorized
ASTX,Tradr 2X Long ASTS Daily ETF,BATS,Uncategorized
ASUR,Asure Software Inc,NASDAQ,Uncategorized
ASX,"ASE Technology Holding Co., Ltd. American Depositary Shares (each representing Two Common Shares)",NYSE,Uncategorized
ASYS,"Amtech Systems, Inc.",NASDAQ,Uncategorized
ATAI,AtaiBeckley Inc.,NASDAQ,Uncategorized
ATAT,Atour Lifestyle Holdings Limited - American Depositary Shares,NASDAQ,Uncategorized
ATCH,"AtlasClear Holdings, Inc.",NYSE MKT,Uncategorized
ATCL,REX Autocallable Income ETF,NYSE ARCA,Uncategorized
ATCX,Atlas Critical Minerals Corporation,NASDAQ,Uncategorized
ATEC,"Alphatec Holdings, Inc.",NASDAQ,Uncategorized
ATEN,"A10 Networks, Inc.",NYSE,Uncategorized
ATER,"Aterian, Inc.",NASDAQ,Uncategorized
ATEX,Anterix Inc.,NASDAQ,Uncategorized
ATFV,Alger 35 ETF,NYSE ARCA,Uncategorized
ATGL,Alpha Technology Group Limited,NASDAQ,Uncategorized
ATH$A,"Athene Holding Ltd. Depositary Shares, Each Representing a 1/1,000th Interest in a 6.35% Fixed-to-Floating Rate Perpetual Non-Cumulative Preference Share, Series A",NYSE,Uncategorized
ATH$B,"Athene Holding Ltd. Depositary Shares, Each Representing a 1/1,000th Interest in a 5.625% Fixed Rate Perpetual Non- Cumulative Preference Share, Series B, par value $1.00 per share",NYSE,Uncategorized
ATH$D,"Athene Holding Ltd. Depositary Shares, Each Representing a 1/1,000th Interest in a 4.875% Fixed-Rate Perpetual Non-Cumulative Preference Share, Series D",NYSE,Uncategorized
ATH$E,"Athene Holding Ltd. Depositary Shares, Each Representing a 1/1,000th Interest in a 7.750% Fixed-Rate Reset Perpetual Non-Cumulative Preference Share, Series E",NYSE,Uncategorized
ATHE,Alterity Therapeutics Limited - American Depositary Shares,NASDAQ,Uncategorized
ATHM,"Autohome Inc. American Depositary Shares, each representing four class A ordinary shares.",NYSE,Uncategorized
ATHR,"Aether Holdings, Inc.",NASDAQ,Uncategorized
ATHS,Athene Holding Ltd. 7.250% Fixed-Rate Reset Junior Subordinated Debentures due 2064,NYSE,Uncategorized
ATI,ATI Inc.,NYSE,Uncategorized
ATII,Archimedes Tech SPAC Partners II Co. - Ordinary Shares,NASDAQ,Uncategorized
ATIIU,Archimedes Tech SPAC Partners II Co.,NASDAQ,Uncategorized
ATIIW,Archimedes Tech SPAC Partners II Co. - Warrant,NASDAQ,Uncategorized
ATKR,Atkore Inc.,NYSE,Uncategorized
ATLC,Atlanticus Holdings Corporation,NASDAQ,Uncategorized
ATLCL,Atlanticus Holdings Corporation - 6.125% Senior Notes due 2026,NASDAQ,Uncategorized
ATLCP,"Atlanticus Holdings Corporation - 7.625% Series B Cumulative Perpetual Preferred Stock, no par value per share",NASDAQ,Uncategorized
ATLCZ,Atlanticus Holdings Corporation - 9.25% Senior Notes due 2029,NASDAQ,Uncategorized
ATLN,Atlantic International Corp.,NASDAQ,Uncategorized
ATLO,Ames National Corporation,NASDAQ,Uncategorized
ATLX,Atlas Lithium Corporation,NASDAQ,Uncategorized
ATMP,iPath Select MLP ETN,BATS,Uncategorized
ATMU,Atmus Filtration Technologies Inc.,NYSE,Uncategorized
ATNI,"ATN International, Inc.",NASDAQ,Uncategorized
ATNM,"Actinium Pharmaceuticals, Inc. (Delaware)",NYSE MKT,Uncategorized
ATO,Atmos Energy Corporation,NYSE,Uncategorized
ATOM,Atomera Incorporated,NASDAQ,Uncategorized
ATON,AlphaTON Capital Corp.,NASDAQ,Uncategorized
ATOS,"Atossa Therapeutics, Inc.",NASDAQ,Uncategorized
ATPC,Agape ATP Corporation,NASDAQ,Uncategorized
ATR,"AptarGroup, Inc.",NYSE,Uncategorized
ATRA,"Atara Biotherapeutics, Inc.",NASDAQ,Uncategorized
ATRC,"AtriCure, Inc.",NASDAQ,Uncategorized
ATRO,Astronics Corporation,NASDAQ,Uncategorized
ATS,ATS Corporation Common Shares,NYSE,Uncategorized
ATTR,Arin Tactical Tail Risk ETF,BATS,Uncategorized
ATXG,Addentax Group Corp.,NASDAQ,Uncategorized
ATYR,"aTyr Pharma, Inc.",NASDAQ,Uncategorized
AU,AngloGold Ashanti PLC Ordinary Shares,NYSE,Uncategorized
AUAU,Global X Gold Miners ETF,NYSE ARCA,Uncategorized
AUB,Atlantic Union Bankshares Corporation,NYSE,Uncategorized
AUB$A,"Atlantic Union Bankshares Corporation Depositary Shares each representing a 1/400th ownership interest in a share of 6.875% Perpetual Non-Cumulative Preferred Stock, Series A",NYSE,Uncategorized
AUBN,"Auburn National Bancorporation, Inc.",NASDAQ,Uncategorized
AUDC,AudioCodes Ltd. - Ordinary Shares,NASDAQ,Uncategorized
AUGM,FT Vest U.S. Equity Max Buffer ETF - August,BATS,Uncategorized
AUGO,Aura Minerals Inc. - Common Shares,NASDAQ,Uncategorized
AUGP,PGIM S&P 500 Buffer 12 ETF - August,BATS,Uncategorized
AUGT,AllianzIM U.S. Large Cap Buffer10 Aug ETF,BATS,Uncategorized
AUGU,AllianzIM U.S. Equity Buffer15 Uncapped Aug ETF,BATS,Uncategorized
AUGW,AllianzIM U.S. Large Cap Buffer20 Aug ETF,BATS,Uncategorized
AUGZ,TrueShares Structured Outcome (August) ETF,BATS,Uncategorized
AUID,authID Inc.,NASDAQ,Uncategorized
AUMI,Themes Gold Miners ETF,NASDAQ,Uncategorized
AUNA,Auna SA Class A Ordinary Shares,NYSE,Uncategorized
AUPH,Aurinia Pharmaceuticals Inc - Common Shares,NASDAQ,Uncategorized
AUR,"Aurora Innovation, Inc.  - Class A",NASDAQ,Uncategorized
AURA,"Aura Biosciences, Inc.",NASDAQ,Uncategorized
AURE,Aurelion Inc.,NASDAQ,Uncategorized
AUROW,"Aurora Innovation, Inc.  - Warrant",NASDAQ,Uncategorized
AUSF,Global X Adaptive U.S. Factor ETF,NYSE ARCA,Uncategorized
AUSM,Allspring Ultra Short Municipal ETF,NYSE ARCA,Uncategorized
AUST,Austin Gold Corp. Common Shares,NYSE MKT,Uncategorized
AUTL,Autolus Therapeutics plc - American Depositary Shares,NASDAQ,Uncategorized
AUUD,Auddia Inc.,NASDAQ,Uncategorized
AVA,Avista Corporation,NYSE,Uncategorized
AVAH,Aveanna Healthcare Holdings Inc.,NASDAQ,Uncategorized
AVAL,Grupo Aval Acciones y Valores S.A. ADR (Each representing 20 preferred shares),NYSE,Uncategorized
AVAV,"AeroVironment, Inc.",NASDAQ,Uncategorized
AVB,"AvalonBay Communities, Inc.",NYSE,Uncategorized
AVBC,"Avidia Bancorp, Inc.",NYSE,Uncategorized
AVBH,"Avidbank Holdings, Inc.",NASDAQ,Uncategorized
AVBP,"ArriVent BioPharma, Inc.",NASDAQ,Uncategorized
AVD,American Vanguard Corporation Common Stock ($0.10 Par Value),NYSE,Uncategorized
AVDE,Avantis International Equity ETF,NYSE ARCA,Uncategorized
AVDS,Avantis International Small Cap Equity ETF,NYSE ARCA,Uncategorized
AVDV,Avantis International Small Cap Value ETF,NYSE ARCA,Uncategorized
AVEE,Avantis Emerging Markets Small Cap Equity ETF,NYSE ARCA,Uncategorized
AVEM,Avantis Emerging Markets Equity ETF,NYSE ARCA,Uncategorized
AVES,Avantis Emerging Markets Value ETF,NYSE ARCA,Uncategorized
AVGB,Avantis Credit ETF,NASDAQ,Uncategorized
AVGE,Avantis All Equity Markets ETF,NYSE ARCA,Uncategorized
AVGG,Leverage Shares 2X Long AVGO Daily ETF,NASDAQ,Uncategorized
AVGO,Broadcom Inc.,NASDAQ,Uncategorized
AVGU,GraniteShares 2x Long AVGO Daily ETF,NASDAQ,Uncategorized
AVGV,Avantis All Equity Markets Value ETF,NYSE ARCA,Uncategorized
AVGW,Roundhill AVGO WeeklyPay ETF,BATS,Uncategorized
AVGX,Defiance Daily Target 2X Long AVGO ETF,NASDAQ,Uncategorized
AVIE,Avantis Inflation Focused Equity ETF,NYSE ARCA,Uncategorized
AVIG,Avantis Core Fixed Income ETF,NYSE ARCA,Uncategorized
AVIR,"Atea Pharmaceuticals, Inc.",NASDAQ,Uncategorized
AVIV,Avantis International Large Cap Value ETF,NYSE ARCA,Uncategorized
AVK,Advent Convertible and Income Fund,NYSE,Uncategorized
AVL,Direxion Daily AVGO Bull 2X Shares,NASDAQ,Uncategorized
AVLC,Avantis U.S. Large Cap Equity ETF,NYSE ARCA,Uncategorized
AVLV,Avantis U.S. Large Cap Value ETF,NYSE ARCA,Uncategorized
AVMA,Avantis Moderate Allocation ETF,NYSE ARCA,Uncategorized
AVMC,Avantis U.S. Mid Cap Equity ETF,NYSE ARCA,Uncategorized
AVMU,Avantis Core Municipal Fixed Income ETF,NYSE ARCA,Uncategorized
AVMV,Avantis U.S. Mid Cap Value ETF,NYSE ARCA,Uncategorized
AVNM,Avantis All International Markets Equity ETF,NYSE ARCA,Uncategorized
AVNS,"Avanos Medical, Inc.",NYSE,Uncategorized
AVNT,Avient Corporation,NYSE,Uncategorized
AVNV,Avantis All International Markets Value ETF,NYSE ARCA,Uncategorized
AVNW,"Aviat Networks, Inc.",NASDAQ,Uncategorized
AVO,"Mission Produce, Inc.",NASDAQ,Uncategorized
AVPT,"AvePoint, Inc. - Class A",NASDAQ,Uncategorized
AVR,Anteris Technologies Global Corp.,NASDAQ,Uncategorized
AVRE,Avantis Real Estate ETF,NYSE ARCA,Uncategorized
AVRY,Avory Foundational ETF,BATS,Uncategorized
AVS,Direxion Daily AVGO Bear 1X Shares,NASDAQ,Uncategorized
AVSC,Avantis U.S Small Cap Equity ETF,NYSE ARCA,Uncategorized
AVSD,Avantis Responsible International Equity ETF,NYSE ARCA,Uncategorized
AVSE,Avantis Responsible Emerging Markets Equity ETF,NYSE ARCA,Uncategorized
AVSF,Avantis Short-Term Fixed Income ETF,NYSE ARCA,Uncategorized
AVSU,Avantis Responsible U.S. Equity ETF,NYSE ARCA,Uncategorized
AVT,"Avnet, Inc.",NASDAQ,Uncategorized
AVTM,Avantis Total Equity Markets ETF,NYSE ARCA,Uncategorized
AVTR,"Avantor, Inc.",NYSE,Uncategorized
AVTX,"Avalo Therapeutics, Inc.",NASDAQ,Uncategorized
AVUQ,Avantis U.S. Quality ETF,NASDAQ,Uncategorized
AVUS,Avantis U.S. Equity ETF,NYSE ARCA,Uncategorized
AVUV,Avantis U.S. Small Cap Value ETF,NYSE ARCA,Uncategorized
AVX,Avax One Technology Ltd. - Common Shares,NASDAQ,Uncategorized
AVXC,Avantis Emerging Markets ex-China Equity ETF,NASDAQ,Uncategorized
AVXL,Anavex Life Sciences Corp.,NASDAQ,Uncategorized
AVXX,Defiance Daily Target 2x Long AVAV ETF,NASDAQ,Uncategorized
AVY,Avery Dennison Corporation,NYSE,Uncategorized
AWAY,Amplify Travel Tech ETF,NYSE ARCA,Uncategorized
AWF,Alliancebernstein Global High Income Fund,NYSE,Uncategorized
AWI,Armstrong World Industries Inc,NYSE,Uncategorized
AWK,"American Water Works Company, Inc.",NYSE,Uncategorized
AWP,abrdn Global Premier Properties Fund Common Shares of Beneficial Interest,NYSE,Uncategorized
AWR,American States Water Company,NYSE,Uncategorized
AWRE,"Aware, Inc.",NASDAQ,Uncategorized
AWX,Avalon Holdings Corporation,NYSE MKT,Uncategorized
AX,"Axos Financial, Inc.",NYSE,Uncategorized
AXG,Solowin Holdings,NASDAQ,Uncategorized
AXGN,"Axogen, Inc.",NASDAQ,Uncategorized
AXIA,AXIA Energia American Depositary Shares (Each representing one Common Share),NYSE,Uncategorized
AXIA$,AXIA Energia AXIA Energia American Depositary Shares (Each representing one Preferred Class B1 Share),NYSE,Uncategorized
AXIA$C,"AXIA Energia American Depositary Shares, each representing one Preferred Class C Share",NYSE,Uncategorized
AXIL,"AXIL Brands, Inc.",NYSE MKT,Uncategorized
AXIN,Axiom Intelligence Acquisition Corp 1,NASDAQ,Uncategorized
AXINR,Axiom Intelligence Acquisition Corp 1 - Right,NASDAQ,Uncategorized
AXINU,Axiom Intelligence Acquisition Corp 1,NASDAQ,Uncategorized
AXON,"Axon Enterprise, Inc.",NASDAQ,Uncategorized
AXP,American Express Company,NYSE,Uncategorized
AXPG,Leverage Shares 2x Long AXP Daily ETF,NASDAQ,Uncategorized
AXR,AMREP Corporation,NYSE,Uncategorized
AXS,Axis Capital Holdings Limited,NYSE,Uncategorized
AXS$E,"Axis Capital Holdings Limited Depositary Shares, each representing 1/100th interest in a share of a 5.50% Series E Preferred Shares",NYSE,Uncategorized
AXSM,"Axsome Therapeutics, Inc.",NASDAQ,Uncategorized
AXTA,Axalta Coating Systems Ltd. Common Shares,NYSE,Uncategorized
AXTI,AXT Inc,NASDAQ,Uncategorized
AXUP,T-REX 2X Long AXON Daily Target ETF,BATS,Uncategorized
AYI,Acuity Inc.,NYSE,Uncategorized
AYTU,"Aytu BioPharma, Inc.",NASDAQ,Uncategorized
AZ,A2Z Cust2Mate Solutions Corp. - Common Shares,NASDAQ,Uncategorized
AZI,Autozi Internet Technology (Global) Ltd.,NASDAQ,Uncategorized
AZN,AstraZeneca PLC Ordinary Shares,NYSE,Uncategorized
AZO,"AutoZone, Inc.",NYSE,Uncategorized
AZTA,"Azenta, Inc.",NASDAQ,Uncategorized
AZTD,Aztlan Global Stock Selection DM SMID ETF,NYSE ARCA,Uncategorized
AZTR,Azitra Inc,NYSE MKT,Uncategorized
AZYY,GraniteShares YieldBoost AMZN ETF,NASDAQ,Uncategorized
AZZ,AZZ Inc.,NYSE,Uncategorized
B,Barrick Mining Corporation Common Shares,NYSE,Uncategorized
BA,Boeing Company (The),NYSE,Uncategorized
BA$A,"Boeing Company (The) Depositary Shares, each representing a 1/20th interest in a share of 6.00% Series A Mandatory Convertible Preferred Stock, par value $1.00",NYSE,Uncategorized
BAB,Invesco Taxable Municipal Bond ETF,NYSE ARCA,Uncategorized
BABA,Alibaba Group Holding Limited American Depositary Shares each representing eight Ordinary share,NYSE,Uncategorized
BABO,YieldMax BABA Option Income Strategy ETF,NYSE ARCA,Uncategorized
BABU,Direxion Daily BABA Bull 2X ETF,NASDAQ,Uncategorized
BABW,Roundhill BABA WeeklyPay ETF,BATS,Uncategorized
BABX,GraniteShares 2x Long BABA Daily ETF,NASDAQ,Uncategorized
BAC,Bank of America Corporation,NYSE,Uncategorized
BAC$B,"Bank of America Corporation Depositary Shares, each representing a 1/1,000th interest in a share of 6.000% Non-Cumulative Preferred Stock, Series GG",NYSE,Uncategorized
BAC$E,Bank of America Corporation Depositary Sh repstg 1/1000th Perp Pfd Ser E,NYSE,Uncategorized
BAC$K,"Bank of America Corporation Depositary Shares, each representing a 1/1,000th interest in a share of 5.875% Non- Cumulative Preferred Stock, Series HH",NYSE,Uncategorized
BAC$L,Bank of America Corporation Non Cumulative Perpetual Conv Pfd Ser L,NYSE,Uncategorized
BAC$M,"Bank of America Corporation Depositary Shares, each representing a 1/1,000th interest in a share of 5.375% Non-Cumulative Preferred Stock, Series KK",NYSE,Uncategorized
BAC$N,"Bank of America Corporation Depositary shares, each representing 1/1,000th interest in a share of 5.000% Non-Cumulative Preferred Stock, Series LL",NYSE,Uncategorized
BAC$O,"Bank of America Corporation Depositary shares, each representing 1/1,000th interest in a share of 4.375% Non-Cumulative Preferred Stock, Series NN",NYSE,Uncategorized
BAC$P,"Bank of America Corporation Depositary Shares, each representing a 1/1,000th interest in a share of 4.125% Non-Cumulative Preferred Stock, Series PP",NYSE,Uncategorized
BAC$Q,"Bank of America Corporation Depositary shares, each representing 1/1,000th interest in a share of 4.250% Non-Cumulative Preferred Stock, Series QQ",NYSE,Uncategorized
BAC$S,"Bank of America Corporation Depositary shares, each representing 1/1,000th interest in a share of 4.750% Non-Cumulative Preferred Stock, Series SS",NYSE,Uncategorized
BACC,Blue Acquisition Corp.,NASDAQ,Uncategorized
BACCR,Blue Acquisition Corp. - Right,NASDAQ,Uncategorized
BACCU,Blue Acquisition Corp.,NASDAQ,Uncategorized
BACQ,Inflection Point Acquisition Corp. IV,NASDAQ,Uncategorized
BACQR,Inflection Point Acquisition Corp. IV - Right,NASDAQ,Uncategorized
BACQU,Inflection Point Acquisition Corp. IV,NASDAQ,Uncategorized
BAER,"Bridger Aerospace Group Holdings, Inc.",NASDAQ,Uncategorized
BAERW,"Bridger Aerospace Group Holdings, Inc. - Warrant",NASDAQ,Uncategorized
BAFE,Brown Advisory Flexible Equity ETF,NASDAQ,Uncategorized
BAFN,BayFirst Financial Corp.,NASDAQ,Uncategorized
BAGY,Amplify Bitcoin Max Income Covered Call ETF,BATS,Uncategorized
BAH,Booz Allen Hamilton Holding Corporation,NYSE,Uncategorized
BAI,iShares A.I. Innovation and Tech Active ETF,NYSE ARCA,Uncategorized
BAIG,Leverage Shares 2X Long BBAI Daily ETF,NASDAQ,Uncategorized
BAIV,Brown Advisory International Value Select ETF,NASDAQ,Uncategorized
BAK,Braskem SA ADR,NYSE,Uncategorized
BALI,iShares U.S. Large Cap Premium Income Active ETF,BATS,Uncategorized
BALL,Ball Corporation,NYSE,Uncategorized
BALQ,iShares Nasdaq Premium Income Active ETF,NASDAQ,Uncategorized
BALT,Innovator Defined Wealth Shield ETF,BATS,Uncategorized
BALY,Bally's Corporation,NYSE,Uncategorized
BAM,Brookfield Asset Management Inc Class A Limited Voting Shares,NYSE,Uncategorized
BAMA,Brookstone Active ETF,BATS,Uncategorized
BAMB,Brookstone Intermediate Bond ETF,BATS,Uncategorized
BAMD,Brookstone Dividend Stock ETF,BATS,Uncategorized
BAMG,Brookstone Growth Stock ETF,BATS,Uncategorized
BAMO,Brookstone Opportunities ETF,BATS,Uncategorized
BAMU,Brookstone Ultra-Short Bond ETF,BATS,Uncategorized
BAMV,Brookstone Value Stock ETF,BATS,Uncategorized
BAMY,Brookstone Yield ETF,BATS,Uncategorized
BANC,"Banc of California, Inc.",NYSE,Uncategorized
BANC$F,"Banc of California, Inc. Depositary Shares, each representing a 1/40th interest in a share of 7.75% non-cumulative perpetual preferred stock, Series F",NYSE,Uncategorized
BAND,Bandwidth Inc. - Class A,NASDAQ,Uncategorized
BANF,BancFirst Corporation,NASDAQ,Uncategorized
BANFP,BancFirst Corporation - 7.2% Cumulative Trust Preferred Securities,NASDAQ,Uncategorized
BANL,CBL International Limited,NASDAQ,Uncategorized
BANR,Banner Corporation,NASDAQ,Uncategorized
BANX,ArrowMark Financial Corp. - Closed End Fund,NASDAQ,Uncategorized
BAOS,Baosheng Media Group Holdings Limited - Ordinary shares,NASDAQ,Uncategorized
BAP,Credicorp Ltd.,NYSE,Uncategorized
BAPR,Innovator U.S. Equity Buffer ETF - April,BATS,Uncategorized
BAR,GraniteShares Gold Trust Shares of Beneficial Interest,NYSE ARCA,Uncategorized
BARK,"BARK, Inc. Class A",NYSE,Uncategorized
BASG,Brown Advisory Sustainable Growth ETF,NASDAQ,Uncategorized
BASV,Brown Advisory Sustainable Value ETF,NASDAQ,Uncategorized
BATL,Battalion Oil Corporation,NYSE MKT,Uncategorized
BATRA,"Atlanta Braves Holdings, Inc. - Series A",NASDAQ,Uncategorized
BATRK,"Atlanta Braves Holdings, Inc. - Series C",NASDAQ,Uncategorized
BATT,Amplify Lithium & Battery Technology ETF,NYSE ARCA,Uncategorized
BAUG,Innovator U.S. Equity Buffer ETF - August,BATS,Uncategorized
BAX,Baxter International Inc.,NYSE,Uncategorized
BAYA,Bayview Acquisition Corp - Ordinary Share,NASDAQ,Uncategorized
BAYAR,Bayview Acquisition Corp - Right,NASDAQ,Uncategorized
BAYAU,Bayview Acquisition Corp,NASDAQ,Uncategorized
BB,BlackBerry Limited,NYSE,Uncategorized
BBAG,JPMorgan BetaBuilders U.S. Aggregate Bond ETF,NYSE ARCA,Uncategorized
BBAI,"BigBear.ai, Inc.",NYSE,Uncategorized
BBAI.W,"BigBear.ai, Inc. Redeemable Warrants, each exercisable for one share of Common Stock at an exercise price of $11.50 per share",NYSE,Uncategorized
BBAR,Banco BBVA Argentina S.A. ADS,NYSE,Uncategorized
BBAX,JPMorgan BetaBuilders Developed Asia Pacific-ex Japan ETF,BATS,Uncategorized
BBB,CYBER HORNET S&P 500 and Bitcoin 75/25 Strategy ETF,NASDAQ,Uncategorized
BBBI,BondBloxx BBB Rated 5-10 Year Corporate Bond ETF,NYSE ARCA,Uncategorized
BBBL,BondBloxx BBB Rated 10+ Year Corporate Bond ETF,NYSE ARCA,Uncategorized
BBBS,BondBloxx BBB Rated 1-5 Year Corporate Bond ETF,NYSE ARCA,Uncategorized
BBBY,"Bed Bath & Beyond, Inc.",NYSE,Uncategorized
BBBY.W,"Bed Bath & Beyond, Inc. Warrants to Purchase",NYSE,Uncategorized
BBC,Virtus LifeSci Biotech Clinical Trials ETF,NYSE ARCA,Uncategorized
BBCA,JPMorgan BetaBuilders Canada ETF,BATS,Uncategorized
BBCB,JPMorgan BetaBuilders USD Investment Grade Corporate Bond ETF,NYSE ARCA,Uncategorized
BBCP,"Concrete Pumping Holdings, Inc.",NASDAQ,Uncategorized
BBCQ,Bleichroeder Acquisition Corp. II,NASDAQ,Uncategorized
BBCQU,Bleichroeder Acquisition Corp. II,NASDAQ,Uncategorized
BBCQW,Bleichroeder Acquisition Corp. II - Warrants,NASDAQ,Uncategorized
BBD,Banco Bradesco Sa American Depositary Shares,NYSE,Uncategorized
BBDC,"Barings BDC, Inc.",NYSE,Uncategorized
BBDO,Banco Bradesco Sa American Depositary Shares (each representing one Common Share),NYSE,Uncategorized
BBEM,JPMorgan BetaBuilders Emerging Markets Equity ETF,BATS,Uncategorized
BBEU,JPMorgan BetaBuilders Europe ETF,BATS,Uncategorized
BBGI,"Beasley Broadcast Group, Inc. - Class A",NASDAQ,Uncategorized
BBH,VanEck Biotech ETF,NASDAQ,Uncategorized
BBHL,BBH Select Large Cap ETF,NYSE ARCA,Uncategorized
BBHM,BBH Select Mid Cap ETF,NYSE ARCA,Uncategorized
BBHY,JPMorgan BetaBuilders USD High Yield Corporate Bond ETF,BATS,Uncategorized
BBIB,JPMorgan BetaBuilders U.S. Treasury Bond 3-10 Year ETF,BATS,Uncategorized
BBIN,JPMorgan BetaBuilders International Equity ETF,BATS,Uncategorized
BBIO,"BridgeBio Pharma, Inc.",NASDAQ,Uncategorized
BBJP,JPMorgan BetaBuilders Japan ETF,BATS,Uncategorized
BBLB,JPMorgan BetaBuilders U.S. Treasury Bond 20+ Year ETF,BATS,Uncategorized
BBLG,Bone Biologics Corp,NASDAQ,Uncategorized
BBLGW,Bone Biologics Corp - warrants,NASDAQ,Uncategorized
BBLU,EA Bridgeway Blue Chip ETF,NYSE ARCA,Uncategorized
BBMC,JPMorgan BetaBuilders U.S. Mid Cap Equity ETF,NYSE ARCA,Uncategorized
BBN,BlackRock Taxable Municipal Bond Trust Common Shares of Beneficial Interest,NYSE,Uncategorized
BBNX,"Beta Bionics, Inc.",NASDAQ,Uncategorized
BBOT,"BridgeBio Oncology Therapeutics, Inc.",NASDAQ,Uncategorized
BBP,Virtus LifeSci Biotech Products ETF,NYSE ARCA,Uncategorized
BBRE,JPMorgan BetaBuilders MSCI U.S. REIT ETF,BATS,Uncategorized
BBSB,JPMorgan BetaBuilders U.S. Treasury Bond 1-3 Year ETF,BATS,Uncategorized
BBSC,JPMorgan BetaBuilders U.S. Small Cap Equity ETF,NYSE ARCA,Uncategorized
BBSI,"Barrett Business Services, Inc.",NASDAQ,Uncategorized
BBT,Beacon Financial Corporation,NYSE,Uncategorized
BBU,Brookfield Business Partners L.P. Limited Partnership Units,NYSE,Uncategorized
BBUC,Brookfield Business Corporation Class A Exchangeable Subordinate Voting Shares,NYSE,Uncategorized
BBUS,JPMorgan BetaBuilders U.S. Equity ETF,BATS,Uncategorized
BBVA,Banco Bilbao Vizcaya Argentaria S.A.,NYSE,Uncategorized
BBW,"Build-A-Bear Workshop, Inc.",NYSE,Uncategorized
BBWI,"Bath & Body Works, Inc.",NYSE,Uncategorized
BBY,"Best Buy Co., Inc.",NYSE,Uncategorized
BBYY,GraniteShares YieldBOOST BABA ETF,NASDAQ,Uncategorized
BC,Brunswick Corporation,NYSE,Uncategorized
BC$C,Brunswick Corporation 6.375% Notes due 2049,NYSE,Uncategorized
BCAB,"BioAtla, Inc.",NASDAQ,Uncategorized
BCAL,California BanCorp,NASDAQ,Uncategorized
BCAR,D. Boral ARC Acquisition I Corp.,NASDAQ,Uncategorized
BCARU,D. Boral ARC Acquisition I Corp.,NASDAQ,Uncategorized
BCARW,D. Boral ARC Acquisition I Corp. - Warrant,NASDAQ,Uncategorized
BCAT,BlackRock Capital Allocation Term Trust Common Shares of Beneficial Interest,NYSE,Uncategorized
BCAX,Bicara Therapeutics Inc.,NASDAQ,Uncategorized
BCBP,"BCB Bancorp, Inc. (NJ)",NASDAQ,Uncategorized
BCC,"Boise Cascade, L.L.C.",NYSE,Uncategorized
BCCC,Global X Bitcoin Covered Call ETF,BATS,Uncategorized
BCD,abrdn Bloomberg All Commodity Longer Dated Strategy K-1 Free ETF,NYSE ARCA,Uncategorized
BCDA,"BioCardia, Inc.",NASDAQ,Uncategorized
BCDF,Horizon Kinetics Blockchain Development ETF,NYSE ARCA,Uncategorized
BCE,"BCE, Inc.",NYSE,Uncategorized
BCFN,Baron Financials ETF,NASDAQ,Uncategorized
BCG,"Binah Capital Group, Inc.",NASDAQ,Uncategorized
BCGD,Baron Global Durable Advantage ETF,NYSE,Uncategorized
BCGWW,"Binah Capital Group, Inc. - Warrants",NASDAQ,Uncategorized
BCH,Banco De Chile ADS,NYSE,Uncategorized
BCHI,GMO Beyond China ETF,NYSE ARCA,Uncategorized
BCHP,Principal Focused Blue Chip ETF,BATS,Uncategorized
BCHT,Birchtech Corp.,NYSE MKT,Uncategorized
BCI,abrdn Bloomberg All Commodity Strategy K-1 Free ETF,NYSE ARCA,Uncategorized
BCIC,BCP Investment Corporation - Closed End Fund,NASDAQ,Uncategorized
BCIL,Bancreek International Large Cap ETF,NYSE ARCA,Uncategorized
BCKT,LifeX 2030 Income Bucket ETF,BATS,Uncategorized
BCLO,iShares BBB-B CLO Active ETF,NASDAQ,Uncategorized
BCML,BayCom Corp,NASDAQ,Uncategorized
BCO,Brinks Company (The),NYSE,Uncategorized
BCOR,Grayscale Bitcoin Adopters ETF,NYSE ARCA,Uncategorized
BCPC,Balchem Corporation,NASDAQ,Uncategorized
BCPL,BNY Mellon Core Plus ETF,NYSE ARCA,Uncategorized
BCRX,"BioCryst Pharmaceuticals, Inc.",NASDAQ,Uncategorized
BCS,Barclays PLC,NYSE,Uncategorized
BCSF,"Bain Capital Specialty Finance, Inc.",NYSE,Uncategorized
BCSM,Baron SMID Cap ETF,NYSE,Uncategorized
BCSS,Bain Capital GSS Investment Corp. Class A Ordinary Shares,NYSE,Uncategorized
BCSS.U,"Bain Capital GSS Investment Corp. Units, each consisting of one Class A Ordinary Share and one-fifth of one redeemable warrant",NYSE,Uncategorized
BCSS.W,"Bain Capital GSS Investment Corp. Redeemable warrants, each whole warrant exercisable for one Class A ordinary share at an exercise price of $11.50",NYSE,Uncategorized
BCTK,Baron Technology ETF,NASDAQ,Uncategorized
BCTX,BriaCell Therapeutics Corp. - Common Shares,NASDAQ,Uncategorized
BCTXL,BriaCell Therapeutics Corp. - Warrants,NASDAQ,Uncategorized
BCTXZ,BriaCell Therapeutics Corp. - Warrant,NASDAQ,Uncategorized
BCUS,Bancreek U.S. Large Cap ETF,NYSE ARCA,Uncategorized
BCV,"Bancroft Fund, Ltd.",NYSE MKT,Uncategorized
BCV$A,Bancroft Fund Limited 5.375% Series A Cumulative Preferred Shares,NYSE MKT,Uncategorized
BCX,BlackRock Resources Common Shares of Beneficial Interest,NYSE,Uncategorized
BCYC,Bicycle Therapeutics plc - American Depositary Shares,NASDAQ,Uncategorized
BDBT,Bluemonte Core Bond ETF,NYSE ARCA,Uncategorized
BDC,Belden Inc,NYSE,Uncategorized
BDCI,BTC Development Corp.,NASDAQ,Uncategorized
BDCIU,BTC Development Corp.,NASDAQ,Uncategorized
BDCIW,BTC Development Corp. - Warrant,NASDAQ,Uncategorized
BDCX,"ETRACS Quarterly Pay 1.5x Leveraged MarketVector BDC Liquid Index ETN due June 10, 2050",NYSE ARCA,Uncategorized
BDCZ,"ETRACS MarketVector Business Development Companies Liquid Index ETN due April 26, 2041",NYSE ARCA,Uncategorized
BDEC,Innovator U.S. Equity Buffer ETF - December,BATS,Uncategorized
BDGS,Bridges Capital Tactical ETF,NASDAQ,Uncategorized
BDIV,AAM Brentview Dividend Growth ETF,NYSE ARCA,Uncategorized
BDJ,Blackrock Enhanced Equity Dividend Trust,NYSE,Uncategorized
BDL,"Flanigan's Enterprises, Inc.",NYSE MKT,Uncategorized
BDMD,Baird Medical Investment Holdings Ltd - Ordinary Share,NASDAQ,Uncategorized
BDMDW,Baird Medical Investment Holdings Ltd - Warrant,NASDAQ,Uncategorized
BDN,Brandywine Realty Trust,NYSE,Uncategorized
BDRX,Biodexa Pharmaceuticals plc - American Depositary Shares,NASDAQ,Uncategorized
BDRY,Breakwave Dry Bulk Shipping ETF,NYSE ARCA,Uncategorized
BDSX,"Biodesix, Inc.",NASDAQ,Uncategorized
BDTX,"Black Diamond Therapeutics, Inc.",NASDAQ,Uncategorized
BDVG,IMGP Berkshire Dividend Growth ETF,NYSE ARCA,Uncategorized
BDVL,iShares Disciplined Volatility Equity Active ETF,NASDAQ,Uncategorized
BDX,"Becton, Dickinson and Company",NYSE,Uncategorized
BDYN,iShares Dynamic Equity Active ETF,NASDAQ,Uncategorized
BE,Bloom Energy Corporation Class A,NYSE,Uncategorized
BEAG,Bold Eagle Acquisition Corp.,NASDAQ,Uncategorized
BEAGR,Bold Eagle Acquisition Corp. - Right,NASDAQ,Uncategorized
BEAGU,Bold Eagle Acquisition Corp.,NASDAQ,Uncategorized
BEAM,Beam Therapeutics Inc.,NASDAQ,Uncategorized
BEAT,"Heartbeam, Inc.",NASDAQ,Uncategorized
BEATW,"Heartbeam, Inc. - Warrant",NASDAQ,Uncategorized
BEBE,TGE Value Creative Solutions Corp Class A Ordinary Shares,NYSE,Uncategorized
BEBE.U,"TGE Value Creative Solutions Corp Units, each consisting of one Class A ordinary share and one-half of one redeemable warrant",NYSE,Uncategorized
BEBE.W,"TGE Value Creative Solutions Corp Redeemable warrants, each whole warrant exercisable for one Class A ordinary share at an exercise price of $11.50 per share",NYSE,Uncategorized
BEDY,BNY Mellon Enhanced Dividend and Income ETF,NASDAQ,Uncategorized
BEDZ,AdvisorShares Hotel ETF,NYSE ARCA,Uncategorized
BEEM,Beam Global,NASDAQ,Uncategorized
BEEP,Mobile Infrastructure Corporation,NASDAQ,Uncategorized
BEEX,The Beehive ETF,NASDAQ,Uncategorized
BEEZ,Honeytree U.S. Equity ETF,NASDAQ,Uncategorized
BEG,Leverage Shares 2x Long BE Daily ETF,NASDAQ,Uncategorized
BEGS,Rareview 2x Bull Cryptocurrency & Precious Metals ETF,BATS,Uncategorized
BEKE,KE Holdings Inc American Depositary Shares (each representing three Class A Ordinary Shares),NYSE,Uncategorized
BELFA,Bel Fuse Inc. - Class A,NASDAQ,Uncategorized
BELFB,Bel Fuse Inc. - Class B,NASDAQ,Uncategorized
BELT,iShares U.S. Select Equity Active ETF,NASDAQ,Uncategorized
BEMB,iShares J.P. Morgan Broad USD Emerging Markets Bond ETF,BATS,Uncategorized
BEN,"Franklin Resources, Inc.",NYSE,Uncategorized
BENF,Beneficient - Class A,NASDAQ,Uncategorized
BENFW,Beneficient - Warrant,NASDAQ,Uncategorized
BENJ,Horizon Landmark ETF,NYSE ARCA,Uncategorized
BEP,Brookfield Renewable Partners L.P. Limited Partnership Units,NYSE,Uncategorized
BEP$A,"Brookfield Renewable Partners L.P. 5.25% Class A Preferred Limited Partnership Units, Series 17",NYSE,Uncategorized
BEPC,Brookfield Renewable Corporation Brookfield Renewable Corporation Class A Subordinate Voting Shares,NYSE,Uncategorized
BEPH,Brookfield BRP Holdings (Canada) Inc. 4.625% Perpetual Subordinated Notes,NYSE,Uncategorized
BEPI,Brookfield BRP Holdings (Canada) Inc. 4.875% Perpetual Subordinated Notes,NYSE,Uncategorized
BEPJ,Brookfield BRP Holdings (Canada) Inc. 7.250% Perpetual Subordinated Notes,NYSE,Uncategorized
BERZ,MicroSectors FANG & Innovation -3x Inverse Leveraged ETN,NYSE ARCA,Uncategorized
BESF,Bastion Energy ETF,BATS,Uncategorized
BESS,Bimergen Energy Corporation,NYSE MKT,Uncategorized
BESS.W,"Bimergen Energy Corporation Warrants, each share exercisable to purchase one share of",NYSE MKT,Uncategorized
BETA,"Beta Technologies, Inc. Class A",NYSE,Uncategorized
BETE,ProShares Bitcoin & Ether Equal Weight ETF,NYSE ARCA,Uncategorized
BETH,ProShares Bitcoin & Ether Market Cap Weight ETF,NYSE ARCA,Uncategorized
BETR,Better Home & Finance Holding Company - Class A,NASDAQ,Uncategorized
BETRW,Better Home & Finance Holding Company - Warrant,NASDAQ,Uncategorized
BETZ,Roundhill Sports Betting & iGaming ETF,NYSE ARCA,Uncategorized
BEX,Tradr 2X Long BE Daily ETF,BATS,Uncategorized
BEZ,Tradr 2X Short BE Daily ETF,BATS,Uncategorized
BF.A,Brown Forman Inc Class A,NYSE,Uncategorized
BF.B,Brown Forman Inc Class B,NYSE,Uncategorized
BFAM,Bright Horizons Family Solutions Inc.,NYSE,Uncategorized
BFAP,FT Vest Bitcoin Strategy Floor15 ETF April,NYSE ARCA,Uncategorized
BFC,Bank First Corporation,NASDAQ,Uncategorized
BFEB,Innovator U.S. Equity Buffer ETF - February,BATS,Uncategorized
BFH,"Bread Financial Holdings, Inc.",NYSE,Uncategorized
BFH$A,"Bread Financial Holdings, Inc. Depositary Shares, each representing a 1/40th interest in a share of 8.625% Non-Cumulative Perpetual Preferred Stock, Series A",NYSE,Uncategorized
BFIX,Build Bond Innovation ETF,NYSE ARCA,Uncategorized
BFJA,FT Vest Bitcoin Strategy Floor15 ETF - January,NYSE ARCA,Uncategorized
BFJL,FT Vest Bitcoin Strategy Floor15 ETF July,NYSE ARCA,Uncategorized
BFLB,BufferLABS US Equity Dynamic Buffer ETF,BATS,Uncategorized
BFLY,"Butterfly Network, Inc. Class A",NYSE,Uncategorized
BFOC,FT Vest Bitcoin Strategy Floor15 ETF - October,NYSE ARCA,Uncategorized
BFOR,Barron's 400 ETF,NYSE ARCA,Uncategorized
BFRE,Westwood LBRTY Global Equity ETF,NYSE ARCA,Uncategorized
BFRG,"Bullfrog AI Holdings, Inc.",NASDAQ,Uncategorized
BFRGW,"Bullfrog AI Holdings, Inc. - Warrants",NASDAQ,Uncategorized
BFRI,Biofrontera Inc.,NASDAQ,Uncategorized
BFRIW,Biofrontera Inc. - Warrants,NASDAQ,Uncategorized
BFRZ,Innovator Equity Managed 100 Buffer ETF,NYSE ARCA,Uncategorized
BFS,"Saul Centers, Inc.",NYSE,Uncategorized
BFS$D,"Saul Centers, Inc. Depositary Shares, each representing 1/100th of a share of 6.125% Series D Cumulative Redeemable Preferred Stock",NYSE,Uncategorized
BFS$E,"Saul Centers, Inc. Depositary shares, each representing a 1/100th fractional interest in a share of 6.000% Series E Cumulative Redeemable Preferred Stock",NYSE,Uncategorized
BFST,"Business First Bancshares, Inc.",NASDAQ,Uncategorized
BG,Bunge Limited Common Shares,NYSE,Uncategorized
BGB,Blackstone Strategic Credit 2027 Term Fund Common Shares of Beneficial Interest,NYSE,Uncategorized
BGC,"BGC Group, Inc. - Class A",NASDAQ,Uncategorized
BGDV,Bahl & Gaynor Dividend ETF,NYSE ARCA,Uncategorized
BGH,Barings Global Short Duration High Yield Fund Common Shares of Beneficial Interests,NYSE,Uncategorized
BGI,Birks Group Inc.,NYSE MKT,Uncategorized
BGIG,Bahl & Gaynor Income Growth ETF,NYSE ARCA,Uncategorized
BGIN,Bgin Blockchain Limited,NASDAQ,Uncategorized
BGL,Blue Gold Limited,NASDAQ,Uncategorized
BGLC,BioNexus Gene Lab Corp,NASDAQ,Uncategorized
BGLD,FT Vest Gold Strategy Quarterly Buffer ETF,BATS,Uncategorized
BGLWW,Blue Gold Limited - Warrant,NASDAQ,Uncategorized
BGM,BGM Group Ltd.,NASDAQ,Uncategorized
BGMS,"Bio Green Med Solution, Inc.",NASDAQ,Uncategorized
BGMSP,"Bio Green Med Solution, Inc. - 6% Convertible Preferred Stock",NASDAQ,Uncategorized
BGR,BlackRock Energy and Resources Trust,NYSE,Uncategorized
BGRN,iShares USD Green Bond ETF,NASDAQ,Uncategorized
BGRO,iShares Large Cap Growth Active ETF,NASDAQ,Uncategorized
BGS,"B&G Foods, Inc.",NYSE,Uncategorized
BGSF,"BGSF, Inc.",NYSE,Uncategorized
BGSI,Boyd Group Services Inc. Common Shares,NYSE,Uncategorized
BGT,BlackRock Floating Rate Income Trust,NYSE,Uncategorized
BGX,Blackstone Long Short Credit Income Fund Common Shares,NYSE,Uncategorized
BGY,Blackrock Enhanced International Dividend Trust,NYSE,Uncategorized
BH,Biglari Holdings Inc. Class B,NYSE,Uncategorized
BH.A,Biglari Holdings Inc. Class A,NYSE,Uncategorized
BHAT,Blue Hat Interactive Entertainment Technology - Ordinary Shares,NASDAQ,Uncategorized
BHB,"Bar Harbor Bankshares, Inc.",NYSE MKT,Uncategorized
BHC,Bausch Health Companies Inc.,NYSE,Uncategorized
BHE,"Benchmark Electronics, Inc.",NYSE,Uncategorized
BHF,"Brighthouse Financial, Inc.",NASDAQ,Uncategorized
BHFAL,"Brighthouse Financial, Inc. - Junior Subordinated Debentures due 2058",NASDAQ,Uncategorized
BHFAM,"Brighthouse Financial, Inc. - Depositary shares each representing a 1/1,000th Interest in a Share of 4.625% Non-Cumulative Preferred Stock, Series D",NASDAQ,Uncategorized
BHFAN,"Brighthouse Financial, Inc. - depositary shares, each representing a 1/1,000th interest in a share of 5.375% Non-Cumulative Preferred Stock, Series C",NASDAQ,Uncategorized
BHFAO,"Brighthouse Financial, Inc. - Depositary Shares, each representing a 1/1,000th interest in a share of 6.750% Non-Cumulative Preferred Stock, Series B",NASDAQ,Uncategorized
BHFAP,"Brighthouse Financial, Inc. - Depositary Shares 6.6% Non-Cumulative Preferred Stock, Series A",NASDAQ,Uncategorized
BHK,Blackrock Core Bond Trust,NYSE,Uncategorized
BHM,"Bluerock Homes Trust, Inc. Class A",NYSE MKT,Uncategorized
BHP,BHP Group Limited American Depositary Shares (Each representing two Ordinary Shares),NYSE,Uncategorized
BHR,Braemar Hotels & Resorts Inc.,NYSE,Uncategorized
BHR$B,"Braemar Hotels & Resorts Inc. 5.50% Series B Cumulative Convertible Preferred Stock, par value $0.01 per share",NYSE,Uncategorized
BHR$D,"Braemar Hotels & Resorts Inc. 8.25% Series D Cumulative Preferred Stock,  par value $0.01 per share",NYSE,Uncategorized
BHRB,Burke & Herbert Financial Services Corp.,NASDAQ,Uncategorized
BHST,BioHarvest Sciences Inc.,NASDAQ,Uncategorized
BHV,BlackRock Virginia Municipal Bond Trust,NYSE,Uncategorized
BHVN,Biohaven Ltd. Common Shares,NYSE,Uncategorized
BHYB,Xtrackers USD High Yield BB-B ex Financials ETF,BATS,Uncategorized
BIAF,"bioAffinity Technologies, Inc.",NASDAQ,Uncategorized
BIAFW,"bioAffinity Technologies, Inc. - Warrant",NASDAQ,Uncategorized
BIB,ProShares Ultra Nasdaq Biotechnology,NASDAQ,Uncategorized
BIBL,Inspire 100 ETF,NYSE ARCA,Uncategorized
BIDD,iShares International Dividend Active ETF,NYSE ARCA,Uncategorized
BIDG,Leverage Shares 2X Long BIDU Daily ETF,NASDAQ,Uncategorized
BIDU,"Baidu, Inc. - American Depositary Shares, each representing 8 ordinary share",NASDAQ,Uncategorized
BIGY,YieldMax Target 12 Big 50 Option Income ETF,NYSE ARCA,Uncategorized
BIIB,Biogen Inc.,NASDAQ,Uncategorized
BIII,Black Spade Acquisition III Co Class A Ordinary Shares,NYSE,Uncategorized
BIII.U,"Black Spade Acquisition III Co Units, each consisting of one Class A ordinary share and one-third of one redeemable warrant",NYSE,Uncategorized
BIII.W,"Black Spade Acquisition III Co Redeemable warrants, each whole warrant exercisable for one Class A ordinary share at an exercise price of $11.50",NYSE,Uncategorized
BIL,State Street SPDR Bloomberg 1-3 Month T-Bill ETF,NYSE ARCA,Uncategorized
BILD,Nomura Global Listed Infrastructure ETF,NYSE ARCA,Uncategorized
BILI,Bilibili Inc. - American Depositary Shares,NASDAQ,Uncategorized
BILL,"BILL Holdings, Inc.",NYSE,Uncategorized
BILS,State Street SPDR Bloomberg 3-12 Month T-Bill ETF,NYSE ARCA,Uncategorized
BILT,iShares Infrastructure Active ETF,BATS,Uncategorized
BILZ,PIMCO Ultra Short Government Active Exchange-Traded Fund,NYSE ARCA,Uncategorized
BINC,iShares Flexible Income Active ETF,NYSE ARCA,Uncategorized
BINT,Bluemonte Global Equity ETF,NYSE ARCA,Uncategorized
BINV,Brandes International ETF,BATS,Uncategorized
BIO,"Bio-Rad Laboratories, Inc. Class A",NYSE,Uncategorized
BIO.B,"Bio-Rad Laboratories, Inc. Class B",NYSE,Uncategorized
BIOA,"BioAge Labs, Inc.",NASDAQ,Uncategorized
BIOX,Bioceres Crop Solutions Corp. - Ordinary Shares,NASDAQ,Uncategorized
BIP,Brookfield Infrastructure Partners LP Limited Partnership Units,NYSE,Uncategorized
BIP$A,"Brookfield Infrastructure Partners LP 5.125% Class A Preferred Limited Partnership Units, Series 13",NYSE,Uncategorized
BIP$B,"Brookfield Infrastructure Partners LP 5.000% Class A Preferred Limited Partnership Units, Series 14",NYSE,Uncategorized
BIPC,Brookfield Infrastructure Corporation Brookfield Infrastructure Corporation,NYSE,Uncategorized
BIPH,Brookfield Infrastructure Corporation 5.000% Subordinated Notes due 2081,NYSE,Uncategorized
BIPI,BIP Bermuda Holdings I Limited 5.125% Perpetual Subordinated Notes,NYSE,Uncategorized
BIPJ,Brookfield Infrastructure Corporation 7.250% Subordinated Notes due 2084,NYSE,Uncategorized
BIRD,"Allbirds, Inc. - Class A",NASDAQ,Uncategorized
BIRK,Birkenstock Holding plc Ordinary Shares,NYSE,Uncategorized
BIS,ProShares UltraShort Nasdaq Biotechnology,NASDAQ,Uncategorized
BIT,BlackRock Multi-Sector Income Trust Common Shares of Beneficial Interest,NYSE,Uncategorized
BITB,Bitwise Bitcoin ETF,NYSE ARCA,Uncategorized
BITC,Bitwise Trendwise Bitcoin and Treasuries Rotation Strategy ETF,NYSE ARCA,Uncategorized
BITF,Bitfarms Ltd.,NASDAQ,Uncategorized
BITI,ProShares Short Bitcoin ETF,NYSE ARCA,Uncategorized
BITK,Tuttle Capital IBIT 0DTE Covered Call ETF,BATS,Uncategorized
BITO,ProShares Bitcoin ETF,NYSE ARCA,Uncategorized
BITQ,Bitwise Crypto Industry Innovators ETF,NYSE ARCA,Uncategorized
BITS,Global X Blockchain & Bitcoin Strategy ETF,NASDAQ,Uncategorized
BITU,ProShares Ultra Bitcoin ETF,NYSE ARCA,Uncategorized
BITW,Common Shares of Beneficial Interest,NYSE ARCA,Uncategorized
BITX,2x Bitcoin Strategy ETF,BATS,Uncategorized
BITY,Amplify Bitcoin 2% Monthly Option Income ETF,BATS,Uncategorized
BIV,Vanguard Intermediate-Term Bond ETF,NYSE ARCA,Uncategorized
BIVI,BioVie Inc.,NASDAQ,Uncategorized
BIVIW,BioVie Inc. - Warrant,NASDAQ,Uncategorized
BIXI,Bitcoin Infrastructure Acquisition Corp Ltd.,NASDAQ,Uncategorized
BIXIU,Bitcoin Infrastructure Acquisition Corp Ltd.,NASDAQ,Uncategorized
BIXIW,Bitcoin Infrastructure Acquisition Corp Ltd. - Warrants,NASDAQ,Uncategorized
BIYA,Baiya International Group Inc.  - Ordinary Shares,NASDAQ,Uncategorized
BIZD,VanEck BDC Income ETF,NYSE ARCA,Uncategorized
BJ,"BJ's Wholesale Club Holdings, Inc.",NYSE,Uncategorized
BJAN,Innovator U.S. Equity Buffer ETF - January,BATS,Uncategorized
BJDX,"Bluejay Diagnostics, Inc.",NASDAQ,Uncategorized
BJK,VanEck Gaming ETF,NASDAQ,Uncategorized
BJRI,"BJ's Restaurants, Inc.",NASDAQ,Uncategorized
BJUL,Innovator U.S. Equity Buffer ETF - July,BATS,Uncategorized
BJUN,Innovator U.S. Equity Buffer ETF - June,BATS,Uncategorized
BK,The Bank of New York Mellon Corporation,NYSE,Uncategorized
BK$K,"The Bank Of New York Mellon Corporation  Depositary Shares, each representing a 1/4,000th interest in a share of Series K Noncumulative Perpetual Preferred Stock",NYSE,Uncategorized
BKAG,BNY Mellon Core Bond ETF,NYSE ARCA,Uncategorized
BKCG,BNY Mellon Concentrated Growth ETF,NYSE ARCA,Uncategorized
BKCH,Global X Blockchain ETF,NASDAQ,Uncategorized
BKCI,BNY Mellon Concentrated International ETF,NYSE ARCA,Uncategorized
BKD,Brookdale Senior Living Inc.,NYSE,Uncategorized
BKDV,BNY Mellon Dynamic Value ETF,NYSE ARCA,Uncategorized
BKE,"Buckle, Inc. (The)",NYSE,Uncategorized
BKEM,BNY Mellon Emerging Markets Equity ETF,NYSE ARCA,Uncategorized
BKF,iShares MSCI BIC ETF,NYSE ARCA,Uncategorized
BKFI,BNY Mellon Active Core Bond ETF,NYSE ARCA,Uncategorized
BKGI,BNY Mellon Global Infrastructure Income ETF,BATS,Uncategorized
BKH,Black Hills Corporation,NYSE,Uncategorized
BKHA,Black Hawk Acquisition Corporation,NASDAQ,Uncategorized
BKHAR,Black Hawk Acquisition Corporation - Rights,NASDAQ,Uncategorized
BKHAU,Black Hawk Acquisition Corporation,NASDAQ,Uncategorized
BKHY,BNY Mellon High Yield ETF,NYSE ARCA,Uncategorized
BKIE,BNY Mellon International Equity ETF,NYSE ARCA,Uncategorized
BKKT,"Bakkt, Inc. Class A",NYSE,Uncategorized
BKKT.W,"Bakkt, Inc. Warrants to purchase Class A Common Stock, each Warrant entitles a holder to purchase 1/25th of a share of Class A common stock at an exercise price of $287.50 for one share",NYSE,Uncategorized
BKLC,BNY Mellon US Large Cap Core Equity ETF,NYSE ARCA,Uncategorized
BKLN,Invesco Senior Loan ETF,NYSE ARCA,Uncategorized
BKMC,BNY Mellon US Mid Cap Core Equity ETF,NYSE ARCA,Uncategorized
BKMI,BNY Mellon Municipal Intermediate ETF,NASDAQ,Uncategorized
BKMS,BNY Mellon Municipal Short Duration ETF,NASDAQ,Uncategorized
BKNG,Booking Holdings Inc.,NASDAQ,Uncategorized
BKNU,T-REX 2X Long BKNG Daily Target ETF,BATS,Uncategorized
BKR,Baker Hughes Company,NASDAQ,Uncategorized
BKSE,BNY Mellon US Small Cap Core Equity ETF,NYSE ARCA,Uncategorized
BKSY,BlackSky Technology Inc. Class A,NYSE,Uncategorized
BKSY.W,"BlackSky Technology Inc. Redeemable Warrants, each whole Warrant exercisable for one share of Class A",NYSE,Uncategorized
BKT,BlackRock Income Trust Inc. (The),NYSE,Uncategorized
BKTI,BK Technologies Corporation,NYSE MKT,Uncategorized
BKU,"BankUnited, Inc.",NYSE,Uncategorized
BKUI,BNY Mellon Ultra Short Income ETF,NYSE ARCA,Uncategorized
BKV,BKV Corporation,NYSE,Uncategorized
BKYI,"BIO-key International, Inc.",NASDAQ,Uncategorized
BL,"BlackLine, Inc.",NASDAQ,Uncategorized
BLBD,Blue Bird Corporation,NASDAQ,Uncategorized
BLCN,Siren NexGen Economy ETF,NASDAQ,Uncategorized
BLCO,Bausch + Lomb Corporation Common Shares,NYSE,Uncategorized
BLCR,iShares Large Cap Core Active ETF,NASDAQ,Uncategorized
BLCV,iShares Large Cap Value Active ETF,NYSE ARCA,Uncategorized
BLD,TopBuild Corp.,NYSE,Uncategorized
BLDG,Cambria Global Real Estate ETF,BATS,Uncategorized
BLDP,"Ballard Power Systems, Inc. - Common Shares",NASDAQ,Uncategorized
BLDR,"Builders FirstSource, Inc.",NYSE,Uncategorized
BLDX,Impax Global Infrastructure ETF,NYSE ARCA,Uncategorized
BLES,Inspire Global Hope ETF,NYSE ARCA,Uncategorized
BLFS,"BioLife Solutions, Inc.",NASDAQ,Uncategorized
BLFY,Blue Foundry Bancorp,NASDAQ,Uncategorized
BLGR,Bluemonte Large Cap Growth ETF,NYSE ARCA,Uncategorized
BLIN,"Bridgeline Digital, Inc.",NASDAQ,Uncategorized
BLIV,BeLive Holdings - ordinary shares,NASDAQ,Uncategorized
BLK,"BlackRock, Inc.",NYSE,Uncategorized
BLKB,"Blackbaud, Inc.",NASDAQ,Uncategorized
BLLN,"BillionToOne, Inc. - Class A",NASDAQ,Uncategorized
BLMN,"Bloomin' Brands, Inc.",NASDAQ,Uncategorized
BLND,"Blend Labs, Inc. Class A",NYSE,Uncategorized
BLNE,"Beeline Holdings, Inc.",NASDAQ,Uncategorized
BLNK,Blink Charging Co.,NASDAQ,Uncategorized
BLOK,Amplify Blockchain Technology ETF,NYSE ARCA,Uncategorized
BLOX,Nicholas Crypto Income ETF,NYSE ARCA,Uncategorized
BLRK,Bluerock Acquisition Corp.,NASDAQ,Uncategorized
BLRKU,Bluerock Acquisition Corp.,NASDAQ,Uncategorized
BLRKW,Bluerock Acquisition Corp. - Warrants,NASDAQ,Uncategorized
BLRX,BioLineRx Ltd. - American Depositary Shares,NASDAQ,Uncategorized
BLSG,Leverage Shares 2X Long BLSH Daily ETF,NASDAQ,Uncategorized
BLSH,Bullish Ordinary Shares,NYSE,Uncategorized
BLST,Bluemonte Short Term Bond ETF,NYSE ARCA,Uncategorized
BLSX,Tradr 2X Long BLSH Daily ETF,BATS,Uncategorized
BLTD,Bluemonte Long Term Bond ETF,NYSE ARCA,Uncategorized
BLTE,"Belite Bio, Inc - American Depositary Shares",NASDAQ,Uncategorized
BLUC,Bluemonte Large Cap Core ETF,NYSE ARCA,Uncategorized
BLUI,Bluemonte Diversified Income ETF,NYSE ARCA,Uncategorized
BLUW,Blue Water Acquisition Corp. III,NASDAQ,Uncategorized
BLUWU,Blue Water Acquisition Corp. III - Unit.,NASDAQ,Uncategorized
BLUWW,Blue Water Acquisition Corp. III - Warrant.,NASDAQ,Uncategorized
BLUX,Bluemonte Dynamic Total Market ETF,NYSE ARCA,Uncategorized
BLV,Vanguard Long-Term Bond ETF,NYSE ARCA,Uncategorized
BLW,Blackrock Limited Duration Income Trust,NYSE,Uncategorized
BLX,"Banco Latinoamericano de Comercio Exterior, S.A.",NYSE,Uncategorized
BLZE,"Backblaze, Inc.",NASDAQ,Uncategorized
BLZR,Trailblazer Acquisition Corp.,NASDAQ,Uncategorized
BLZRU,Trailblazer Acquisition Corp.,NASDAQ,Uncategorized
BLZRW,Trailblazer Acquisition Corp. - Warrant,NASDAQ,Uncategorized
BMA,Banco Macro S.A.  ADR (representing Ten Class B Common Shares),NYSE,Uncategorized
BMAR,Innovator U.S. Equity Buffer ETF - March,BATS,Uncategorized
BMAX,REX Bitcoin Corporate Treasury Convertible Bond ETF,NASDAQ,Uncategorized
BMAY,Innovator U.S. Equity Buffer ETF - May,BATS,Uncategorized
BMBL,Bumble Inc.,NASDAQ,Uncategorized
BME,Blackrock Health Sciences Trust,NYSE,Uncategorized
BMEA,"Biomea Fusion, Inc.",NASDAQ,Uncategorized
BMED,iShares Health Innovation Active ETF,NYSE ARCA,Uncategorized
BMEZ,BlackRock Health Sciences Term Trust Common Shares of Beneficial Interest,NYSE,Uncategorized
BMGL,Basel Medical Group Ltd - ordinary shares,NASDAQ,Uncategorized
BMHL,Bluemount Holdings Limited,NASDAQ,Uncategorized
BMI,"Badger Meter, Inc.",NYSE,Uncategorized
BML$G,"Bank of America Corporation Depositary Shares (Each representing a 1/1200th interest in a share of Floating Rate Non-Cumulative Preferred Stock , Series 1)",NYSE,Uncategorized
BML$H,"Bank of America Corporation Depositary Shares (Each representing a 1/1200th interest in a Share of Floating Rate Non-Cumulative Preferred Stock, Series 2)",NYSE,Uncategorized
BML$J,"Bank of America Corporation Depositary Shares (Each representing a 1/1200th interest in a Share of Floating Rate Non-Cumulative Preferred Stock, Series 4)",NYSE,Uncategorized
BML$L,"Bank of America Corporation Depositary Shares (Each representing a 1/1200th Interest in a Share of Floating Rate Non-Cumulative Preferred Stock, Series 5)",NYSE,Uncategorized
BMM,Blue Moon Metals Inc. - Common Shares,NASDAQ,Uncategorized
BMN,BlackRock 2037 Municipal Target Term Trust Common Shares of Beneficial Interest,NYSE,Uncategorized
BMNG,Leverage Shares 2X Long BMNR Daily ETF,NASDAQ,Uncategorized
BMNR,"BitMine Immersion Technologies, Inc.",NYSE MKT,Uncategorized
BMNU,T-REX 2X Long BMNR Daily Target ETF,BATS,Uncategorized
BMNZ,Defiance Daily Target 2X Short BMNR ETF,NYSE ARCA,Uncategorized
BMO,Bank Of Montreal,NYSE,Uncategorized
BMOP,BNY Mellon Municipal Opportunities ETF,NASDAQ,Uncategorized
BMR,Beamr Imaging Ltd. - Ordinary Share,NASDAQ,Uncategorized
BMRA,"Biomerica, Inc.",NASDAQ,Uncategorized
BMRC,Bank of Marin Bancorp,NASDAQ,Uncategorized
BMRN,BioMarin Pharmaceutical Inc.,NASDAQ,Uncategorized
BMVP,Invesco Bloomberg MVP Multi-factor ETF,NYSE ARCA,Uncategorized
BMY,Bristol-Myers Squibb Company,NYSE,Uncategorized
BN,Brookfield Corporation Class A Limited Voting Shares,NYSE,Uncategorized
BNAI,Brand Engagement Network Inc.,NASDAQ,Uncategorized
BNAIW,Brand Engagement Network Inc. - Warrant,NASDAQ,Uncategorized
BNBX,BNB Plus Corp.,NASDAQ,Uncategorized
BNC,CEA Industries Inc.,NASDAQ,Uncategorized
BNCWW,CEA Industries Inc. - Warrant,NASDAQ,Uncategorized
BND,Vanguard Total Bond Market ETF,NASDAQ,Uncategorized
BNDC,FlexShares Core Select Bond Fund,NYSE ARCA,Uncategorized
BNDD,Quadratic Deflation ETF,NYSE ARCA,Uncategorized
BNDI,NEOS Enhanced Income Aggregate Bond ETF,NYSE ARCA,Uncategorized
BNDP,Vanguard Core-Plus Bond Index ETF,NASDAQ,Uncategorized
BNDS,Infrastructure Capital Bond Income ETF,NYSE ARCA,Uncategorized
BNDW,Vanguard Total World Bond ETF,NASDAQ,Uncategorized
BNDX,Vanguard Total International Bond ETF,NASDAQ,Uncategorized
BNDY,Horizon Core Bond ETF,BATS,Uncategorized
BNED,"Barnes & Noble Education, Inc",NYSE,Uncategorized
BNGE,First Trust S-Network Streaming and Gaming ETF,NYSE ARCA,Uncategorized
BNGO,"Bionano Genomics, Inc.",NASDAQ,Uncategorized
BNH,"Brookfield Finance Inc. 4.625% Subordinated Notes due October 16, 2080",NYSE,Uncategorized
BNJ,Brookfield Finance Inc. 4.50% Perpetual Subordinated Notes,NYSE,Uncategorized
BNKD,"MicroSectors U.S. Big Banks -3 Inverse Leveraged ETNs due February 17, 2045",NYSE ARCA,Uncategorized
BNKK,"Bonk, Inc.",NASDAQ,Uncategorized
BNKU,"MicroSectors U.S. Big Banks 3 Leveraged ETNs due February 17, 2045",NYSE ARCA,Uncategorized
BNL,"Broadstone Net Lease, Inc.",NYSE,Uncategorized
BNO,"United States Brent Oil Fund, LP ETV",NYSE ARCA,Uncategorized
BNOV,Innovator U.S. Equity Buffer ETF - November,BATS,Uncategorized
BNR,Burning Rock Biotech Limited - American Depositary Shares,NASDAQ,Uncategorized
BNRG,Brenmiller Energy Ltd - Ordinary Shares,NASDAQ,Uncategorized
BNS,Bank Nova Scotia Halifax Pfd 3 Ordinary Shares,NYSE,Uncategorized
BNT,Brookfield Wealth Solutions Ltd. Class A Exchangeable Limited Voting Shares,NYSE,Uncategorized
BNTC,Benitec Biopharma Inc.,NASDAQ,Uncategorized
BNTX,BioNTech SE - American Depositary Shares,NASDAQ,Uncategorized
BNZI,"Banzai International, Inc. - Class A",NASDAQ,Uncategorized
BNZIW,"Banzai International, Inc. - Warrant",NASDAQ,Uncategorized
BOAT,SonicShares Global Shipping ETF,NYSE ARCA,Uncategorized
BOBP,CORE16 Best of Breed Premier Index ETF,NYSE ARCA,Uncategorized
BOBS,"Bob's Discount Furniture, Inc.",NYSE,Uncategorized
BOC,Boston Omaha Corporation Class A,NYSE,Uncategorized
BOCT,Innovator U.S. Equity Buffer ETF - October,BATS,Uncategorized
BODI,"The Beachbody Company, Inc. - Class A",NASDAQ,Uncategorized
BOE,Blackrock Enhanced Global Dividend Trust Common Shares of Beneficial Interest,NYSE,Uncategorized
BOED,Direxion Daily BA Bear 1X Shares,NASDAQ,Uncategorized
BOEG,Leverage Shares 2X Long BA Daily ETF,NASDAQ,Uncategorized
BOEU,Direxion Daily BA Bull 2X Shares,NASDAQ,Uncategorized
BOF,BranchOut Food Inc.,NASDAQ,Uncategorized
BOH,Bank of Hawaii Corporation,NYSE,Uncategorized
BOH$A,"Bank of Hawaii Corporation Depositary Shares Each Representing a 1/40th Interest in a Share of 4.375% Fixed Rate Non-Cumulative Perpetual Preferred Stock, Series A",NYSE,Uncategorized
BOH$B,"Bank of Hawaii Corporation Depositary Shares, Each Representing a 1/40th Interest in a Share of 8.000% Fixed Rate Non-Cumulative Perpetual Preferred Stock, Series B",NYSE,Uncategorized
BOIL,ProShares Ultra Bloomberg Natural Gas,NYSE ARCA,Uncategorized
BOKF,BOK Financial Corporation,NASDAQ,Uncategorized
BOLD,"Boundless Bio, Inc.",NASDAQ,Uncategorized
BOLT,"Bolt Biotherapeutics, Inc.",NASDAQ,Uncategorized
BON,Bon Natural Life Limited,NASDAQ,Uncategorized
BOND,PIMCO Active Bond Exchange-Traded Fund Exchange-Traded Fund,NYSE,Uncategorized
BOOM,DMC Global Inc.,NASDAQ,Uncategorized
BOOT,"Boot Barn Holdings, Inc.",NYSE,Uncategorized
BORR,Borr Drilling Limited Common Shares,NYSE,Uncategorized
BOSC,B.O.S. Better Online Solutions - Ordinary Shares,NASDAQ,Uncategorized
BOTJ,"Bank of the James Financial Group, Inc.",NASDAQ,Uncategorized
BOTT,Themes Humanoid Robotics ETF,NASDAQ,Uncategorized
BOTZ,Global X Robotics & Artificial Intelligence ETF,NASDAQ,Uncategorized
BOUT,Innovator IBD Breakout Opportunities ETF,NYSE ARCA,Uncategorized
BOW,Bowhead Specialty Holdings Inc.,NYSE,Uncategorized
BOX,"Box, Inc. Class A",NYSE,Uncategorized
BOXA,Alpha Architect Aggregate Bond ETF,BATS,Uncategorized
BOXL,Boxlight Corporation - Class A,NASDAQ,Uncategorized
BOXX,Alpha Architect 1-3 Month Box ETF,BATS,Uncategorized
BP,BP p.l.c.,NYSE,Uncategorized
BPAC,Blueport Acquisition Ltd,NASDAQ,Uncategorized
BPACR,Blueport Acquisition Ltd - Rights,NASDAQ,Uncategorized
BPACU,Blueport Acquisition Ltd,NASDAQ,Uncategorized
BPAY,iShares FinTech Active ETF,NYSE ARCA,Uncategorized
BPH,BP plc ADRhedged,NYSE ARCA,Uncategorized
BPI,Grayscale Bitcoin Premium Income ETF,NYSE ARCA,Uncategorized
BPOP,"Popular, Inc.",NASDAQ,Uncategorized
BPOPM,"Popular, Inc. - Popular Capital Trust II - 6.125% Cumulative Monthly Income Trust Preferred Securities",NASDAQ,Uncategorized
BPRE,Bluerock Private Real Estate Fund Common Shares of Beneficial Interest,NYSE,Uncategorized
BPRN,"Princeton Bancorp, Inc.",NASDAQ,Uncategorized
BPRO,Bitwise Proficio Currency Debasement ETF,NYSE ARCA,Uncategorized
BPYPM,"Brookfield Property Partners L.P. - 6.25% Class A Cumulative Redeemable Preferred Units, Series 1",NASDAQ,Uncategorized
BPYPN,"Brookfield Property Partners L.P. - 5.750% Class A Cumulative Redeemable Perpetual Preferred Units, Series 3",NASDAQ,Uncategorized
BPYPO,"Brookfield Property Partners L.P. - 6.375% Class A Cumulative Redeemable Perpetual Preferred Units, Series 2",NASDAQ,Uncategorized
BPYPP,Brookfield Property Partners L.P. - 6.50% Class A Cumulative Redeemable Perpetual Preferred Units,NASDAQ,Uncategorized
BQ,Boqii Holding Limited Class A Ordinary Shares,NYSE MKT,Uncategorized
BR,"Broadridge Financial Solutions, Inc.",NYSE,Uncategorized
BRAG,Bragg Gaming Group Inc. - Common Shares,NASDAQ,Uncategorized
BRAI,Braiin Limited,NASDAQ,Uncategorized
BRAZ,Global X Brazil Active ETF,NYSE ARCA,Uncategorized
BRBI,BRBI BR Partners S.A. - ADSs,NASDAQ,Uncategorized
BRBR,"BellRing Brands, Inc.",NYSE,Uncategorized
BRBS,"Blue Ridge Bankshares, Inc.",NYSE MKT,Uncategorized
BRC,Brady Corporation,NYSE,Uncategorized
BRCB,"Black Rock Coffee Bar, Inc. - Class A",NASDAQ,Uncategorized
BRCC,BRC Inc. Class A,NYSE,Uncategorized
BRCE,MFS Blended Research Core Equity ETF,NYSE,Uncategorized
BREM,iShares Emerging Markets Bond Active ETF,NASDAQ,Uncategorized
BRES,Burney U.S. Equity Select ETF,NASDAQ,Uncategorized
BRF,VanEck Brazil Small-Cap ETF,NYSE ARCA,Uncategorized
BRFH,Barfresh Food Group Inc.,NASDAQ,Uncategorized
BRHY,iShares High Yield Active ETF,NASDAQ,Uncategorized
BRIA,BrilliA Inc Class A Ordinary Shares,NYSE MKT,Uncategorized
BRID,Bridgford Foods Corporation,NASDAQ,Uncategorized
BRIE,MFS Blended Research International Equity ETF,NYSE,Uncategorized
BRIF,FIS Bright Portfolios Focused Equity ETF,NYSE ARCA,Uncategorized
BRK.A,Berkshire Hathaway Inc.,NYSE,Uncategorized
BRK.B,Berkshire Hathaway Inc. New,NYSE,Uncategorized
BRKC,YieldMax BRK.B Option Income Strategy ETF,NYSE ARCA,Uncategorized
BRKD,Direxion Daily BRKB Bear 1X Shares,NASDAQ,Uncategorized
BRKR,Bruker Corporation,NASDAQ,Uncategorized
BRKRP,"Bruker Corporation - 6.375% Mandatory Convertible Preferred Stock, Series A",NASDAQ,Uncategorized
BRKU,Direxion Daily BRKB Bull 2X Shares,NASDAQ,Uncategorized
BRKW,Roundhill BRKB WeeklyPay ETF,BATS,Uncategorized
BRLN,iShares Floating Rate Loan Active ETF,BATS,Uncategorized
BRLS,Borealis Foods Inc.,NASDAQ,Uncategorized
BRLSW,Borealis Foods Inc. - Warrant,NASDAQ,Uncategorized
BRLT,"Brilliant Earth Group, Inc. - Class A",NASDAQ,Uncategorized
BRN,"Barnwell Industries, Inc.",NYSE MKT,Uncategorized
BRNS,Barinthus Biotherapeutics plc - American Depositary Shares,NASDAQ,Uncategorized
BRNY,Burney U.S. Factor Rotation ETF,NASDAQ,Uncategorized
BRO,"Brown & Brown, Inc.",NYSE,Uncategorized
BROS,Dutch Bros Inc. Class A,NYSE,Uncategorized
BRR,"ProCap Financial, Inc.",NASDAQ,Uncategorized
BRRR,Coinshares Bitcoin ETF,NASDAQ,Uncategorized
BRRWW,"ProCap Financial, Inc. - Warrant.",NASDAQ,Uncategorized
BRSL,"Brightstar Lottery PLC Trading under the Legal Name to begin at the market open on July 21, 2025. Ordinary Shares",NYSE,Uncategorized
BRSP,"BrightSpire Capital, Inc. Class A",NYSE,Uncategorized
BRT,BRT Apartments Corp. (MD),NYSE,Uncategorized
BRTR,iShares Total Return Active ETF,NASDAQ,Uncategorized
BRTX,"BioRestorative Therapies, Inc.",NASDAQ,Uncategorized
BRW,Saba Capital Income & Opportunities Fund SBI,NYSE,Uncategorized
BRX,Brixmor Property Group Inc.,NYSE,Uncategorized
BRZE,"Braze, Inc. - Class A",NASDAQ,Uncategorized
BRZU,Direxion Daily Brazil Bull 2X Shares,NYSE ARCA,Uncategorized
BSAA,BEST SPAC I Acquisition Corp.,NASDAQ,Uncategorized
BSAAR,BEST SPAC I Acquisition Corp. - Rights,NASDAQ,Uncategorized
BSAAU,BEST SPAC I Acquisition Corp.,NASDAQ,Uncategorized
BSAC,Banco Santander - Chile ADS,NYSE,Uncategorized
BSBK,Bogota Financial Corp.,NASDAQ,Uncategorized
BSBR,"Banco Santander Brasil SA American Depositary Shares, each representing one unit",NYSE,Uncategorized
BSCQ,Invesco BulletShares 2026 Corporate Bond ETF,NASDAQ,Uncategorized
BSCR,Invesco BulletShares 2027 Corporate Bond ETF,NASDAQ,Uncategorized
BSCS,Invesco BulletShares 2028 Corporate Bond ETF,NASDAQ,Uncategorized
BSCT,Invesco BulletShares 2029 Corporate Bond ETF,NASDAQ,Uncategorized
BSCU,Invesco BulletShares 2030 Corporate Bond ETF,NASDAQ,Uncategorized
BSCV,Invesco BulletShares 2031 Corporate Bond ETF,NASDAQ,Uncategorized
BSCW,Invesco BulletShares 2032 Corporate Bond ETF,NASDAQ,Uncategorized
BSCX,Invesco BulletShares 2033 Corporate Bond ETF,NASDAQ,Uncategorized
BSCY,Invesco BulletShares 2034 Corporate Bond ETF,NASDAQ,Uncategorized
BSCZ,Invesco BulletShares 2035 Corporate Bond ETF,NASDAQ,Uncategorized
BSEP,Innovator U.S. Equity Buffer ETF - September,BATS,Uncategorized
BSET,"Bassett Furniture Industries, Incorporated",NASDAQ,Uncategorized
BSJQ,Invesco BulletShares 2026 High Yield Corporate Bond ETF,NASDAQ,Uncategorized
BSJR,Invesco BulletShares 2027 High Yield Corporate Bond ETF,NASDAQ,Uncategorized
BSJS,Invesco BulletShares 2028 High Yield Corporate Bond ETF,NASDAQ,Uncategorized
BSJT,Invesco BulletShares 2029 High Yield Corporate Bond ETF,NASDAQ,Uncategorized
BSJU,Invesco BulletShares 2030 High Yield Corporate Bond ETF,NASDAQ,Uncategorized
BSJV,Invesco BulletShares 2031 High Yield Corporate Bond ETF,NASDAQ,Uncategorized
BSJW,Invesco BulletShares 2032 High Yield Corporate Bond ETF,NASDAQ,Uncategorized
BSJX,Invesco BulletShares 2033 High Yield Corporate Bond ETF,NASDAQ,Uncategorized
BSL,Blackstone Senior Floating Rate 2027 Term Fund Common Shares of Beneficial Interest,NYSE,Uncategorized
BSM,"Black Stone Minerals, L.P. Common units representing limited partner interests",NYSE,Uncategorized
BSMC,Brandes U.S. Small-Mid Cap Value ETF,BATS,Uncategorized
BSMQ,Invesco BulletShares 2026 Municipal Bond ETF,NASDAQ,Uncategorized
BSMR,Invesco BulletShares 2027 Municipal Bond ETF,NASDAQ,Uncategorized
BSMS,Invesco BulletShares 2028 Municipal Bond ETF,NASDAQ,Uncategorized
BSMT,Invesco BulletShares 2029 Municipal Bond ETF,NASDAQ,Uncategorized
BSMU,Invesco BulletShares 2030 Municipal Bond ETF,NASDAQ,Uncategorized
BSMV,Invesco BulletShares 2031 Municipal Bond ETF,NASDAQ,Uncategorized
BSMW,Invesco BulletShares 2032 Municipal Bond ETF,NASDAQ,Uncategorized
BSMY,Invesco BulletShares 2034 Municipal Bond ETF,NASDAQ,Uncategorized
BSMZ,Invesco BulletShares 2035 Municipal Bond ETF,NASDAQ,Uncategorized
BSOL,Bitwise Solana Staking ETF,NYSE ARCA,Uncategorized
BSR,Beacon Selective Risk ETF,NYSE ARCA,Uncategorized
BSRR,Sierra Bancorp,NASDAQ,Uncategorized
BSSX,Invesco BulletShares 2033 Municipal Bond ETF,NASDAQ,Uncategorized
BST,BlackRock Science and Technology Trust Common Shares of Beneficial Interest,NYSE,Uncategorized
BSTP,Innovator Buffer Step-Up Strategy ETF,NYSE ARCA,Uncategorized
BSTZ,BlackRock Science and Technology Term Trust Common Shares of Beneficial Interest,NYSE,Uncategorized
BSV,Vanguard Short-Term Bond ETF,NYSE ARCA,Uncategorized
BSVN,Bank7 Corp.,NASDAQ,Uncategorized
BSVO,EA Bridgeway Omni Small-Cap Value ETF,NASDAQ,Uncategorized
BSX,Boston Scientific Corporation,NYSE,Uncategorized
BSY,"Bentley Systems, Incorporated - Class B",NASDAQ,Uncategorized
BTAI,"BioXcel Therapeutics, Inc.",NASDAQ,Uncategorized
BTAL,AGF U.S. Market Neutral Anti-Beta Fund,NYSE ARCA,Uncategorized
BTBD,"BT Brands, Inc.",NASDAQ,Uncategorized
BTBDW,"BT Brands, Inc. - Warrant",NASDAQ,Uncategorized
BTBT,"Bit Digital, Inc. - Ordinary Share",NASDAQ,Uncategorized
BTC,Grayscale Bitcoin Mini Trust (BTC),NYSE ARCA,Uncategorized
BTCC,Grayscale Bitcoin Covered Call ETF,NYSE ARCA,Uncategorized
BTCI,NEOS Bitcoin High Income ETF,BATS,Uncategorized
BTCL,T-Rex 2X Long Bitcoin Daily Target ETF,BATS,Uncategorized
BTCO,Invesco Galaxy Bitcoin ETF,BATS,Uncategorized
BTCS,BTCS Inc.,NASDAQ,Uncategorized
BTCT,BTC Digital Ltd. - Ordinary Shares,NASDAQ,Uncategorized
BTCW,WisdomTree Bitcoin Fund,BATS,Uncategorized
BTCZ,T-Rex 2X Inverse Bitcoin Daily Target ETF,BATS,Uncategorized
BTDR,Bitdeer Technologies Group - Ordinary Shares,NASDAQ,Uncategorized
BTE,Baytex Energy Corp Common Shares,NYSE,Uncategorized
BTF,CoinShares Bitcoin and Ether ETF,NASDAQ,Uncategorized
BTFL,Defiance Daily Target 2X Long BITF ETF,BATS,Uncategorized
BTG,B2Gold Corp Common shares (Canada),NYSE MKT,Uncategorized
BTGD,STKd 100% Bitcoin & 100% Gold ETF,NASDAQ,Uncategorized
BTGO,"BitGo Holdings, Inc. Class A",NYSE,Uncategorized
BTI,"British American Tobacco  Industries, p.l.c. Common Stock ADR",NYSE,Uncategorized
BTM,Bitcoin Depot Inc. - Class A,NASDAQ,Uncategorized
BTMD,Biote Corp. - Class A,NASDAQ,Uncategorized
BTMWW,Bitcoin Depot Inc. - Warrant,NASDAQ,Uncategorized
BTO,John Hancock Financial Opportunities Fund,NYSE,Uncategorized
BTOC,Armlogi Holding Corp.,NASDAQ,Uncategorized
BTOG,Bit Origin Limited,NASDAQ,Uncategorized
BTOP,Bitwise Trendwise BTC/ETH and Treasuries Rotation Strategy ETF,NYSE ARCA,Uncategorized
BTOT,iShares Total USD Fixed Income Market ETF,NYSE ARCA,Uncategorized
BTQ,BTQ Technologies Corp.,NASDAQ,Uncategorized
BTR,Beacon Tactical Risk ETF,NYSE ARCA,Uncategorized
BTRN,Global X Bitcoin Trend Strategy ETF,NYSE ARCA,Uncategorized
BTSG,"BrightSpring Health Services, Inc.",NASDAQ,Uncategorized
BTSGU,"BrightSpring Health Services, Inc. - Tangible Equity Unit",NASDAQ,Uncategorized
BTT,BlackRock Municipal 2030 Target Term Trust,NYSE,Uncategorized
BTTC,Black Titan Corp - Ordinary Shares,NASDAQ,Uncategorized
BTU,Peabody Energy Corporation,NYSE,Uncategorized
BTX,BlackRock Technology and Private Equity Term Trust Common Shares of Beneficial Interest,NYSE,Uncategorized
BTYB,VistaShares BitBonds 5 Yr Enhanced Weekly Distribution ETF,NYSE ARCA,Uncategorized
BTZ,BlackRock Credit Allocation Income Trust,NYSE,Uncategorized
BU,Defiance Daily Target 2X Long BU ETF,NASDAQ,Uncategorized
BUCK,Simplify Treasury Option Income ETF,NYSE ARCA,Uncategorized
BUD,Anheuser-Busch Inbev SA Sponsored ADR (Belgium),NYSE,Uncategorized
BUDA,"Buda Juice, Inc.",NYSE MKT,Uncategorized
BUFB,Innovator Laddered Allocation Buffer ETF,BATS,Uncategorized
BUFC,AB Conservative Buffer ETF,NASDAQ,Uncategorized
BUFD,FT Vest Laddered Deep Buffer ETF,BATS,Uncategorized
BUFF,Innovator Laddered Allocation Power Buffer ETF,BATS,Uncategorized
BUFG,FT Vest Buffered Allocation Growth ETF,BATS,Uncategorized
BUFH,FT Vest Laddered Max Buffer ETF,BATS,Uncategorized
BUFI,AB International Buffer ETF,NASDAQ,Uncategorized
BUFM,AB Moderate Buffer ETF,NASDAQ,Uncategorized
BUFP,PGIM Laddered S&P 500 Buffer 12 ETF,BATS,Uncategorized
BUFQ,FT Vest Laddered Nasdaq Buffer ETF,BATS,Uncategorized
BUFR,FT Vest Laddered Buffer ETF,BATS,Uncategorized
BUFS,FT Vest Laddered Small Cap Moderate Buffer ETF,BATS,Uncategorized
BUFT,FT Vest Buffered Allocation Defensive ETF,BATS,Uncategorized
BUFX,FT Vest Laddered Enhance & Moderate Buffer ETF,BATS,Uncategorized
BUFY,FT Vest Laddered International Moderate Buffer ETF,BATS,Uncategorized
BUFZ,FT Vest Laddered Moderate Buffer ETF,BATS,Uncategorized
BUG,Global X Cybersecurity ETF,NASDAQ,Uncategorized
BUI,"BlackRock Utility, Infrastructure & Power Opportunities Trust",NYSE,Uncategorized
BUL,Pacer US Cash Cows Growth ETF,NYSE ARCA,Uncategorized
BULD,Pacer BlueStar Engineering the Future ETF,NASDAQ,Uncategorized
BULG,Leverage Shares 2X Long BULL Daily ETF,NASDAQ,Uncategorized
BULL,Webull Corporation,NASDAQ,Uncategorized
BULLW,Webull Corporation - Warrants,NASDAQ,Uncategorized
BULU,T-REX 2X Long BULL Daily Target ETF,BATS,Uncategorized
BULX,GraniteShares 2x Long BULL Daily ETF,NASDAQ,Uncategorized
BULZ,MicroSectors FANG & Innovation 3x Leveraged ETN,NYSE ARCA,Uncategorized
BUR,Burford Capital Limited Ordinary Shares,NYSE,Uncategorized
BURL,"Burlington Stores, Inc.",NYSE,Uncategorized
BURU,"Nuburu, Inc.",NYSE MKT,Uncategorized
BUSA,Brandes U.S. Value ETF,BATS,Uncategorized
BUSE,First Busey Corporation,NASDAQ,Uncategorized
BUSEP,"First Busey Corporation - Depositary Shares, Each Representing a 1/40th Interest in a Share of 8.25% Fixed-Rate Series B Non-Cumulative Perpetual Preferred Stock, $0.001 par value",NASDAQ,Uncategorized
BUUU,BUUU Group Limited,NASDAQ,Uncategorized
BUXX,Strive Enhanced Income Short Maturity ETF,NYSE,Uncategorized
BUYO,KraneShares Man Buyout Beta Index ETF,NYSE ARCA,Uncategorized
BUYW,Main BuyWrite ETF,BATS,Uncategorized
BUYZ,Franklin Disruptive Commerce ETF,BATS,Uncategorized
BUZZ,VanEck Social Sentiment ETF,NYSE ARCA,Uncategorized
BV,"BrightView Holdings, Inc.",NYSE,Uncategorized
BVAL,Bluemonte Large Cap Value ETF,NYSE ARCA,Uncategorized
BVC,BitVentures Limited - Ordinary Share,NASDAQ,Uncategorized
BVFL,"BV Financial, Inc.",NASDAQ,Uncategorized
BVN,Buenaventura Mining Company Inc.,NYSE,Uncategorized
BVS,Bioventus Inc. - Class A,NASDAQ,Uncategorized
BW,"Babcock & Wilcox Enterprises, Inc.",NYSE,Uncategorized
BW$A,"Babcock & Wilcox Enterprises, Inc. 7.75% Series A Cumulative Perpetual Preferred Stock",NYSE,Uncategorized
BWA,BorgWarner Inc.,NYSE,Uncategorized
BWAY,BrainsWay Ltd. - American Depositary Shares,NASDAQ,Uncategorized
BWB,"Bridgewater Bancshares, Inc.",NASDAQ,Uncategorized
BWBBP,"Bridgewater Bancshares, Inc. - Depositary Shares, Each Representing a 1/100th Interest in a Share of 5.875% Non-Cumulative Perpetual Preferred Stock, Series A",NASDAQ,Uncategorized
BWEB,Bitwise Web3 ETF,NYSE ARCA,Uncategorized
BWEN,"Broadwind, Inc.",NASDAQ,Uncategorized
BWET,Breakwave Tanker Shipping ETF,NYSE ARCA,Uncategorized
BWFG,"Bankwell Financial Group, Inc.",NASDAQ,Uncategorized
BWG,BrandywineGLOBAL Global Income Opportunities Fund Inc.,NYSE,Uncategorized
BWIN,"The Baldwin Insurance Group, Inc. - Class A",NASDAQ,Uncategorized
BWLP,BW LPG Limited Common Shares,NYSE,Uncategorized
BWMN,Bowman Consulting Group Ltd.,NASDAQ,Uncategorized
BWMX,"Betterware de Mexico, S.A.P.I. de C.V. Ordinary Shares",NYSE,Uncategorized
BWNB,"Babcock & Wilcox Enterprises, Inc. 6.50% Senior Notes due 2026",NYSE,Uncategorized
BWOW,Bitwise Dogecoin ETF,NYSE ARCA,Uncategorized
BWTG,Brendan Wood TopGun Index ETF,BATS,Uncategorized
BWX,SPDR Bloomberg International Treasury Bond ETF,NYSE ARCA,Uncategorized
BWXT,"BWX Technologies, Inc.",NYSE,Uncategorized
BWZ,SPDR Bloomberg Short Term International Treasury Bond ETF,NYSE ARCA,Uncategorized
BX,Blackstone Inc.,NYSE,Uncategorized
BXC,Bluelinx Holdings Inc.,NYSE,Uncategorized
BXMT,"Blackstone Mortgage Trust, Inc.",NYSE,Uncategorized
BXMX,Nuveen S&P 500 Buy-Write Income Fund Common Shares of Beneficial Interest,NYSE,Uncategorized
BXP,"BXP, Inc.",NYSE,Uncategorized
BXSL,Blackstone Secured Lending Fund Common Shares of Beneficial Interest,NYSE,Uncategorized
BY,"Byline Bancorp, Inc.",NYSE,Uncategorized
BYAH,"Park Ha Biological Technology Co., Ltd.",NASDAQ,Uncategorized
BYD,Boyd Gaming Corporation,NYSE,Uncategorized
BYFC,Broadway Financial Corporation - Class A,NASDAQ,Uncategorized
BYLD,iShares Yield Optimized Bond ETF,NYSE ARCA,Uncategorized
BYND,"Beyond Meat, Inc.",NASDAQ,Uncategorized
BYRE,Principal Real Estate Active Opportunities ETF,NYSE ARCA,Uncategorized
BYRN,"Byrna Technologies, Inc.",NASDAQ,Uncategorized
BYSI,"BeyondSpring, Inc. - Ordinary Shares",NASDAQ,Uncategorized
BZ,KANZHUN LIMITED - American Depository Shares,NASDAQ,Uncategorized
BZAI,"Blaize Holdings, Inc.",NASDAQ,Uncategorized
BZAIW,"Blaize Holdings, Inc. - Warrant",NASDAQ,Uncategorized
BZFD,"BuzzFeed, Inc. - Class A",NASDAQ,Uncategorized
BZFDW,"BuzzFeed, Inc. - Warrant",NASDAQ,Uncategorized
BZH,"Beazer Homes USA, Inc.",NYSE,Uncategorized
BZQ,ProShares UltraShort MSCI Brazil Capped,NYSE ARCA,Uncategorized
BZUN,Baozun Inc. - American Depositary Shares,NASDAQ,Uncategorized
C,"Citigroup, Inc.",NYSE,Uncategorized
C$N,Citigroup Capital XIII 7.875% Fixed rate Floating Rate trust Preferred Securities (TruPS),NYSE,Uncategorized
C$R,"Citigroup Inc. Depositary Shares, Each Representing a 1/1,000th Interest in a Share of 6.250% Noncumulative Preferred Stock, Series II",NYSE,Uncategorized
CA,Xtrackers California Municipal Bonds ETF,NASDAQ,Uncategorized
CAAA,First Trust AAA CMBS ETF,NYSE ARCA,Uncategorized
CAAP,Corporacion America Airports SA Common Shares,NYSE,Uncategorized
CAAS,"China Automotive Systems, Inc. - Ordinary Share",NASDAQ,Uncategorized
CABA,"Cabaletta Bio, Inc.",NASDAQ,Uncategorized
CABO,"Cable One, Inc.",NYSE,Uncategorized
CABR,"Caring Brands, Inc.",NASDAQ,Uncategorized
CABZ,"Roundhill Robotaxi, Autonomous Vehicles & Technology ETF",BATS,Uncategorized
CAC,Camden National Corporation,NASDAQ,Uncategorized
CACC,Credit Acceptance Corporation,NASDAQ,Uncategorized
CACI,"CACI International, Inc. Class A",NYSE,Uncategorized
CADL,"Candel Therapeutics, Inc.",NASDAQ,Uncategorized
CAE,CAE Inc. Ordinary Shares,NYSE,Uncategorized
CAEP,"Cantor Equity Partners III, Inc.",NASDAQ,Uncategorized
CAF,Morgan Stanley China A Share Fund Inc.,NYSE,Uncategorized
CAFG,Pacer US Small Cap Cash Cows Growth Leaders ETF,NASDAQ,Uncategorized
CAFX,Congress Intermediate Bond ETF,NYSE ARCA,Uncategorized
CAG,"ConAgra Brands, Inc.",NYSE,Uncategorized
CAH,"Cardinal Health, Inc.",NYSE,Uncategorized
CAI,"Caris Life Sciences, Inc.",NASDAQ,Uncategorized
CAIE,Calamos Autocallable Income ETF,NYSE ARCA,Uncategorized
CAIQ,Calamos Nasdaq Autocallable Income ETF,NASDAQ,Uncategorized
CAKE,The Cheesecake Factory Incorporated,NASDAQ,Uncategorized
CAL,"Caleres, Inc.",NYSE,Uncategorized
CALC,"CalciMedica, Inc.",NASDAQ,Uncategorized
CALF,Pacer US Small Cap Cash Cows ETF,BATS,Uncategorized
CALI,iShares Short-Term California Muni Active ETF,NASDAQ,Uncategorized
CALM,"Cal-Maine Foods, Inc.",NASDAQ,Uncategorized
CALX,"Calix, Inc",NYSE,Uncategorized
CALY,Callaway Golf Company,NYSE,Uncategorized
CAM,AB California Intermediate Municipal ETF,NYSE ARCA,Uncategorized
CAML,Congress Large Cap Growth ETF,NYSE ARCA,Uncategorized
CAMP,CAMP4 Therapeutics Corporation,NASDAQ,Uncategorized
CAMT,Camtek Ltd. - Ordinary Shares,NASDAQ,Uncategorized
CAMX,Cambiar Aggressive Value ETF,NYSE ARCA,Uncategorized
CAN,Canaan Inc. - American Depositary Shares,NASDAQ,Uncategorized
CANC,Tema Oncology ETF,NASDAQ,Uncategorized
CANE,Teucrium Sugar Fund ETV,NYSE ARCA,Uncategorized
CANF,"Can-Fite Biopharma Ltd American Depositary Shares, each representing two (2) Ordinary Shares",NYSE MKT,Uncategorized
CANG,Cango Inc. Class A Ordinary Shares,NYSE,Uncategorized
CANQ,Calamos Nasdaq Equity & Income ETF,NASDAQ,Uncategorized
CAOS,Alpha Architect Tail Risk ETF,BATS,Uncategorized
CAPE,DoubleLine Shiller CAPE U.S. Equities ETF,NYSE ARCA,Uncategorized
CAPL,CrossAmerica Partners LP Common Units representing limited partner interests,NYSE,Uncategorized
CAPN,Cayson Acquisition Corp - Ordinary Shares,NASDAQ,Uncategorized
CAPNR,Cayson Acquisition Corp - Right,NASDAQ,Uncategorized
CAPNU,Cayson Acquisition Corp,NASDAQ,Uncategorized
CAPR,"Capricor Therapeutics, Inc.",NASDAQ,Uncategorized
CAPS,Capstone Holding Corp.,NASDAQ,Uncategorized
CAPT,Captivision Inc. - Ordinary Shares,NASDAQ,Uncategorized
CAPTW,Captivision Inc. - Warrant,NASDAQ,Uncategorized
CAQUU,Cambridge Acquisition Corp.,NASDAQ,Uncategorized
CAR,"Avis Budget Group, Inc.",NASDAQ,Uncategorized
CARD,MAX Auto Industry -3x Inverse Leveraged ETN,NYSE ARCA,Uncategorized
CARE,"Carter Bankshares, Inc.",NASDAQ,Uncategorized
CARG,"CarGurus, Inc. - Class A",NASDAQ,Uncategorized
CARK,CastleArk Large Growth ETF,NYSE ARCA,Uncategorized
CARL,"Carlsmed, Inc.",NASDAQ,Uncategorized
CARR,Carrier Global Corporation,NYSE,Uncategorized
CARS,Cars.com Inc.,NYSE,Uncategorized
CART,Maplebear Inc.,NASDAQ,Uncategorized
CARU,MAX Auto Industry 3x Leveraged ETN,NYSE ARCA,Uncategorized
CARY,Angel Oak Income ETF,NASDAQ,Uncategorized
CARZ,First Trust S-Network Future Vehicles & Technology ETF,NASDAQ,Uncategorized
CAS,Simplify China A Shares PLUS Income ETF,NYSE ARCA,Uncategorized
CASH,"Pathward Financial, Inc.",NASDAQ,Uncategorized
CASS,"Cass Information Systems, Inc",NASDAQ,Uncategorized
CASY,"Caseys General Stores, Inc.",NASDAQ,Uncategorized
CAT,"Caterpillar, Inc.",NYSE,Uncategorized
CATF,American Century California Municipal Bond ETF,NYSE ARCA,Uncategorized
CATH,Global X S&P 500 Catholic Values ETF,NASDAQ,Uncategorized
CATO,Cato Corporation (The) Class A,NYSE,Uncategorized
CATX,"Perspective Therapeutics, Inc.",NYSE MKT,Uncategorized
CATY,Cathay General Bancorp,NASDAQ,Uncategorized
CAVA,"CAVA Group, Inc.",NYSE,Uncategorized
CB,Chubb Limited,NYSE,Uncategorized
CBAN,"Colony Bankcorp, Inc.",NYSE,Uncategorized
CBAT,"CBAK Energy Technology, Inc.",NASDAQ,Uncategorized
CBC,"Central Bancompany, Inc. - Class A",NASDAQ,Uncategorized
CBFV,"CB Financial Services, Inc.",NASDAQ,Uncategorized
CBIO,"Crescent Biopharma, Inc.",NASDAQ,Uncategorized
CBK,"Commercial Bancgroup, Inc.",NASDAQ,Uncategorized
CBL,"CBL & Associates Properties, Inc.",NYSE,Uncategorized
CBLL,"CeriBell, Inc.",NASDAQ,Uncategorized
CBLS,Clough Hedged Equity ETF,NYSE ARCA,Uncategorized
CBNA,"Chain Bridge Bancorp, Inc. Class A",NYSE,Uncategorized
CBNK,"Capital Bancorp, Inc.",NASDAQ,Uncategorized
CBOA,Calamos Bitcoin Structured Alt Protection ETF - April,BATS,Uncategorized
CBOE,"Cboe Global Markets, Inc.",BATS,Uncategorized
CBOJ,Calamos Bitcoin Structured Alt Protection ETF - January,BATS,Uncategorized
CBOL,Calamos Laddered Bitcoin Structured Alt Protection ETF,BATS,Uncategorized
CBON,VanEck China Bond ETF,NYSE ARCA,Uncategorized
CBOO,Calamos Bitcoin Structured Alt Protection ETF - October,BATS,Uncategorized
CBOY,Calamos Bitcoin Structured Alt Protection ETF - July,BATS,Uncategorized
CBRE,CBRE Group Inc Common Stock Class A,NYSE,Uncategorized
CBRL,"Cracker Barrel Old Country Store, Inc.",NASDAQ,Uncategorized
CBSE,Clough Select Equity ETF,NYSE ARCA,Uncategorized
CBSH,"Commerce Bancshares, Inc.",NASDAQ,Uncategorized
CBT,Cabot Corporation,NYSE,Uncategorized
CBTA,Calamos Bitcoin 80 Series Structured Alt Protection ETF - April,BATS,Uncategorized
CBTJ,Calamos Bitcoin 80 Series Structured Alt Protection ETF - January,BATS,Uncategorized
CBTL,Calamos Laddered Bitcoin 80 Series Structured Alt Protection ETF,BATS,Uncategorized
CBTO,Calamos Bitcoin 80 Series Structured Alt Protection ETF - October,BATS,Uncategorized
CBTY,Calamos Bitcoin 80 Series Structured Alt Protection ETF - July,BATS,Uncategorized
CBU,"Community Financial System, Inc.",NYSE,Uncategorized
CBUS,"Cibus, Inc. - Class A",NASDAQ,Uncategorized
CBXA,Calamos Bitcoin 90 Series Structured Alt Protection ETF - April,BATS,Uncategorized
CBXJ,Calamos Bitcoin 90 Series Structured Alt Protection ETF - January,BATS,Uncategorized
CBXL,Calamos Laddered Bitcoin 90 Series Structured Alt Protection ETF,BATS,Uncategorized
CBXO,Calamos Bitcoin 90 Series Structured Alt Protection ETF - October,BATS,Uncategorized
CBXY,Calamos Bitcoin 90 Series Structured Alt Protection ETF - July,BATS,Uncategorized
CBZ,"CBIZ, Inc.",NYSE,Uncategorized
CC,Chemours Company (The),NYSE,Uncategorized
CCAP,"Crescent Capital BDC, Inc.",NASDAQ,Uncategorized
CCB,Coastal Financial Corporation,NASDAQ,Uncategorized
CCBG,Capital City Bank Group,NASDAQ,Uncategorized
CCC,CCC Intelligent Solutions Holdings Inc.,NASDAQ,Uncategorized
CCCC,"C4 Therapeutics, Inc.",NASDAQ,Uncategorized
CCD,Calamos Dynamic Convertible & Income Fund - Closed End Fund,NASDAQ,Uncategorized
CCEC,Capital Clean Energy Carriers Corp. - Common Share,NASDAQ,Uncategorized
CCEF,Calamos CEF Income & Arbitrage ETF,NYSE ARCA,Uncategorized
CCEL,"Cryo-Cell International, Inc.",NYSE MKT,Uncategorized
CCEP,Coca-Cola Europacific Partners plc - Ordinary Shares,NASDAQ,Uncategorized
CCFE,Concourse Capital Focused Equity ETF,NASDAQ,Uncategorized
CCG,Cheche Group Inc.,NASDAQ,Uncategorized
CCGWW,Cheche Group Inc. - Warrant,NASDAQ,Uncategorized
CCHH,CCH Holdings Ltd - Ordinary Shares,NASDAQ,Uncategorized
CCI,Crown Castle Inc.,NYSE,Uncategorized
CCID,Carlyle Credit Income Fund 7.375% Series D Term Preferred Shares due 2028,NYSE,Uncategorized
CCIF,Carlyle Credit Income Fund Shares of Beneficial Interest,NYSE,Uncategorized
CCII,Cohen Circle Acquisition Corp. II,NASDAQ,Uncategorized
CCIIU,Cohen Circle Acquisition Corp. II,NASDAQ,Uncategorized
CCIIW,Cohen Circle Acquisition Corp. II - Warrant,NASDAQ,Uncategorized
CCIX,Churchill Capital Corp IX - Ordinary Shares,NASDAQ,Uncategorized
CCIXU,Churchill Capital Corp IX,NASDAQ,Uncategorized
CCIXW,Churchill Capital Corp IX - Warrant,NASDAQ,Uncategorized
CCJ,Cameco Corporation,NYSE,Uncategorized
CCK,"Crown Holdings, Inc.",NYSE,Uncategorized
CCL,Carnival Corporation,NYSE,Uncategorized
CCLD,"CareCloud, Inc.",NASDAQ,Uncategorized
CCLDO,"CareCloud, Inc. - 8.75% Series B Cumulative Redeemable Perpetual Preferred Stock",NASDAQ,Uncategorized
CCM,Concord Medical Services Holdings Limited American Depositary Shares (Each represents thirty (30) Class A ordinary shares),NYSE,Uncategorized
CCNE,CNB Financial Corporation,NASDAQ,Uncategorized
CCNEP,"CNB Financial Corporation - Depositary shares, each representing a 1/40th ownership interest in a share of 7.125% Series A Fixed- Rate Non-Cumulative Perpetual Preferred Stock",NASDAQ,Uncategorized
CCNR,ALPS/CoreCommodity Natural Resources ETF,NASDAQ,Uncategorized
CCO,"Clear Channel Outdoor Holdings, Inc.",NYSE,Uncategorized
CCOI,"Cogent Communications Holdings, Inc.",NASDAQ,Uncategorized
CCOM,Simplify Chinese Commodities Strategy No K-1 ETF,NYSE ARCA,Uncategorized
CCOR,Core Alternative ETF,NYSE ARCA,Uncategorized
CCRN,"Cross Country Healthcare, Inc.",NASDAQ,Uncategorized
CCRP,Columbia Corporate Bond ETF,NYSE ARCA,Uncategorized
CCS,"Century Communities, Inc.",NYSE,Uncategorized
CCSB,Carbon Collective Short Duration Green Bond ETF,NASDAQ,Uncategorized
CCSI,"Consensus Cloud Solutions, Inc.",NASDAQ,Uncategorized
CCSO,Carbon Collective Climate Solutions U.S. Equity ETF,NASDAQ,Uncategorized
CCTG,CCSC Technology International Holdings Limited,NASDAQ,Uncategorized
CCU,"Compania Cervecerias Unidas, S.A.",NYSE,Uncategorized
CCUP,T-REX 2X Long CRCL Daily Target ETF,BATS,Uncategorized
CCXI,Churchill Capital Corp XI,NASDAQ,Uncategorized
CCXIU,Churchill Capital Corp XI,NASDAQ,Uncategorized
CCXIW,Churchill Capital Corp XI - Warrants,NASDAQ,Uncategorized
CCZ,Comcast Holdings ZONES,NYSE,Uncategorized
CD,Chaince Digital Holdings Inc. - American Ordinary Shares,NASDAQ,Uncategorized
CDC,VictoryShares US EQ Income Enhanced Volatility Wtd ETF,NASDAQ,Uncategorized
CDE,"Coeur Mining, Inc.",NYSE,Uncategorized
CDEI,"Calvert US Large-Cap Diversity, Equity and Inclusion Index ETF",NYSE ARCA,Uncategorized
CDIG,City Different Investments Global Equity ETF,NASDAQ,Uncategorized
CDIO,Cardio Diagnostics Holdings Inc.,NASDAQ,Uncategorized
CDIOW,Cardio Diagnostics Holdings Inc. - Warrant,NASDAQ,Uncategorized
CDL,VictoryShares US Large Cap High Div Volatility Wtd ETF,NASDAQ,Uncategorized
CDLR,Cadeler A/S American Depositary Share (each representing four (4) Ordinary Shares),NYSE,Uncategorized
CDLX,"Cardlytics, Inc.",NASDAQ,Uncategorized
CDNA,"CareDx, Inc.",NASDAQ,Uncategorized
CDNL,Cardinal Infrastructure Group Inc. - Class A,NASDAQ,Uncategorized
CDNS,"Cadence Design Systems, Inc.",NASDAQ,Uncategorized
CDP,COPT Defense Properties Common Shares of Beneficial Interest,NYSE,Uncategorized
CDR$B,"Cedar Realty Trust, Inc. 7.25% Series B Cumulative Redeemable Preferred Stock",NYSE,Uncategorized
CDR$C,"Cedar Realty Trust, Inc. 6.50% Series C Cumulative Redeemable Preferred Stock",NYSE,Uncategorized
CDRE,"Cadre Holdings, Inc.",NYSE,Uncategorized
CDRO,"Codere Online Luxembourg, S.A. - Ordinary Shares",NASDAQ,Uncategorized
CDROW,"Codere Online Luxembourg, S.A. - Warrants",NASDAQ,Uncategorized
CDT,CDT Equity Inc.,NASDAQ,Uncategorized
CDTG,CDT Environmental Technology Investment Holdings Limited - ordinary shares,NASDAQ,Uncategorized
CDTTW,CDT Equity Inc. - Warrant,NASDAQ,Uncategorized
CDW,CDW Corporation,NASDAQ,Uncategorized
CDX,Simplify High Yield ETF,NYSE ARCA,Uncategorized
CDXS,"Codexis, Inc.",NASDAQ,Uncategorized
CDZI,"Cadiz, Inc.",NASDAQ,Uncategorized
CDZIP,"Cadiz, Inc. - Depositary Shares",NASDAQ,Uncategorized
CE,Celanese Corporation,NYSE,Uncategorized
CECO,CECO Environmental Corp.,NASDAQ,Uncategorized
CEE,"The Central and Eastern Europe Fund, Inc. (The)",NYSE,Uncategorized
CEF,Sprott Physical Gold and Silver Trust Units,NYSE ARCA,Uncategorized
CEFA,Global X S&P Catholic Values Developed ex-U.S. ETF,NASDAQ,Uncategorized
CEFD,ETRACS Monthly Pay 1.5X Leveraged Closed-End Fund Index ETN,NYSE ARCA,Uncategorized
CEFS,Saba Closed-End Funds ETF,BATS,Uncategorized
CEFZ,RiverNorth Active Income ETF,BATS,Uncategorized
CEG,Constellation Energy Corporation - Common Stock When-Issued,NASDAQ,Uncategorized
CEGX,Tradr 2X Long CEG Daily ETF,BATS,Uncategorized
CELC,Celcuity Inc.,NASDAQ,Uncategorized
CELG.R,Bristol-Myers Squibb Company Celegne Contingent Value Rights,NYSE,Uncategorized
CELH,"Celsius Holdings, Inc.",NASDAQ,Uncategorized
CELT,Tradr 2X Long CELH Daily ETF,BATS,Uncategorized
CELU,Celularity Inc. - Class A,NASDAQ,Uncategorized
CELUW,Celularity Inc. - Warrant,NASDAQ,Uncategorized
CELZ,"Creative Medical Technology Holdings, Inc.",NASDAQ,Uncategorized
CEMB,iShares J.P. Morgan EM Corporate Bond ETF,BATS,Uncategorized
CENN,Cenntro Inc.,NASDAQ,Uncategorized
CENT,Central Garden & Pet Company,NASDAQ,Uncategorized
CENTA,Central Garden & Pet Company,NASDAQ,Uncategorized
CENX,Century Aluminum Company,NASDAQ,Uncategorized
CEPF,"Cantor Equity Partners IV, Inc.",NASDAQ,Uncategorized
CEPI,REX Crypto Equity Premium Income ETF,NASDAQ,Uncategorized
CEPO,"Cantor Equity Partners I, Inc.",NASDAQ,Uncategorized
CEPS,"Cantor Equity Partners VI, Inc.",NASDAQ,Uncategorized
CEPT,"Cantor Equity Partners II, Inc.",NASDAQ,Uncategorized
CEPU,Central Puerto S.A. American Depositary Shares (each represents ten Common Shares),NYSE,Uncategorized
CEPV,"Cantor Equity Partners V, Inc.",NASDAQ,Uncategorized
CERS,Cerus Corporation,NASDAQ,Uncategorized
CERT,"Certara, Inc.",NASDAQ,Uncategorized
CERY,SPDR Bloomberg Enhanced Roll Yield Commodity Strategy No K-1 ETF,NYSE ARCA,Uncategorized
CET,Central Securities Corporation,NYSE MKT,Uncategorized
CETX,Cemtrex Inc.,NASDAQ,Uncategorized
CETY,"Clean Energy Technologies, Inc.",NASDAQ,Uncategorized
CEV,Eaton Vance California Municipal Income Trust Shares of Beneficial Interest,NYSE MKT,Uncategorized
CEVA,"CEVA, Inc.",NASDAQ,Uncategorized
CEW,WisdomTree Emerging Currency Strategy Fund,NYSE ARCA,Uncategorized
CF,"CF Industries Holdings, Inc.",NYSE,Uncategorized
CFA,VictoryShares US 500 Volatility Wtd ETF,NASDAQ,Uncategorized
CFBK,CF Bankshares Inc.,NASDAQ,Uncategorized
CFFI,C&F Financial Corporation,NASDAQ,Uncategorized
CFFN,"Capitol Federal Financial, Inc.",NASDAQ,Uncategorized
CFG,"Citizens Financial Group, Inc.",NYSE,Uncategorized
CFG$E,"Citizens Financial Group, Inc. Depositary Shares Each Representing 1/40th Interest in a Share of 5.000% Fixed-Rate Non-Cumulative Perpetual Preferred Stock, Series E",NYSE,Uncategorized
CFG$H,"Citizens Financial Group, Inc. Depositary Shares Each Representing a 1/40th Interest in a Share of 7.375% Fixed-Rate Non-Cumulative Perpetual Preferred Stock, Series H",NYSE,Uncategorized
CFG$I,"Citizens Financial Group, Inc. Depositary Shares, Each Representing a 1/40th Interest in a Share of 6.500% Fixed-Rate Reset Non-Cumulative Perpetual Preferred Stock, Series I",NYSE,Uncategorized
CFIT,Cambria Fixed Income Trend ETF,BATS,Uncategorized
CFLT,"Confluent, Inc. - Class A",NASDAQ,Uncategorized
CFND,C1 Fund Inc.,NYSE,Uncategorized
CFO,VictoryShares US 500 Enhanced Volatility Wtd ETF,NASDAQ,Uncategorized
CFR,"Cullen/Frost Bankers, Inc.",NYSE,Uncategorized
CFR$B,"Cullen/Frost Bankers, Inc. Depositary Shares, each representing a 1/40th ownership interest in a share of 4.450% non-cumulative perpetual preferred stock, Series B",NYSE,Uncategorized
CG,The Carlyle Group Inc.,NASDAQ,Uncategorized
CGABL,The Carlyle Group Inc. - 4.625% Subordinated Notes due 2061,NASDAQ,Uncategorized
CGAU,Centerra Gold Inc. Common Shares,NYSE,Uncategorized
CGBD,"Carlyle Secured Lending, Inc. - Closed End Fund",NASDAQ,Uncategorized
CGBL,Capital Group Core Balanced ETF,NYSE ARCA,Uncategorized
CGC,Canopy Growth Corporation - Common Shares,NASDAQ,Uncategorized
CGCB,Capital Group Core Bond ETF,NYSE ARCA,Uncategorized
CGCP,Capital Group Core Plus Income ETF,NYSE ARCA,Uncategorized
CGCT,Cartesian Growth Corporation III,NASDAQ,Uncategorized
CGCTU,Cartesian Growth Corporation III,NASDAQ,Uncategorized
CGCTW,Cartesian Growth Corporation III - Warrant,NASDAQ,Uncategorized
CGCV,Capital Group Conservative Equity ETF,NYSE ARCA,Uncategorized
CGDG,Capital Group Dividend Growers ETF,NYSE ARCA,Uncategorized
CGDV,Capital Group Dividend Value ETF,NYSE ARCA,Uncategorized
CGEM,"Cullinan Therapeutics, Inc.",NASDAQ,Uncategorized
CGEN,Compugen Ltd. - Ordinary Shares,NASDAQ,Uncategorized
CGGE,Capital Group Global Equity ETF,NYSE ARCA,Uncategorized
CGGG,Capital Group U.S. Large Growth ETF,NYSE ARCA,Uncategorized
CGGO,Capital Group Global Growth Equity ETF,NYSE ARCA,Uncategorized
CGGR,Capital Group Growth ETF,NYSE ARCA,Uncategorized
CGHM,Capital Group Municipal High-Income ETF,NYSE ARCA,Uncategorized
CGHY,Capital Group High Yield Bond ETF,NYSE ARCA,Uncategorized
CGIB,Capital Group International Bond ETF (USD-Hedged),NYSE ARCA,Uncategorized
CGIC,Capital Group International Core Equity ETF,NYSE ARCA,Uncategorized
CGIE,Capital Group International Equity ETF,NYSE ARCA,Uncategorized
CGMM,Capital Group U.S. Small and Mid Cap ETF,NYSE ARCA,Uncategorized
CGMS,Capital Group U.S. Multi-Sector Income ETF,NYSE ARCA,Uncategorized
CGMU,Capital Group Municipal Income ETF,NYSE ARCA,Uncategorized
CGNG,Capital Group New Geography Equity ETF,NYSE ARCA,Uncategorized
CGNT,Cognyte Software Ltd. - Ordinary Shares,NASDAQ,Uncategorized
CGNX,Cognex Corporation,NASDAQ,Uncategorized
CGO,Calamos Global Total Return Fund - Closed End Fund,NASDAQ,Uncategorized
CGON,"CG Oncology, Inc.",NASDAQ,Uncategorized
CGRO,CoreValues Alpha Greater China Growth ETF,NYSE ARCA,Uncategorized
CGSD,Capital Group Short Duration Income ETF,NYSE ARCA,Uncategorized
CGSM,Capital Group Short Duration Municipal Income ETF,NYSE ARCA,Uncategorized
CGTL,Creative Global Technology Holdings Limited,NASDAQ,Uncategorized
CGTX,"Cognition Therapeutics, Inc.",NASDAQ,Uncategorized
CGUI,Capital Group Ultra Short Income ETF,NYSE ARCA,Uncategorized
CGUS,Capital Group Core Equity ETF,NYSE ARCA,Uncategorized
CGV,Conductor Global Equity Value ETF,NYSE,Uncategorized
CGVV,Capital Group U.S. Large Value ETF,NYSE ARCA,Uncategorized
CGW,Invesco S&P Global Water Index ETF,NYSE ARCA,Uncategorized
CGXU,Capital Group International Focus Equity ETF,NYSE ARCA,Uncategorized
CHA,"Chagee Holdings Limited - American Depositary Shares, each representing 1 Class A ordinary share",NASDAQ,Uncategorized
CHAC,Crane Harbor Acquisition Corp.,NASDAQ,Uncategorized
CHACR,Crane Harbor Acquisition Corp. - Rights,NASDAQ,Uncategorized
CHACU,Crane Harbor Acquisition Corp.,NASDAQ,Uncategorized
CHAI,"Core AI Holdings, Inc. - Common Shares",NASDAQ,Uncategorized
CHAR,Charlton Aria Acquisition Corporation,NASDAQ,Uncategorized
CHARR,Charlton Aria Acquisition Corporation - Rights,NASDAQ,Uncategorized
CHARU,Charlton Aria Acquisition Corporation,NASDAQ,Uncategorized
CHAT,Roundhill Generative AI & Technology ETF,NYSE ARCA,Uncategorized
CHAU,Direxion Daily CSI 300 China A Share Bull 2X Shares,NYSE ARCA,Uncategorized
CHCI,"Comstock Holding Companies, Inc. - Class A",NASDAQ,Uncategorized
CHCO,City Holding Company,NASDAQ,Uncategorized
CHCT,Community Healthcare Trust Incorporated,NYSE,Uncategorized
CHD,"Church & Dwight Company, Inc.",NYSE,Uncategorized
CHDN,"Churchill Downs, Incorporated",NASDAQ,Uncategorized
CHE,Chemed Corp,NYSE,Uncategorized
CHEC,Chenghe Acquisition III Co.,NASDAQ,Uncategorized
CHECU,Chenghe Acquisition III Co.,NASDAQ,Uncategorized
CHECW,Chenghe Acquisition III Co. - Warrants,NASDAQ,Uncategorized
CHEF,"The Chefs' Warehouse, Inc.",NASDAQ,Uncategorized
CHGG,"Chegg, Inc.",NYSE,Uncategorized
CHGX,Stance Sustainable Beta ETF,NASDAQ,Uncategorized
CHH,"Choice Hotels International, Inc.",NYSE,Uncategorized
CHI,Calamos Convertible Opportunities and Income Fund - Closed End Fund,NASDAQ,Uncategorized
CHIQ,Global X MSCI China Consumer Discretionary ETF,NYSE ARCA,Uncategorized
CHKP,Check Point Software Technologies Ltd. - Ordinary Shares,NASDAQ,Uncategorized
CHMG,Chemung Financial Corp,NASDAQ,Uncategorized
CHMI,Cherry Hill Mortgage Investment Corporation,NYSE,Uncategorized
CHMI$A,Cherry Hill Mortgage Investment Corporation 8.20% Series A Cumulative Redeemable Preferred Stock,NYSE,Uncategorized
CHMI$B,Cherry Hill Mortgage Investment Corporation 8.250% Series B Fixed-to-Floating Rate Cumulative Redeemable Preferred Stock,NYSE,Uncategorized
CHNR,"China Natural Resources, Inc. - Common Shares",NASDAQ,Uncategorized
CHOW,ChowChow Cloud International Holdings Limited Ordinary Shares,NYSE MKT,Uncategorized
CHPG,ChampionsGate Acquisition Corporation,NASDAQ,Uncategorized
CHPGR,ChampionsGate Acquisition Corporation - Rights,NASDAQ,Uncategorized
CHPGU,ChampionsGate Acquisition Corporation,NASDAQ,Uncategorized
CHPS,Xtrackers Semiconductor Select Equity ETF,NASDAQ,Uncategorized
CHPT,"ChargePoint Holdings, Inc.",NYSE,Uncategorized
CHPX,Global X AI Semiconductor & Quantum ETF,NASDAQ,Uncategorized
CHPY,YieldMax Semiconductor Portfolio Option Income ETF,NYSE ARCA,Uncategorized
CHR,"Cheer Holding, Inc.",NASDAQ,Uncategorized
CHRD,Chord Energy Corporation,NASDAQ,Uncategorized
CHRI,Global X S&P 500 Christian Values ETF,NASDAQ,Uncategorized
CHRS,"Coherus Oncology, Inc.",NASDAQ,Uncategorized
CHRW,"C.H. Robinson Worldwide, Inc.",NASDAQ,Uncategorized
CHSCL,CHS Inc,NASDAQ,Uncategorized
CHSCM,CHS Inc,NASDAQ,Uncategorized
CHSCN,CHS Inc - Preferred Class B Series 2 Reset Rate,NASDAQ,Uncategorized
CHSCO,CHS Inc,NASDAQ,Uncategorized
CHSCP,CHS Inc - 8%  Cumulative Redeemable Preferred Stock,NASDAQ,Uncategorized
CHSN,Chanson International Holding,NASDAQ,Uncategorized
CHT,"Chunghwa Telecom Co., Ltd.",NYSE,Uncategorized
CHTR,"Charter Communications, Inc. - Class A",NASDAQ,Uncategorized
CHW,Calamos Global Dynamic Income Fund - Closed End Fund,NASDAQ,Uncategorized
CHWY,"Chewy, Inc. Class A",NYSE,Uncategorized
CHY,Calamos Convertible and High Income Fund - Closed End Fund,NASDAQ,Uncategorized
CHYM,"Chime Financial, Inc. - Class A",NASDAQ,Uncategorized
CI,The Cigna Group,NYSE,Uncategorized
CIA,"Citizens, Inc. Class A Common Stock ($1.00 Par)",NYSE,Uncategorized
CIB,Grupo Cibest S.A. American Depositary Shares each representing four Preferred Shares,NYSE,Uncategorized
CIBR,First Trust NASDAQ Cybersecurity ETF,NASDAQ,Uncategorized
CICB,CION Investment Corporation 7.50% Notes due 2029,NYSE,Uncategorized
CICC,CION Investment Corporation 7.50% Notes due 2031,NYSE,Uncategorized
CIEN,Ciena Corporation,NYSE,Uncategorized
CIF,MFS Intermediate High Income Fund,NYSE,Uncategorized
CIFG,Leverage Shares 2X Long CIFR Daily ETF,NASDAQ,Uncategorized
CIFR,Cipher Digital Inc.,NASDAQ,Uncategorized
CIFU,T-REX 2X Long CIFR Daily Target ETF,BATS,Uncategorized
CIG,Comp En De Mn Cemig ADS American Depositary Shares,NYSE,Uncategorized
CIG.C,Comp En De Mn Cemig ADS American Depositary Receipts,NYSE,Uncategorized
CIGI,Colliers International Group Inc.  - Subordinate Voting Shares,NASDAQ,Uncategorized
CIGL,Concorde International Group Ltd,NASDAQ,Uncategorized
CII,"BlackRock Enhanced Large Cap Core Fund, Inc.",NYSE,Uncategorized
CIIT,"Tianci International, Inc.",NASDAQ,Uncategorized
CIK,"Credit Suisse Asset Management Income Fund, Inc.",NYSE MKT,Uncategorized
CIM,Chimera Investment Corporation,NYSE,Uncategorized
CIM$A,Chimera Investment Corporation 8.00% Series A Cumulative Redeemable Preferred Stock,NYSE,Uncategorized
CIM$B,Chimera Investment Corporation 8.00% Series B Fixed-to-Floating Rate Cumulative Redeemable Preferred Stock,NYSE,Uncategorized
CIM$C,Chimera Investment Corporation 7.75% Series C Fixed-to-Floating Rate  Cumulative Redeemable  Preferred Stock,NYSE,Uncategorized
CIM$D,Chimera Investment Corporation 8.00% Series D Fixed-to-Floating Rate Cumulative Redeemable Preferred Stock,NYSE,Uncategorized
CIMN,Chimera Investment Corporation 9.000% Senior Notes due 2029,NYSE,Uncategorized
CIMO,Chimera Investment Corporation 9.250% Senior Notes due 2029,NYSE,Uncategorized
CIMP,Chimera Investment Corporation 8.875% Senior Notes due 2030,NYSE,Uncategorized
CINF,Cincinnati Financial Corporation,NASDAQ,Uncategorized
CING,Cingulate Inc.,NASDAQ,Uncategorized
CINGW,Cingulate Inc. - Warrants,NASDAQ,Uncategorized
CINT,CI&T Inc Class A Common Shares,NYSE,Uncategorized
CION,CION Investment Corporation,NYSE,Uncategorized
CISO,"CISO Global, Inc.",NASDAQ,Uncategorized
CISS,C3is Inc.,NASDAQ,Uncategorized
CITR,CitroTech Inc.,NYSE MKT,Uncategorized
CIVB,"Civista Bancshares, Inc.",NASDAQ,Uncategorized
CIX,CompX International Inc.,NYSE MKT,Uncategorized
CJMB,Callan JMB Inc.,NASDAQ,Uncategorized
CKX,"CKX Lands, Inc.",NYSE MKT,Uncategorized
CL,Colgate-Palmolive Company,NYSE,Uncategorized
CLAR,Clarus Corporation,NASDAQ,Uncategorized
CLB,Core Laboratories Inc.,NYSE,Uncategorized
CLBK,"Columbia Financial, Inc.",NASDAQ,Uncategorized
CLBR.U,"Colombier Acquisition Corp. III Units, each consisting of one Class A ordinary share and one-eighth of one warrant",NYSE,Uncategorized
CLBT,Cellebrite DI Ltd. - Ordinary Shares,NASDAQ,Uncategorized
CLCG,Crossmark Large Cap Growth ETF,NYSE ARCA,Uncategorized
CLCV,Crossmark Large Cap Value ETF,NYSE ARCA,Uncategorized
CLDI,"Calidi Biotherapeutics, Inc.",NYSE MKT,Uncategorized
CLDT,Chatham Lodging Trust (REIT) Common Shares of Beneficial Interest,NYSE,Uncategorized
CLDT$A,Chatham Lodging Trust (REIT) 6.625% Series A Cumulative Redeemable Preferred Shares of Beneficial Interest,NYSE,Uncategorized
CLDX,"Celldex Therapeutics, Inc.",NASDAQ,Uncategorized
CLF,Cleveland-Cliffs Inc.,NYSE,Uncategorized
CLFD,"Clearfield, Inc.",NASDAQ,Uncategorized
CLGN,CollPlant Biotechnologies Ltd. - Ordinary Shares,NASDAQ,Uncategorized
CLH,"Clean Harbors, Inc.",NYSE,Uncategorized
CLIK,Click Holdings Limited - Ordinary Share,NASDAQ,Uncategorized
CLIP,Global X 1-3 Month T-Bill ETF,NYSE ARCA,Uncategorized
CLIR,ClearSign Technologies Corporation,NASDAQ,Uncategorized
CLIX,ProShares Long Online/Short Stores ETF,NYSE ARCA,Uncategorized
CLLS,Cellectis S.A. - American Depositary Shares,NASDAQ,Uncategorized
CLM,"Cornerstone Strategic Investment Fund, Inc. Common Shares",NYSE MKT,Uncategorized
CLMB,"Climb Global Solutions, Inc.",NASDAQ,Uncategorized
CLMT,"Calumet, Inc",NASDAQ,Uncategorized
CLNE,Clean Energy Fuels Corp.,NASDAQ,Uncategorized
CLNK,Common Shares of Beneficial Interest of Bitwise Chainlink ETF,NYSE ARCA,Uncategorized
CLNN,Clene Inc.,NASDAQ,Uncategorized
CLOA,iShares AAA CLO Active ETF,NASDAQ,Uncategorized
CLOB,VanEck AA-BB CLO ETF,NYSE ARCA,Uncategorized
CLOC,AAM Crescent CLO ETF,NYSE ARCA,Uncategorized
CLOD,Themes Cloud Computing ETF,NASDAQ,Uncategorized
CLOI,VanEck CLO ETF,NYSE ARCA,Uncategorized
CLOU,Global X Cloud Computing ETF,NASDAQ,Uncategorized
CLOV,"Clover Health Investments, Corp.  - Class A",NASDAQ,Uncategorized
CLOX,Eldridge AAA CLO ETF,NYSE ARCA,Uncategorized
CLOZ,Eldridge BBB-B CLO ETF,NYSE ARCA,Uncategorized
CLPR,Clipper Realty Inc.,NYSE,Uncategorized
CLPS,CLPS Incorporation,NASDAQ,Uncategorized
CLPT,ClearPoint Neuro Inc.,NASDAQ,Uncategorized
CLRB,"Cellectar Biosciences, Inc.",NASDAQ,Uncategorized
CLRO,"ClearOne, Inc.",NASDAQ,Uncategorized
CLS,"Celestica, Inc.",NYSE,Uncategorized
CLSE,Convergence Long/Short Equity ETF,BATS,Uncategorized
CLSK,"CleanSpark, Inc.",NASDAQ,Uncategorized
CLSKW,"CleanSpark, Inc. - Warrant",NASDAQ,Uncategorized
CLSM,ETC Cabana Target Leading Sector Moderate ETF,NASDAQ,Uncategorized
CLST,"Catalyst Bancorp, Inc.",NASDAQ,Uncategorized
CLSX,Tradr 2X Long CLSK Daily ETF,BATS,Uncategorized
CLSZ,Tradr 2X Short CLSK Daily ETF,BATS,Uncategorized
CLVT,Clarivate Plc Ordinary Shares,NYSE,Uncategorized
CLW,Clearwater Paper Corporation,NYSE,Uncategorized
CLWT,Euro Tech Holdings Company Limited - Ordinary Shares,NASDAQ,Uncategorized
CLX,Clorox Company (The),NYSE,Uncategorized
CLYM,"Climb Bio, Inc.",NASDAQ,Uncategorized
CM,Canadian Imperial Bank of Commerce,NYSE,Uncategorized
CMBM,Cambium Networks Corporation - Ordinary Shares,NASDAQ,Uncategorized
CMBO,Wayfinder Dynamic U.S. Interest Rate ETF,NASDAQ,Uncategorized
CMBS,iShares CMBS Bond ETF,NYSE ARCA,Uncategorized
CMBT,CMB.TECH NV Ordinary Shares,NYSE,Uncategorized
CMC,Commercial Metals Company,NYSE,Uncategorized
CMCI,VanEck CMCI Commodity Strategy ETF,BATS,Uncategorized
CMCL,Caledonia Mining Corporation Plc Common Shares,NYSE MKT,Uncategorized
CMCM,"Cheetah Mobile Inc. American Depositary Shares, each representing fifty (50) Class A Ordinary Shares",NYSE,Uncategorized
CMCO,Columbus McKinnon Corporation,NASDAQ,Uncategorized
CMCSA,Comcast Corporation - Class A,NASDAQ,Uncategorized
CMCT,Creative Media,NASDAQ,Uncategorized
CMDB,Costamare Bulkers Holdings Limited,NYSE,Uncategorized
CMDT,PIMCO Commodity Strategy Active Exchange-Traded Fund,NYSE ARCA,Uncategorized
CMDY,iShares Bloomberg Roll Select Commodity Strategy ETF,NYSE ARCA,Uncategorized
CME,CME Group Inc. - Class A,NASDAQ,Uncategorized
CMF,iShares California Muni Bond ETF,NYSE ARCA,Uncategorized
CMG,"Chipotle Mexican Grill, Inc.",NYSE,Uncategorized
CMGG,Leverage Shares 2X Long CMG Daily ETF,NASDAQ,Uncategorized
CMI,Cummins Inc.,NYSE,Uncategorized
CMII,Columbus Circle Capital Corp II,NASDAQ,Uncategorized
CMIIU,Columbus Circle Capital Corp II,NASDAQ,Uncategorized
CMIIW,Columbus Circle Capital Corp II - Warrant,NASDAQ,Uncategorized
CMMB,Chemomab Therapeutics Ltd.  - American Depositary Shares,NASDAQ,Uncategorized
CMND,Clearmind Medicine Inc. - Common Shares,NASDAQ,Uncategorized
CMP,Compass Minerals Intl Inc,NYSE,Uncategorized
CMPR,Cimpress plc - Ordinary Shares,NASDAQ,Uncategorized
CMPS,COMPASS Pathways Plc - American Depository Shares,NASDAQ,Uncategorized
CMPX,"Compass Therapeutics, Inc.",NASDAQ,Uncategorized
CMRC,"Commerce.com, Inc. - Series 1",NASDAQ,Uncategorized
CMRE,Costamare Inc. Common Stock $0.0001 par value,NYSE,Uncategorized
CMRE$B,Costamare Inc. Perpetual Preferred Stock Series B (Marshall Islands),NYSE,Uncategorized
CMRE$C,Costamare Inc. Perpetual Preferred Series C (Marshall Islands),NYSE,Uncategorized
CMRE$D,Costamare Inc. 8.75% Series D Cumulative Redeemable Perpetual Preferred Stock,NYSE,Uncategorized
CMS,CMS Energy Corporation,NYSE,Uncategorized
CMS$B,CMS Energy Corporation Preferred Stock,NYSE,Uncategorized
CMS$C,"CMS Energy Corporation Depositary Shares, each representing a 1/1,000th interest in a share of 4.200% Cumulative Redeemable Perpetual Preferred Stock, Series C",NYSE,Uncategorized
CMSA,CMS Energy Corporation 5.625% Junior Subordinated Notes due 2078,NYSE,Uncategorized
CMSC,CMS Energy Corporation 5.875% Junior Subordinated Notes due 2078,NYSE,Uncategorized
CMSD,CMS Energy Corporation 5.875% Junior Subordinated Notes due 2079,NYSE,Uncategorized
CMT,Core Molding Technologies Inc,NYSE MKT,Uncategorized
CMTG,"Claros Mortgage Trust, Inc.",NYSE,Uncategorized
CMTL,Comtech Telecommunications Corp.,NASDAQ,Uncategorized
CMTV,Community Bancorp.,NASDAQ,Uncategorized
CMU,MFS Municipal Income Trust,NYSE,Uncategorized
CNA,CNA Financial Corporation,NYSE,Uncategorized
CNAV,Mohr Company Nav ETF,BATS,Uncategorized
CNBS,Amplify Seymour Cannabis ETF,NYSE ARCA,Uncategorized
CNC,Centene Corporation,NYSE,Uncategorized
CNCG,Leverage Shares 2X Long CNC Daily ETF,NASDAQ,Uncategorized
CNCK,Coincheck Group N.V. - Ordinary Shares,NASDAQ,Uncategorized
CNCKW,Coincheck Group N.V. - Warrants,NASDAQ,Uncategorized
CNDT,Conduent Incorporated,NASDAQ,Uncategorized
CNEQ,Alger Concentrated Equity ETF,NYSE ARCA,Uncategorized
CNET,ZW Data Action Technologies Inc.,NASDAQ,Uncategorized
CNEY,CN Energy Group Inc.,NASDAQ,Uncategorized
CNF,"CNFinance Holdings Limited American Depositary Shares, each representing two hundred (200) Ordinary Shares",NYSE,Uncategorized
CNH,CNH Industrial N.V. Common Shares,NYSE,Uncategorized
CNI,Canadian National Railway Company,NYSE,Uncategorized
CNK,"Cinemark Holdings Inc Cinemark Holdings, Inc.",NYSE,Uncategorized
CNL,Collective Mining Ltd. Common Shares,NYSE MKT,Uncategorized
CNM,"Core & Main, Inc. Class A",NYSE,Uncategorized
CNMD,CONMED Corporation,NYSE,Uncategorized
CNNE,"Cannae Holdings, Inc.",NYSE,Uncategorized
CNO,"CNO Financial Group, Inc.",NYSE,Uncategorized
CNO$A,"CNO Financial Group, Inc. 5.125% Subordinated Debentures due 2060",NYSE,Uncategorized
CNOB,"ConnectOne Bancorp, Inc.",NASDAQ,Uncategorized
CNOBP,"ConnectOne Bancorp, Inc. - Depositary Shares (each representing a 1/40th interest in a share of 5.25% Fixed-Rate Reset Non-Cumulative Perpetual Preferred Stock, Series A, par value $0.00 per share)",NASDAQ,Uncategorized
CNP,"CenterPoint Energy, Inc (Holding Co)",NYSE,Uncategorized
CNQ,Canadian Natural Resources Limited,NYSE,Uncategorized
CNQQ,Rayliant-ChinaAMC Transformative China Tech ETF,NASDAQ,Uncategorized
CNR,"Core Natural Resources, Inc.",NYSE,Uncategorized
CNRG,State Street SPDR S&P Kensho Clean Power ETF,NYSE ARCA,Uncategorized
CNS,Cohen & Steers Inc,NYSE,Uncategorized
CNSP,"CNS Pharmaceuticals, Inc.",NASDAQ,Uncategorized
CNTA,Centessa Pharmaceuticals plc - American Depositary Shares,NASDAQ,Uncategorized
CNTB,Connect Biopharma Holdings Limited - Ordinary Shares,NASDAQ,Uncategorized
CNTN,"Canton Strategic Holdings, Inc.",NASDAQ,Uncategorized
CNTX,Context Therapeutics Inc.,NASDAQ,Uncategorized
CNTY,"Century Casinos, Inc.",NASDAQ,Uncategorized
CNVS,Cineverse Corp. - Class A,NASDAQ,Uncategorized
CNX,CNX Resources Corporation,NYSE,Uncategorized
CNXC,Concentrix Corporation,NASDAQ,Uncategorized
CNXN,"PC Connection, Inc.",NASDAQ,Uncategorized
CNXT,VanEck ChiNext ETF,NYSE ARCA,Uncategorized
CNYA,iShares MSCI China A ETF,BATS,Uncategorized
COAL,Range Global Coal Index ETF,NYSE ARCA,Uncategorized
COCH,"Envoy Medical, Inc. - Class A",NASDAQ,Uncategorized
COCHW,"Envoy Medical, Inc. - Warrant",NASDAQ,Uncategorized
COCO,"The Vita Coco Company, Inc.",NASDAQ,Uncategorized
COCP,"Cocrystal Pharma, Inc.",NASDAQ,Uncategorized
CODA,"Coda Octopus Group, Inc.",NASDAQ,Uncategorized
CODI,D/B/A Compass Diversified Holdings Shares of Beneficial Interest,NYSE,Uncategorized
CODI$A,Compass Diversified Holdings 7.250% Series A Preferred Shares representing beneficial interest in Compass Diversified Holdings,NYSE,Uncategorized
CODI$B,Compass Diversified Holdings 7.875% Series B Fixed-to-Floating Rate Cumulative Preferred Shares representing beneficial interests in Compass Diversified Holdings,NYSE,Uncategorized
CODI$C,Compass Diversified Holdings 7.875% Series C Cumulative Preferred Shares,NYSE,Uncategorized
COE,"51Talk Online Education Group American depositary shares, each representing 60 Class A ordinary shares",NYSE MKT,Uncategorized
COEP,"Coeptis Therapeutics Holdings, Inc.",NASDAQ,Uncategorized
COEPW,"Coeptis Therapeutics Holdings, Inc. - Warrants",NASDAQ,Uncategorized
COF,Capital One Financial Corporation,NYSE,Uncategorized
COF$I,"Capital One Financial Corporation Depositary shares each representing a 1/40th interest in a share of Fixed Rate Non-Cumulative Perpetual Preferred Stock, Series I of the Issuer",NYSE,Uncategorized
COF$J,"Capital One Financial Corporation Depositary Shares, Each Representing a 1/40th Interest in a Share of Fixed Rate Non- Cumulative Perpetual Preferred Stock, Series J",NYSE,Uncategorized
COF$K,"Capital One Financial Corporation Depositary Shares, Each Representing a 1/40th Ownership Interest in a Share of Fixed Rate Non-Cumulative Perpetual Preferred Stock, Series K",NYSE,Uncategorized
COF$L,"Capital One Financial Corporation Depositary Shares, Each Representing a 1/40th Interest in a Share of Fixed Rate Non-Cumulative Perpetual Preferred Stock, Series L",NYSE,Uncategorized
COF$N,"Capital One Financial Corporation Depositary Shares, Each Representing a 1/40th Ownership Interest in a Share of Fixed Rate Non-Cumulative Perpetual Preferred Stock, Series N",NYSE,Uncategorized
COFS,"ChoiceOne Financial Services, Inc.",NASDAQ,Uncategorized
COGT,"Cogent Biosciences, Inc.",NASDAQ,Uncategorized
COHN,Cohen & Company Inc.,NYSE MKT,Uncategorized
COHR,Coherent Corp.,NYSE,Uncategorized
COHU,"Cohu, Inc.",NASDAQ,Uncategorized
COHX,Tradr 2X Long COHR Daily ETF,BATS,Uncategorized
COIA,ProShares Ultra COIN,NYSE ARCA,Uncategorized
COIG,Leverage Shares 2X Long COIN Daily ETF,NASDAQ,Uncategorized
COII,REX COIN Growth & Income ETF,BATS,Uncategorized
COIN,"Coinbase Global, Inc. - 3Class A",NASDAQ,Uncategorized
COIO,Leverage Shares 2x Capped Accelerated COIN Monthly ETF,BATS,Uncategorized
COIW,Roundhill COIN WeeklyPay ETF,BATS,Uncategorized
COKE,"Coca-Cola Consolidated, Inc.",NASDAQ,Uncategorized
COLA,Columbus Acquisition Corp - Ordinary Shares,NASDAQ,Uncategorized
COLAR,Columbus Acquisition Corp - Rights,NASDAQ,Uncategorized
COLAU,Columbus Acquisition Corp,NASDAQ,Uncategorized
COLB,"Columbia Banking System, Inc.",NASDAQ,Uncategorized
COLD,"Americold Realty Trust, Inc.",NYSE,Uncategorized
COLL,"Collegium Pharmaceutical, Inc.",NASDAQ,Uncategorized
COLM,Columbia Sportswear Company,NASDAQ,Uncategorized
COLO,Global X MSCI Colombia ETF,NYSE ARCA,Uncategorized
COM,Direxion Auspice Broad Commodity Strategy ETF,NYSE ARCA,Uncategorized
COMB,GraniteShares Bloomberg Commodity Broad Strategy No K-1 ETF,NYSE ARCA,Uncategorized
COMD,Global X Commodity Strategy ETF,BATS,Uncategorized
COMP,"Compass, Inc. Class A",NYSE,Uncategorized
COMT,iShares GSCI Commodity Dynamic Roll Strategy ETF,NASDAQ,Uncategorized
CON,"Concentra Group Holdings Parent, Inc.",NYSE,Uncategorized
CONI,GraniteShares 2x Short COIN Daily ETF,NASDAQ,Uncategorized
CONL,GraniteShares 2x Long COIN Daily ETF,NASDAQ,Uncategorized
CONX,Direxion Daily COIN Bull 2X ETF,NASDAQ,Uncategorized
CONY,YieldMax COIN Option Income Strategy ETF,NYSE ARCA,Uncategorized
COO,"The Cooper Companies, Inc.",NASDAQ,Uncategorized
COOK,"Traeger, Inc.",NYSE,Uncategorized
COOT,Australian Oilseeds Holdings Limited - Ordinary Shares,NASDAQ,Uncategorized
COOTW,Australian Oilseeds Holdings Limited - Warrant,NASDAQ,Uncategorized
COP,ConocoPhillips,NYSE,Uncategorized
COPA,Themes Copper Miners ETF,BATS,Uncategorized
COPJ,Sprott Junior Copper Miners ETF,NASDAQ,Uncategorized
COPL,Copley Acquisition Corp Ordinary Shares,NYSE,Uncategorized
COPL.U,"Copley Acquisition Corp Units, each consisting of one ordinary share and one-half warrant",NYSE,Uncategorized
COPL.W,"Copley Acquisition Corp Redeemable warrants, each whole warrant exercisable for one Class A ordinary share at an exercise price of $11.50",NYSE,Uncategorized
COPP,Sprott Copper Miners ETF,NASDAQ,Uncategorized
COPX,Global X Copper Miners ETF,NYSE ARCA,Uncategorized
COPY,"Tweedy, Browne Insider + Value ETF",NYSE ARCA,Uncategorized
COPZ,Defiance Daily Target 2x Long Copper ETF,NYSE ARCA,Uncategorized
COR,"Cencora, Inc.",NYSE,Uncategorized
CORB,AB Core Bond ETF,NYSE ARCA,Uncategorized
CORD,T-REX 2X Inverse CRWV Daily Target ETF,BATS,Uncategorized
CORN,Teucrium Corn Fund ETV,NYSE ARCA,Uncategorized
CORO,iShares International Country Rotation Active ETF,NASDAQ,Uncategorized
CORP,PIMCO Investment Grade Corporate Bond Index Exchange-Traded Fund,NYSE ARCA,Uncategorized
CORT,Corcept Therapeutics Incorporated,NASDAQ,Uncategorized
CORZ,"Core Scientific, Inc.",NASDAQ,Uncategorized
CORZW,"Core Scientific, Inc. - Tranche 1 Warrants",NASDAQ,Uncategorized
CORZZ,"Core Scientific, Inc. - Tranche 2 Warrants",NASDAQ,Uncategorized
COSM,Cosmos Health Inc.,NASDAQ,Uncategorized
COSO,"CoastalSouth Bancshares, Inc.",NYSE,Uncategorized
COST,Costco Wholesale Corporation,NASDAQ,Uncategorized
COSW,Roundhill COST WeeklyPay ETF,BATS,Uncategorized
COTG,Leverage Shares 2X Long COST Daily ETF,NASDAQ,Uncategorized
COTY,Coty Inc. Class A,NYSE,Uncategorized
COUR,"Coursera, Inc.",NYSE,Uncategorized
COWG,Pacer US Large Cap Cash Cows Growth Leaders ETF,NASDAQ,Uncategorized
COWS,Amplify Cash Flow Dividend Leaders ETF,NASDAQ,Uncategorized
COWZ,Pacer US Cash Cows 100 ETF,BATS,Uncategorized
COYA,"Coya Therapeutics, Inc.",NASDAQ,Uncategorized
COYY,GraniteShares YieldBOOST COIN ETF,NASDAQ,Uncategorized
COZX,Tradr 2X Long CORZ Daily ETF,BATS,Uncategorized
CP,Canadian Pacific Kansas City Limited Common Shares,NYSE,Uncategorized
CPA,"Copa Holdings, S.A. Class A",NYSE,Uncategorized
CPAC,Cementos Pacasmayo S.A.A. American Depositary Shares (Each representing five Common Shares),NYSE,Uncategorized
CPAG,F/m Compoundr U.S. Aggregate Bond ETF,NASDAQ,Uncategorized
CPAI,Counterpoint Quantitative Equity ETF,NYSE,Uncategorized
CPAY,"Corpay, Inc.",NYSE,Uncategorized
CPB,The Campbell's Company,NASDAQ,Uncategorized
CPBI,"Central Plains Bancshares, Inc.",NASDAQ,Uncategorized
CPER,United States Copper Index Fund ETV,NYSE ARCA,Uncategorized
CPF,Central Pacific Financial Corp New,NYSE,Uncategorized
CPHC,Canterbury Park Holding Corporation,NASDAQ,Uncategorized
CPHI,"China Pharma Holdings, Inc.",NYSE MKT,Uncategorized
CPHY,F/m Compoundr High Yield Bond ETF,NASDAQ,Uncategorized
CPII,American Beacon Ionic Inflation Protection ETF,NYSE ARCA,Uncategorized
CPIX,Cumberland Pharmaceuticals Inc.,NASDAQ,Uncategorized
CPK,Chesapeake Utilities Corporation,NYSE,Uncategorized
CPLB,NYLI MacKay Core Plus Bond ETF,NYSE ARCA,Uncategorized
CPLS,AB Core Plus Bond ETF,NASDAQ,Uncategorized
CPNG,"Coupang, Inc. Class A",NYSE,Uncategorized
CPNJ,Calamos Nasdaq - 100 Structured Alt Protection ETF -June,NYSE ARCA,Uncategorized
CPNM,Calamos Nasdaq-100 Structured Alt Protection ETF - March,NYSE ARCA,Uncategorized
CPNQ,Calamos Nasdaq-100 Structured Alt Protection ETF December,NYSE ARCA,Uncategorized
CPNS,Calamos Nasdaq-100 Structured Alt Protection ETF  September,NYSE ARCA,Uncategorized
CPOP,"Pop Culture Group Co., Ltd",NASDAQ,Uncategorized
CPRA,Calamos Russell 2000 Structured Alt Protection ETF - April,NYSE ARCA,Uncategorized
CPRI,Capri Holdings Limited Ordinary Shares,NYSE,Uncategorized
CPRJ,Calamos Russell 2000 Structured Alt Protection ETF  July,NYSE ARCA,Uncategorized
CPRO,Calamos Russell 2000 Structured Alt Protection ETF - October,NYSE ARCA,Uncategorized
CPRT,"Copart, Inc.",NASDAQ,Uncategorized
CPRX,"Catalyst Pharmaceuticals, Inc.",NASDAQ,Uncategorized
CPRY,Calamos Russell 2000 Structured Alt Protection ETF January,NYSE ARCA,Uncategorized
CPS,Cooper-Standard Holdings Inc.,NYSE,Uncategorized
CPSA,Calamos S&P 500 Structured Alt Protection ETF  August,NYSE ARCA,Uncategorized
CPSD,Calamos S&P 500 Structured Alt Protection ETF December,NYSE ARCA,Uncategorized
CPSF,Calamos S&P 500 Structured Alt Protection ETF February,NYSE ARCA,Uncategorized
CPSH,CPS Technologies Corp.,NASDAQ,Uncategorized
CPSJ,Calamos S&P 500 Structured Alt Protection ETF  July,NYSE ARCA,Uncategorized
CPSL,Calamos Laddered S&P 500 Structured Alt Protection ETF,BATS,Uncategorized
CPSM,Calamos S&P 500 Structured Alt Protection ETF  May,NYSE ARCA,Uncategorized
CPSN,Calamos S&P 500 Structured Alt Protection ETF November,NYSE ARCA,Uncategorized
CPSO,Calamos S&P 500 Structured Alt Protection ETF - October,NYSE ARCA,Uncategorized
CPSP,Calamos S&P 500 Structured Alt Protection ETF - April,NYSE ARCA,Uncategorized
CPSR,Calamos S&P 500 Structured Alt Protection ETF - March,NYSE ARCA,Uncategorized
CPSS,"Consumer Portfolio Services, Inc.",NASDAQ,Uncategorized
CPST,Calamos S&P 500 Structured Alt Protection ETF  September,NYSE ARCA,Uncategorized
CPSU,Calamos S&P 500 Structured Alt Protection ETF June,NYSE ARCA,Uncategorized
CPSY,Calamos S&P 500 Structured Alt Protection ETF January,NYSE ARCA,Uncategorized
CPT,Camden Property Trust,NYSE,Uncategorized
CPXR,USCF Daily Target 2X Copper Index ETF,NYSE ARCA,Uncategorized
CPZ,Calamos Long/Short Equity & Dynamic Income Trust - Closed End Fund,NASDAQ,Uncategorized
CQP,"Cheniere Energy Partners, LP Common Units",NYSE,Uncategorized
CQQQ,Invesco China Technology ETF,NYSE ARCA,Uncategorized
CR,Crane Company,NYSE,Uncategorized
CRAC,Crown Reserve Acquisition Corp. I,NASDAQ,Uncategorized
CRACR,Crown Reserve Acquisition Corp. I - Rights,NASDAQ,Uncategorized
CRACU,Crown Reserve Acquisition Corp. I,NASDAQ,Uncategorized
CRACW,Crown Reserve Acquisition Corp. I - Warrant,NASDAQ,Uncategorized
CRAI,"CRA International,Inc.",NASDAQ,Uncategorized
CRAK,VanEck Oil Refiners ETF,NYSE ARCA,Uncategorized
CRAN,Crane Harbor Acquisition Corp. II,NASDAQ,Uncategorized
CRANR,Crane Harbor Acquisition Corp. II - Rights,NASDAQ,Uncategorized
CRANU,Crane Harbor Acquisition Corp. II,NASDAQ,Uncategorized
CRAQ,Cal Redwood Acquisition Corp.,NASDAQ,Uncategorized
CRAQR,Cal Redwood Acquisition Corp. - Right,NASDAQ,Uncategorized
CRAQU,Cal Redwood Acquisition Corp.,NASDAQ,Uncategorized
CRBD,Corebridge Financial Inc. 6.375% Junior Subordinated Notes due 2064,NYSE,Uncategorized
CRBG,Corebridge Financial Inc.,NYSE,Uncategorized
CRBN,iShares Low Carbon Optimized MSCI ACWI ETF,NYSE ARCA,Uncategorized
CRBP,"Corbus Pharmaceuticals Holdings, Inc.",NASDAQ,Uncategorized
CRBU,"Caribou Biosciences, Inc.",NASDAQ,Uncategorized
CRC,California Resources Corporation,NYSE,Uncategorized
CRCA,ProShares Ultra CRCL,NYSE ARCA,Uncategorized
CRCD,T-REX 2X Inverse CRCL Daily Target ETF,BATS,Uncategorized
CRCG,Leverage Shares 2X Long CRCL Daily ETF,NASDAQ,Uncategorized
CRCL,"Circle Internet Group, Inc. Class A",NYSE,Uncategorized
CRCO,YieldMax CRCL Option Income Strategy ETF,NYSE ARCA,Uncategorized
CRCT,"Cricut, Inc. - Class A",NASDAQ,Uncategorized
CRD.A,Crawford & Company,NYSE,Uncategorized
CRD.B,Crawford & Company,NYSE,Uncategorized
CRDF,"Cardiff Oncology, Inc.",NASDAQ,Uncategorized
CRDL,Cardiol Therapeutics Inc.,NASDAQ,Uncategorized
CRDO,Credo Technology Group Holding Ltd - Ordinary Shares,NASDAQ,Uncategorized
CRDT,Simplify Opportunistic Income ETF,NYSE ARCA,Uncategorized
CRDU,Tradr 2X Long CRDO Daily ETF,BATS,Uncategorized
CRE,Cre8 Enterprise Limited,NASDAQ,Uncategorized
CRED,Columbia Research Enhanced Real Estate ETF,NYSE ARCA,Uncategorized
CREG,Smart Powerr Corp.,NASDAQ,Uncategorized
CRESW,Cresud S.A.C.I.F. y A. - Warrant,NASDAQ,Uncategorized
CRESY,"Cresud S.A.C.I.F. y A. - American Depositary Shares, each representing ten shares of",NASDAQ,Uncategorized
CREX,"Creative Realities, Inc.",NASDAQ,Uncategorized
CRF,"Cornerstone Total Return Fund, Inc. (The)",NYSE MKT,Uncategorized
CRGO,Freightos Limited - Ordinary shares,NASDAQ,Uncategorized
CRGOW,Freightos Limited - Warrants,NASDAQ,Uncategorized
CRGY,Crescent Energy Company Class A,NYSE,Uncategorized
CRH,CRH PLC Ordinary Shares,NYSE,Uncategorized
CRI,"Carter's, Inc.",NYSE,Uncategorized
CRIS,"Curis, Inc.",NASDAQ,Uncategorized
CRK,"Comstock Resources, Inc.",NYSE,Uncategorized
CRL,"Charles River Laboratories International, Inc.",NYSE,Uncategorized
CRM,"Salesforce, Inc.",NYSE,Uncategorized
CRMD,CorMedix Inc.,NASDAQ,Uncategorized
CRMG,Leverage Shares 2X Long CRM Daily ETF,NASDAQ,Uncategorized
CRML,Critical Metals Corp. - Ordinary Shares,NASDAQ,Uncategorized
CRMLW,Critical Metals Corp. - Warrants,NASDAQ,Uncategorized
CRMT,"America's Car-Mart, Inc.",NASDAQ,Uncategorized
CRMU,Leverage Shares 2x Long CRML Daily ETF,NASDAQ,Uncategorized
CRMX,Tradr 2X Long CRML Daily ETF,BATS,Uncategorized
CRNC,Cerence Inc.,NASDAQ,Uncategorized
CRNT,Ceragon Networks Ltd. - Ordinary Shares,NASDAQ,Uncategorized
CRNX,"Crinetics Pharmaceuticals, Inc.",NASDAQ,Uncategorized
CRON,Cronos Group Inc. - Common Share,NASDAQ,Uncategorized
CROX,"Crocs, Inc.",NASDAQ,Uncategorized
CRPT,First Trust SkyBridge Crypto Industry and Digital Economy ETF,NYSE ARCA,Uncategorized
CRS,Carpenter Technology Corporation,NYSE,Uncategorized
CRSH,YieldMax Short TSLA Option Income Strategy ETF,NYSE ARCA,Uncategorized
CRSP,CRISPR Therapeutics AG - Common Shares,NASDAQ,Uncategorized
CRSR,"Corsair Gaming, Inc.",NASDAQ,Uncategorized
CRT,Cross Timbers Royalty Trust,NYSE,Uncategorized
CRTC,Xtrackers US National Critical Technologies ETF,NYSE ARCA,Uncategorized
CRTO,Criteo S.A. - American Depositary Shares,NASDAQ,Uncategorized
CRUS,"Cirrus Logic, Inc.",NASDAQ,Uncategorized
CRVL,CorVel Corp.,NASDAQ,Uncategorized
CRVO,CervoMed Inc.,NASDAQ,Uncategorized
CRVS,"Corvus Pharmaceuticals, Inc.",NASDAQ,Uncategorized
CRWD,"CrowdStrike Holdings, Inc. - Class A",NASDAQ,Uncategorized
CRWG,Leverage Shares 2X Long CRWV Daily ETF,NASDAQ,Uncategorized
CRWL,GraniteShares 2x Long CRWD Daily ETF,NASDAQ,Uncategorized
CRWS,"Crown Crafts, Inc.",NASDAQ,Uncategorized
CRWU,T-REX 2X Long CRWV Daily Target ETF,BATS,Uncategorized
CRWV,"CoreWeave, Inc. - Class A",NASDAQ,Uncategorized
CRXP,Columbia Core Plus Bond ETF,NYSE ARCA,Uncategorized
CSAI,"Cloudastructure, Inc. - Class A",NASDAQ,Uncategorized
CSAN,Cosan S.A. ADS,NYSE,Uncategorized
CSB,VictoryShares US Small Cap High Div Volatility Wtd ETF,NASDAQ,Uncategorized
CSBR,"Champions Oncology, Inc.",NASDAQ,Uncategorized
CSCL,Direxion Daily CSCO Bull 2X ETF,NASDAQ,Uncategorized
CSCO,"Cisco Systems, Inc.",NASDAQ,Uncategorized
CSCS,Direxion Daily CSCO Bear 1X ETF,NASDAQ,Uncategorized
CSD,Invesco S&P Spin-Off ETF,NYSE ARCA,Uncategorized
CSEX,Tradr 2X Long CLS Daily ETF,BATS,Uncategorized
CSGP,"CoStar Group, Inc.",NASDAQ,Uncategorized
CSGS,"CSG Systems International, Inc.",NASDAQ,Uncategorized
CSHI,NEOS Enhanced Income 1-3 Month T-Bill ETF,NYSE ARCA,Uncategorized
CSHP,iShares Enhanced Short-Term Bond Active ETF,NYSE ARCA,Uncategorized
CSIO,Cohen & Steers Infrastructure Opportunities Active ETF,NYSE ARCA,Uncategorized
CSIQ,Canadian Solar Inc. - Common Shares,NASDAQ,Uncategorized
CSL,Carlisle Companies Incorporated,NYSE,Uncategorized
CSM,ProShares Large Cap Core Plus,BATS,Uncategorized
CSMD,Congress SMid Growth ETF,NYSE ARCA,Uncategorized
CSNR,Cohen & Steers Natural Resources Active ETF,NYSE ARCA,Uncategorized
CSPF,Cohen & Steers Preferred and Income Opportunities Active ETF,NYSE ARCA,Uncategorized
CSPI,CSP Inc.,NASDAQ,Uncategorized
CSQ,Calamos Strategic Total Return Fund - Closed End Fund,NASDAQ,Uncategorized
CSR,D/B/A Centerspace,NYSE,Uncategorized
CSRE,Cohen & Steers Real Estate Active ETF,NYSE ARCA,Uncategorized
CSSD,Cohen & Steers Short Duration Preferred and Income Active ETF,NYSE ARCA,Uncategorized
CSTE,Caesarstone Ltd. - Ordinary Shares,NASDAQ,Uncategorized
CSTK,Invesco Comstock Contrarian Equity ETF,BATS,Uncategorized
CSTL,"Castle Biosciences, Inc.",NASDAQ,Uncategorized
CSTM,Constellium SE Ordinary Shares (France),NYSE,Uncategorized
CSV,"Carriage Services, Inc.",NYSE,Uncategorized
CSW,"CSW Industrials, Inc.",NYSE,Uncategorized
CSWC,Capital Southwest Corporation,NASDAQ,Uncategorized
CSX,CSX Corporation,NASDAQ,Uncategorized
CTA,Simplify Managed Futures Strategy ETF,NYSE ARCA,Uncategorized
CTA$A,"EIDP, Inc. Preferred Stock $3.50 Series",NYSE,Uncategorized
CTA$B,"EIDP, Inc. Preferred Stock $4.50 Series",NYSE,Uncategorized
CTAAU,ClearThink 1 Acquisition Corp.,NASDAQ,Uncategorized
CTAP,Simplify US Equity PLUS Managed Futures Strategy ETF,NYSE ARCA,Uncategorized
CTAS,Cintas Corporation,NASDAQ,Uncategorized
CTBB,Qwest Corporation 6.5% Notes due 2056,NYSE,Uncategorized
CTBI,"Community Trust Bancorp, Inc.",NASDAQ,Uncategorized
CTDD,Qwest Corporation 6.75% Notes due 2057,NYSE,Uncategorized
CTEC,Global X CleanTech ETF,NASDAQ,Uncategorized
CTEF,Castellan Targeted Equity ETF,BATS,Uncategorized
CTEV,Claritev Corporation Class A,NYSE,Uncategorized
CTEX,ProShares S&P Kensho Cleantech ETF,NYSE ARCA,Uncategorized
CTGO,"Contango ORE, Inc.",NYSE MKT,Uncategorized
CTIF,Castellan Targeted Income ETF,BATS,Uncategorized
CTKB,"Cytek Biosciences, Inc.",NASDAQ,Uncategorized
CTLP,"Cantaloupe, Inc.",NASDAQ,Uncategorized
CTM,"Castellum, Inc.",NYSE MKT,Uncategorized
CTMX,"CytomX Therapeutics, Inc.",NASDAQ,Uncategorized
CTNM,"Contineum Therapeutics, Inc.",NASDAQ,Uncategorized
CTNT,Cheetah Net Supply Chain Service Inc. - Class A,NASDAQ,Uncategorized
CTO,"CTO Realty Growth, Inc.",NYSE,Uncategorized
CTO$A,"CTO Realty Growth, Inc. 6.375% Series A Cumulative Redeemable Preferred Stock",NYSE,Uncategorized
CTOR,"Citius Oncology, Inc.",NASDAQ,Uncategorized
CTOS,"Custom Truck One Source, Inc.",NYSE,Uncategorized
CTRA,Coterra Energy Inc.,NYSE,Uncategorized
CTRE,"CareTrust REIT, Inc.",NYSE,Uncategorized
CTRI,"Centuri Holdings, Inc.",NYSE,Uncategorized
CTRM,Castor Maritime Inc. - Common Shares,NASDAQ,Uncategorized
CTRN,"Citi Trends, Inc.",NASDAQ,Uncategorized
CTS,CTS Corporation,NYSE,Uncategorized
CTSH,Cognizant Technology Solutions Corporation - Class A,NASDAQ,Uncategorized
CTSO,Cytosorbents Corporation,NASDAQ,Uncategorized
CTVA,"Corteva, Inc.",NYSE,Uncategorized
CTW,CTW Cayman,NASDAQ,Uncategorized
CTWO,Common units,NYSE ARCA,Uncategorized
CTXR,"Citius Pharmaceuticals, Inc.",NASDAQ,Uncategorized
CUB,Lionheart Holdings,NASDAQ,Uncategorized
CUBB,"Customers Bancorp, Inc 5.375% Subordinated Notes Due 2034",NYSE,Uncategorized
CUBE,CubeSmart Common Shares,NYSE,Uncategorized
CUBI,"Customers Bancorp, Inc",NYSE,Uncategorized
CUBWU,Lionheart Holdings,NASDAQ,Uncategorized
CUBWW,Lionheart Holdings - Warrant,NASDAQ,Uncategorized
CUE,"Cue Biopharma, Inc.",NASDAQ,Uncategorized
CUK,Carnival Plc ADS ADS,NYSE,Uncategorized
CULP,"Culp, Inc.",NYSE,Uncategorized
CUPR,Cuprina Holdings (Cayman) Limited - Ordinary shares,NASDAQ,Uncategorized
CURB,Curbline Properties Corp.,NYSE,Uncategorized
CURE,Direxion Daily Healthcare Bull 3X Shares,NYSE ARCA,Uncategorized
CURI,CuriosityStream Inc.  - Class A,NASDAQ,Uncategorized
CURR,Currenc Group Inc. - Ordinary Shares,NASDAQ,Uncategorized
CURV,Torrid Holdings Inc.,NYSE,Uncategorized
CURX,Curanex Pharmaceuticals Inc,NASDAQ,Uncategorized
CUSD,CrossingBridge Ultra-Short Duration ETF,NASDAQ,Uncategorized
CUT,Invesco MSCI Global Timber ETF,NYSE ARCA,Uncategorized
CUZ,Cousins Properties Incorporated,NYSE,Uncategorized
CV,"CapsoVision, Inc.",NASDAQ,Uncategorized
CVAR,Cultivar ETF,BATS,Uncategorized
CVBF,CVB Financial Corporation,NASDAQ,Uncategorized
CVCO,"Cavco Industries, Inc.",NASDAQ,Uncategorized
CVE,Cenovus Energy Inc,NYSE,Uncategorized
CVEO,Civeo Corporation (Canada) Common Shares,NYSE,Uncategorized
CVGI,"Commercial Vehicle Group, Inc.",NASDAQ,Uncategorized
CVGW,"Calavo Growers, Inc.",NASDAQ,Uncategorized
CVI,CVR Energy Inc.,NYSE,Uncategorized
CVIE,Calvert International Responsible Index ETF,NYSE ARCA,Uncategorized
CVKD,"Cadrenal Therapeutics, Inc.",NASDAQ,Uncategorized
CVLC,Calvert US Large-Cap Core Responsible Index ETF,NYSE ARCA,Uncategorized
CVLG,"Covenant Logistics Group, Inc. Class A",NYSE,Uncategorized
CVLT,"Commvault Systems, Inc.",NASDAQ,Uncategorized
CVM,Cel-Sci Corporation,NYSE MKT,Uncategorized
CVMC,Calvert US Mid-Cap Core Responsible Index ETF,NYSE ARCA,Uncategorized
CVNA,Carvana Co. Class A,NYSE,Uncategorized
CVNX,Defiance Daily Target 2X Long CVNA ETF,NASDAQ,Uncategorized
CVNY,YieldMax CVNA Option Income Strategy ETF,NYSE ARCA,Uncategorized
CVR,Chicago Rivet & Machine Co.,NYSE MKT,Uncategorized
CVRD,Madison Covered Call ETF,NYSE ARCA,Uncategorized
CVRT,Calamos Convertible Equity Alternative ETF,NYSE ARCA,Uncategorized
CVRX,"CVRx, Inc.",NASDAQ,Uncategorized
CVS,CVS Health Corporation,NYSE,Uncategorized
CVSA,Covista Inc. Common Shares,NYSE,Uncategorized
CVSB,Calvert Ultra-Short Investment Grade ETF,NYSE ARCA,Uncategorized
CVU,"CPI Aerostructures, Inc.",NYSE MKT,Uncategorized
CVV,CVD Equipment Corporation,NASDAQ,Uncategorized
CVX,Chevron Corporation,NYSE,Uncategorized
CVY,Invesco Zacks Multi-Asset Income ETF,NYSE ARCA,Uncategorized
CW,Curtiss-Wright Corporation,NYSE,Uncategorized
CWAN,"Clearwater Analytics Holdings, Inc. Class A",NYSE,Uncategorized
CWB,State Street SPDR Bloomberg Convertible Securities ETF,NYSE ARCA,Uncategorized
CWBC,Community West Bancshares,NASDAQ,Uncategorized
CWCO,Consolidated Water Co. Ltd. - Ordinary Shares,NASDAQ,Uncategorized
CWD,CaliberCos Inc. - Class A,NASDAQ,Uncategorized
CWEB,Direxion Daily CSI China Internet Index Bull 2X Shares,NYSE ARCA,Uncategorized
CWEN,"Clearway Energy, Inc. Class C",NYSE,Uncategorized
CWEN.A,"Clearway Energy, Inc. Class A",NYSE,Uncategorized
CWH,"Camping World Holdings, Inc. Class A",NYSE,Uncategorized
CWI,State Street SPDR MSCI ACWI ex-US ETF,NYSE ARCA,Uncategorized
CWII,REX CRWV Growth & Income ETF,BATS,Uncategorized
CWK,Cushman & Wakefield Ltd. Common Shares,NYSE,Uncategorized
CWS,AdvisorShares Focused Equity ETF,NYSE ARCA,Uncategorized
CWST,"Casella Waste Systems, Inc. - Class A",NASDAQ,Uncategorized
CWT,California Water Service Group,NYSE,Uncategorized
CWVX,Tradr 2X Long CRWV Daily ETF,BATS,Uncategorized
CX,"Cemex, S.A.B. de C.V. Sponsored ADR",NYSE,Uncategorized
CXAI,CXApp Inc. - Class A,NASDAQ,Uncategorized
CXAIW,CXApp Inc. - Warrant,NASDAQ,Uncategorized
CXDO,"Crexendo, Inc.",NASDAQ,Uncategorized
CXE,MFS High Income Municipal Trust,NYSE,Uncategorized
CXH,MFS Investment Grade Municipal Trust,NYSE,Uncategorized
CXM,"Sprinklr, Inc. Class A",NYSE,Uncategorized
CXRN,Teucrium 2x Daily Corn ETF,NYSE ARCA,Uncategorized
CXSE,WisdomTree China ex-State-Owned Enterprises Fund,NASDAQ,Uncategorized
CXT,"Crane NXT, Co.",NYSE,Uncategorized
CXW,"CoreCivic, Inc.",NYSE,Uncategorized
CYCN,"Cyclerion Therapeutics, Inc.",NASDAQ,Uncategorized
CYCU,"Cycurion, Inc.",NASDAQ,Uncategorized
CYCUW,"Cycurion, Inc. - Warrants",NASDAQ,Uncategorized
CYD,China Yuchai International Limited,NYSE,Uncategorized
CYH,"Community Health Systems, Inc.",NYSE,Uncategorized
CYN,Cyngn Inc.,NASDAQ,Uncategorized
CYPH,Cypherpunk Technologies Inc.,NASDAQ,Uncategorized
CYRX,"CryoPort, Inc.",NASDAQ,Uncategorized
CYTK,"Cytokinetics, Incorporated",NASDAQ,Uncategorized
CZA,Invesco Zacks Mid-Cap ETF,NYSE ARCA,Uncategorized
CZAR,Themes Natural Monopoly ETF,NASDAQ,Uncategorized
CZFS,"Citizens Financial Services, Inc.",NASDAQ,Uncategorized
CZNC,Citizens & Northern Corp,NASDAQ,Uncategorized
CZR,"Caesars Entertainment, Inc.",NASDAQ,Uncategorized
CZWI,"Citizens Community Bancorp, Inc.",NASDAQ,Uncategorized
D,"Dominion Energy, Inc.",NYSE,Uncategorized
DAAQ,Digital Asset Acquisition Corp.,NASDAQ,Uncategorized
DAAQU,Digital Asset Acquisition Corp.,NASDAQ,Uncategorized
DAAQW,Digital Asset Acquisition Corp. - Warrant,NASDAQ,Uncategorized
DABS,DoubleLine Asset-Backed Securities ETF,NYSE ARCA,Uncategorized
DAC,Danaos Corporation,NYSE,Uncategorized
DADS,Digital Asset Debt Strategy ETF,NASDAQ,Uncategorized
DAIC,"CID HoldCo, Inc.",NASDAQ,Uncategorized
DAICW,"CID HoldCo, Inc. - Warrants",NASDAQ,Uncategorized
DAIO,Data I/O Corporation,NASDAQ,Uncategorized
DAK,Dakota Active Equity ETF,NASDAQ,Uncategorized
DAKT,"Daktronics, Inc.",NASDAQ,Uncategorized
DAL,"Delta Air Lines, Inc.",NYSE,Uncategorized
DALI,First Trust Dorsey Wright DALI Equity ETF,NASDAQ,Uncategorized
DAMD,Defiance Daily Target 2X Short AMD ETF,NYSE ARCA,Uncategorized
DAN,Dana Incorporated,NYSE,Uncategorized
DANA,Dana Limited Volatility ETF,NYSE ARCA,Uncategorized
DAO,"Youdao, Inc. American Depositary Shares, each representing one Class A Ordinary Share",NYSE,Uncategorized
DAPP,VanEck Digital Transformation ETF,NASDAQ,Uncategorized
DAPR,FT Vest U.S. Equity Deep Buffer ETF - April,BATS,Uncategorized
DAR,Darling Ingredients Inc.,NYSE,Uncategorized
DARE,"Dare Bioscience, Inc.",NASDAQ,Uncategorized
DARP,Grizzle Growth ETF,NYSE ARCA,Uncategorized
DASH,"DoorDash, Inc.",NASDAQ,Uncategorized
DASX,Tradr 2X Long DASH Daily ETF,BATS,Uncategorized
DAT,ProShares Big Data Refiners ETF,NYSE ARCA,Uncategorized
DAUG,FT Vest U.S. Equity Deep Buffer ETF - August,BATS,Uncategorized
DAVA,Endava plc American Depositary Shares (each representing one Class A Ordinary Share),NYSE,Uncategorized
DAVE,Dave Inc.  - Class A,NASDAQ,Uncategorized
DAVEW,Dave Inc.  - Warrants,NASDAQ,Uncategorized
DAWN,"Day One Biopharmaceuticals, Inc.",NASDAQ,Uncategorized
DAX,Global X DAX Germany ETF,NASDAQ,Uncategorized
DB,Deutsche Bank AG,NYSE,Uncategorized
DBA,Invesco DB Agriculture Fund,NYSE ARCA,Uncategorized
DBAW,Xtrackers MSCI All World ex US Hedged Equity ETF,NYSE ARCA,Uncategorized
DBB,Invesco DB Base Metals Fund,NYSE ARCA,Uncategorized
DBC,Invesco DB Commodity Index Tracking Fund,NYSE ARCA,Uncategorized
DBCA,D. Boral Acquisition I Corp.,NASDAQ,Uncategorized
DBCAU,D. Boral Acquisition I Corp.,NASDAQ,Uncategorized
DBCAW,D. Boral Acquisition I Corp. - Warrants,NASDAQ,Uncategorized
DBD,Diebold Nixdorf Incorporated,NYSE,Uncategorized
DBE,Invesco DB Energy Fund,NYSE ARCA,Uncategorized
DBEF,Xtrackers MSCI EAFE Hedged Equity ETF,NYSE ARCA,Uncategorized
DBEM,Xtrackers MSCI Emerging Markets Hedged Equity ETF,NYSE ARCA,Uncategorized
DBEU,Xtrackers MSCI Europe Hedged Equity ETF,NYSE ARCA,Uncategorized
DBEZ,Xtrackers MSCI Eurozone Hedged Equity ETF,NYSE ARCA,Uncategorized
DBGI,"Digital Brands Group, Inc.",NASDAQ,Uncategorized
DBI,Designer Brands Inc. Class A,NYSE,Uncategorized
DBJP,Xtrackers MSCI Japan Hedged Equity ETF,NYSE ARCA,Uncategorized
DBL,DoubleLine Opportunistic Credit Fund Common Shares of Beneficial Interest,NYSE,Uncategorized
DBMF,iMGP DBi Managed Futures Strategy ETF,NYSE ARCA,Uncategorized
DBND,DoubleLine Opportunistic Core Bond ETF,NYSE ARCA,Uncategorized
DBO,Invesco DB Oil Fund,NYSE ARCA,Uncategorized
DBP,Invesco DB Precious Metals Fund,NYSE ARCA,Uncategorized
DBRG,"DigitalBridge Group, Inc.",NYSE,Uncategorized
DBRG$H,"DigitalBridge Group, Inc. 7.125% Series H",NYSE,Uncategorized
DBRG$I,"DigitalBridge Group, Inc. 7.15% Series I",NYSE,Uncategorized
DBRG$J,"DigitalBridge Group, Inc. 7.125% Series J",NYSE,Uncategorized
DBSC,Deepwater Beachfront Small Cap ETF,NASDAQ,Uncategorized
DBVT,DBV Technologies S.A. - American Depositary Shares,NASDAQ,Uncategorized
DBX,"Dropbox, Inc. - Class A",NASDAQ,Uncategorized
DC,Dakota Gold Corp.,NYSE MKT,Uncategorized
DC.W,"Dakota Gold Corp. Warrants, each warrant exercisable for one Common Share at an exercise price of $2.08",NYSE MKT,Uncategorized
DCBO,Docebo Inc. - Common Shares,NASDAQ,Uncategorized
DCGO,DocGo Inc.,NASDAQ,Uncategorized
DCH,Dauch Corporation,NYSE,Uncategorized
DCI,"Donaldson Company, Inc.",NYSE,Uncategorized
DCMT,DoubleLine Commodity Strategy ETF,NYSE ARCA,Uncategorized
DCO,Ducommun Incorporated,NYSE,Uncategorized
DCOM,"Dime Community Bancshares, Inc.",NASDAQ,Uncategorized
DCOMG,"Dime Community Bancshares, Inc. - 9.000% Fixed-to-Floating Rate Subordinated Notes due 2034",NASDAQ,Uncategorized
DCOMP,"Dime Community Bancshares, Inc. - Fixed-Rate Non-Cumulative Perpetual Preferred Stock, Series A",NASDAQ,Uncategorized
DCOR,Dimensional US Core Equity 1 ETF,NYSE ARCA,Uncategorized
DCOY,Decoy Therapeutics Inc.,NASDAQ,Uncategorized
DCRE,DoubleLine Commercial Real Estate Debt ETF,NYSE ARCA,Uncategorized
DCTH,"Delcath Systems, Inc.",NASDAQ,Uncategorized
DCX,Digital Currency X Technology Inc.,NASDAQ,Uncategorized
DD,"DuPont de Nemours, Inc.",NYSE,Uncategorized
DDC,DDC Enterprise Limited Class A Ordinary Shares,NYSE MKT,Uncategorized
DDD,3D Systems Corporation,NYSE,Uncategorized
DDEC,FT Vest U.S. Equity Deep Buffer ETF - December,BATS,Uncategorized
DDFD,Innovator Equity Dual Directional 15 Buffer ETF - December,BATS,Uncategorized
DDFF,Innovator Equity Dual Directional 15 Buffer ETF - February,BATS,Uncategorized
DDFJ,Innovator Equity Dual Directional 15 Buffer ETF - January,BATS,Uncategorized
DDFL,Innovator Equity Dual Directional 15 Buffer ETF - July,BATS,Uncategorized
DDFN,Innovator Equity Dual Directional 15 Buffer ETF - November,BATS,Uncategorized
DDFO,Innovator Equity Dual Directional 15 Buffer ETF - October,BATS,Uncategorized
DDFS,Innovator Equity Dual Directional 15 Buffer ETF - September,BATS,Uncategorized
DDI,"DoubleDown Interactive Co., Ltd. - American Depository Shares",NASDAQ,Uncategorized
DDIV,First Trust Dorsey Wright Momentum & Dividend ETF,NASDAQ,Uncategorized
DDL,Dingdong (Cayman) Limited American Depositary Shares (each two representing three Ordinary Shares),NYSE,Uncategorized
DDLS,WisdomTree Dynamic International SmallCap Equity Fund,BATS,Uncategorized
DDM,ProShares Ultra Dow30,NYSE ARCA,Uncategorized
DDNQ,Innovator Growth-100 Dual Directional 5 Buffer ETF - Quarterly,BATS,Uncategorized
DDOG,"Datadog, Inc. - Class A",NASDAQ,Uncategorized
DDS,"Dillard's, Inc.",NYSE,Uncategorized
DDSQ,Innovator Equity Dual Directional 5 Buffer ETF - Quarterly,BATS,Uncategorized
DDT,Dillard's Capital Trust I,NYSE,Uncategorized
DDTD,Innovator Equity Dual Directional 10 Buffer ETF - December,BATS,Uncategorized
DDTF,Innovator Equity Dual Directional 10 Buffer ETF - February,BATS,Uncategorized
DDTJ,Innovator Equity Dual Directional 10 Buffer ETF - January,BATS,Uncategorized
DDTL,Innovator Equity Dual Directional 10 Buffer ETF - July,BATS,Uncategorized
DDTN,Innovator Equity Dual Directional 10 Buffer ETF - November,BATS,Uncategorized
DDTO,Innovator Equity Dual Directional 10 Buffer ETF - October,BATS,Uncategorized
DDTS,Innovator Equity Dual Directional 10 Buffer ETF - September,BATS,Uncategorized
DDV,Defined Duration 5 ETF,BATS,Uncategorized
DDWM,WisdomTree Dynamic International Equity Fund,BATS,Uncategorized
DDX,Defined Duration 10 ETF,BATS,Uncategorized
DDXX,Defined Duration 20 ETF,BATS,Uncategorized
DE,Deere & Company,NYSE,Uncategorized
DEA,"Easterly Government Properties, Inc.",NYSE,Uncategorized
DEC,Diversified Energy Company,NYSE,Uncategorized
DECK,Deckers Outdoor Corporation,NYSE,Uncategorized
DECM,FT Vest U.S. Equity Max Buffer ETF - December,BATS,Uncategorized
DECO,SPDR Galaxy Digital Asset Ecosystem ETF,NASDAQ,Uncategorized
DECP,PGIM S&P 500 Buffer 12 ETF - December,BATS,Uncategorized
DECT,AllianzIM U.S. Large Cap Buffer10 Dec ETF,BATS,Uncategorized
DECU,AllianzIM U.S. Equity Buffer15 Uncapped Dec ETF,BATS,Uncategorized
DECW,AllianzIM U.S. Large Cap Buffer20 Dec ETF,BATS,Uncategorized
DECZ,TrueShares Structured Outcome (December) ETF,BATS,Uncategorized
DEED,First Trust Securitized Plus ETF,NYSE ARCA,Uncategorized
DEEF,Xtrackers FTSE Developed ex US Multifactor ETF,NYSE ARCA,Uncategorized
DEEP,Acquirers Small and Micro Deep Value ETF,NYSE ARCA,Uncategorized
DEFI,Hashdex Bitcoin ETF,NYSE ARCA,Uncategorized
DEFR,Aptus Deferred Income ETF,BATS,Uncategorized
DEFT,"Defi Technologies, Inc.",NASDAQ,Uncategorized
DEHP,Dimensional Emerging Markets High Profitability ETF,NYSE ARCA,Uncategorized
DEI,"Douglas Emmett, Inc.",NYSE,Uncategorized
DELL,Dell Technologies Inc. Class C,NYSE,Uncategorized
DEM,WisdomTree Emerging Markets High Dividend Fund,NYSE ARCA,Uncategorized
DEMZ,Democratic Large Cap Core ETF,NASDAQ,Uncategorized
DEO,Diageo plc,NYSE,Uncategorized
DERM,Journey Medical Corporation,NASDAQ,Uncategorized
DES,WisdomTree U.S. SmallCap Dividend Fund,NYSE ARCA,Uncategorized
DESK,VanEck Office and Commercial REIT ETF,NYSE ARCA,Uncategorized
DEUS,Xtrackers Russell US Multifactor ETF,NYSE ARCA,Uncategorized
DEVS,DevvStream Corp.,NASDAQ,Uncategorized
DEW,WisdomTree Global High Dividend Fund,NYSE ARCA,Uncategorized
DEXC,Dimensional Emerging Markets ex China Core Equity ETF,NYSE ARCA,Uncategorized
DFAC,Dimensional U.S. Core Equity 2 ETF,NYSE ARCA,Uncategorized
DFAE,Dimensional Emerging Core Equity Market ETF,NYSE ARCA,Uncategorized
DFAI,Dimensional International Core Equity Market ETF,NYSE ARCA,Uncategorized
DFAR,Dimensional US Real Estate ETF,NYSE ARCA,Uncategorized
DFAS,Dimensional U.S. Small Cap ETF,NYSE ARCA,Uncategorized
DFAT,Dimensional U.S. Targeted Value ETF,NYSE ARCA,Uncategorized
DFAU,Dimensional US Core Equity Market ETF,NYSE ARCA,Uncategorized
DFAW,Dimensional World Equity ETF,NYSE ARCA,Uncategorized
DFAX,Dimensional World ex U.S. Core Equity 2 ETF,NYSE ARCA,Uncategorized
DFCA,Dimensional California Municipal Bond ETF,NYSE ARCA,Uncategorized
DFCF,Dimensional Core Fixed Income ETF,NYSE ARCA,Uncategorized
DFDV,DeFi Development Corp.,NASDAQ,Uncategorized
DFDVW,DeFi Development Corp. - Warrant,NASDAQ,Uncategorized
DFE,WisdomTree Europe SmallCap Dividend Fund,NYSE ARCA,Uncategorized
DFEB,FT Vest U.S. Equity Deep Buffer ETF - February,BATS,Uncategorized
DFEM,Dimensional Emerging Markets Core Equity 2 ETF,NYSE ARCA,Uncategorized
DFEN,Direxion Daily Aerospace & Defense Bull 3X Shares,NYSE ARCA,Uncategorized
DFEV,Dimensional Emerging Markets Value ETF,NYSE ARCA,Uncategorized
DFGP,Dimensional Global Core Plus Fixed Income ETF,NASDAQ,Uncategorized
DFGR,Dimensional Global Real Estate ETF,NYSE ARCA,Uncategorized
DFGX,Dimensional Global ex US Core Fixed Income ETF,NASDAQ,Uncategorized
DFH,"Dream Finders Homes, Inc. Class A",NYSE,Uncategorized
DFIC,Dimensional International Core Equity 2 ETF,BATS,Uncategorized
DFII,FT Vest Bitcoin Strategy & Target Income ETF,NYSE ARCA,Uncategorized
DFIN,"Donnelley Financial Solutions, Inc.",NYSE,Uncategorized
DFIP,Dimensional Inflation-Protected Securities ETF,NYSE ARCA,Uncategorized
DFIS,Dimensional International Small Cap ETF,BATS,Uncategorized
DFIV,Dimensional International Value ETF,NYSE ARCA,Uncategorized
DFJ,WisdomTree Japan SmallCap Fund,NYSE ARCA,Uncategorized
DFLI,Dragonfly Energy Holdings Corp,NASDAQ,Uncategorized
DFLIW,Dragonfly Energy Holdings Corp - Warrant,NASDAQ,Uncategorized
DFLV,Dimensional US Large Cap Value ETF,NYSE ARCA,Uncategorized
DFNL,Davis Select Financial ETF,BATS,Uncategorized
DFNM,Dimensional National Municipal Bond ETF,NYSE ARCA,Uncategorized
DFNS,T3 Defense Inc.,NASDAQ,Uncategorized
DFNSW,T3 Defense Inc. - Warrants,NASDAQ,Uncategorized
DFP,Flaherty & Crumrine Dynamic Preferred and Income Fund Inc.,NYSE,Uncategorized
DFSB,Dimensional Global Sustainability Fixed Income ETF,NYSE ARCA,Uncategorized
DFSC,"DEFSEC Technologies Inc. - common stock, no R/S concurrent with offering",NASDAQ,Uncategorized
DFSCW,DEFSEC Technologies Inc. - warrant,NASDAQ,Uncategorized
DFSD,Dimensional Short-Duration Fixed Income ETF,NYSE ARCA,Uncategorized
DFSE,Dimensional Emerging Markets Sustainability Core 1 ETF,NYSE ARCA,Uncategorized
DFSI,Dimensional International Sustainability Core 1 ETF,NYSE ARCA,Uncategorized
DFSU,Dimensional US Sustainability Core 1 ETF,NYSE ARCA,Uncategorized
DFSV,Dimensional US Small Cap Value ETF,NYSE ARCA,Uncategorized
DFTT,DF Tactical 30 ETF,NYSE ARCA,Uncategorized
DFTX,"Definium Therapeutics, Inc.  - Common Shares",NASDAQ,Uncategorized
DFUS,Dimensional U.S. Equity Market ETF,NYSE ARCA,Uncategorized
DFUV,Dimensional US Marketwide Value ETF,NYSE ARCA,Uncategorized
DFVE,DoubleLine Fortune 500 Equal Weight ETF,NYSE ARCA,Uncategorized
DFVX,Dimensional US Large Cap Vector ETF,NYSE ARCA,Uncategorized
DG,Dollar General Corporation,NYSE,Uncategorized
DGCB,Dimensional Global Credit ETF,NASDAQ,Uncategorized
DGICA,"Donegal Group, Inc. - Class A",NASDAQ,Uncategorized
DGICB,"Donegal Group, Inc. - Class B",NASDAQ,Uncategorized
DGII,Digi International Inc.,NASDAQ,Uncategorized
DGIN,VanEck Digital India ETF,NYSE ARCA,Uncategorized
DGJA,FT Vest U.S. Equity Buffer & Digital Return ETF - January,BATS,Uncategorized
DGLO,First Trust RBA Deglobalization ETF,NASDAQ,Uncategorized
DGNX,Diginex Limited - Ordinary Shares,NASDAQ,Uncategorized
DGOC,FT Vest U.S. Equity Buffer & Digital Return ETF - October,BATS,Uncategorized
DGP,"DB Gold Double Long ETN due February 15, 2038",NYSE ARCA,Uncategorized
DGRE,WisdomTree Emerging Markets Quality Dividend Growth Fund,NASDAQ,Uncategorized
DGRO,iShares Core Dividend Growth ETF,NYSE ARCA,Uncategorized
DGRS,WisdomTree U.S. SmallCap Quality Dividend Growth Fund,NASDAQ,Uncategorized
DGRW,WisdomTree U.S. Quality Dividend Growth Fund,NASDAQ,Uncategorized
DGS,WisdomTree Emerging Market SmallCap Fund,NYSE ARCA,Uncategorized
DGT,State Street SPDR Global Dow ETF,NYSE ARCA,Uncategorized
DGX,Quest Diagnostics Incorporated,NYSE,Uncategorized
DGXX,Digi Power X Inc. - Common Subordinate Voting Shares,NASDAQ,Uncategorized
DGZ,"DB Gold Short ETN due February 15, 2038",NYSE ARCA,Uncategorized
DH,Definitive Healthcare Corp. - Class A,NASDAQ,Uncategorized
DHC,Diversified Healthcare Trust  - Common Shares of Beneficial Interest,NASDAQ,Uncategorized
DHCNI,Diversified Healthcare Trust  - 5.625% Senior Notes due 2042,NASDAQ,Uncategorized
DHCNL,Diversified Healthcare Trust  - 6.25% Senior Notes Due 2046,NASDAQ,Uncategorized
DHDG,FT Vest U.S. Equity Quarterly 2.5 to 15 Buffer ETF,BATS,Uncategorized
DHF,BNY Mellon High Yield Strategies Fund,NYSE,Uncategorized
DHI,"D.R. Horton, Inc.",NYSE,Uncategorized
DHIL,"Diamond Hill Investment Group, Inc. - Class A",NASDAQ,Uncategorized
DHLX,Diamond Hill Large Cap Concentrated ETF,NYSE ARCA,Uncategorized
DHR,Danaher Corporation,NYSE,Uncategorized
DHS,WisdomTree U.S. High Dividend Fund,NYSE ARCA,Uncategorized
DHSB,Day Hagan Smart Buffer ETF,NYSE ARCA,Uncategorized
DHT,"DHT Holdings, Inc.",NYSE,Uncategorized
DHX,"DHI Group, Inc.",NYSE,Uncategorized
DHY,Credit Suisse High Yield Credit Fund,NYSE MKT,Uncategorized
DIA,State Street SPDR Dow Jones Industrial Average ETF Trust,NYSE ARCA,Uncategorized
DIAL,Columbia Diversified Fixed Income Allocation ETF,NYSE ARCA,Uncategorized
DIAX,Nuveen Dow 30SM Dynamic Overwrite Fund Common Shares of Beneficial Interest,NYSE,Uncategorized
DIBS,"1stdibs.com, Inc.",NASDAQ,Uncategorized
DIEM,Franklin Emerging Market Core Dividend Tilt Index ETF,NYSE ARCA,Uncategorized
DIG,ProShares Ultra Energy,NYSE ARCA,Uncategorized
DIHP,Dimensional International High Profitability ETF,BATS,Uncategorized
DIM,WisdomTree International MidCap Dividend Fund,NYSE ARCA,Uncategorized
DIME,CoinShares Altcoins ETF,NASDAQ,Uncategorized
DIN,"Dine Brands Global, Inc.",NYSE,Uncategorized
DINO,HF Sinclair Corporation,NYSE,Uncategorized
DINT,Davis Select International ETF,BATS,Uncategorized
DIOD,Diodes Incorporated,NASDAQ,Uncategorized
DIPS,YieldMax Short NVDA Option Income Strategy ETF,NYSE ARCA,Uncategorized
DIS,Walt Disney Company (The),NYSE,Uncategorized
DISO,YieldMax DIS Option Income Strategy ETF,NYSE ARCA,Uncategorized
DISV,Dimensional International Small Cap Value ETF,BATS,Uncategorized
DIT,AMCON Distributing Company,NYSE MKT,Uncategorized
DIV,Global X Super Dividend ETF,NYSE ARCA,Uncategorized
DIVB,iShares Core Dividend ETF,BATS,Uncategorized
DIVD,Altrius Global Dividend ETF,NASDAQ,Uncategorized
DIVE,Dana Concentrated Dividend ETF,NYSE ARCA,Uncategorized
DIVG,Invesco S&P 500 High Dividend Growers ETF,NYSE ARCA,Uncategorized
DIVI,Franklin International Core Dividend Tilt Index ETF,NYSE ARCA,Uncategorized
DIVL,Madison Dividend Value ETF,NYSE ARCA,Uncategorized
DIVN,Horizon Dividend Income ETF,BATS,Uncategorized
DIVO,Amplify CWP Enhanced Dividend Income ETF,NYSE ARCA,Uncategorized
DIVP,Cullen Enhanced Equity Income ETF,NYSE ARCA,Uncategorized
DIVS,Guinness Atkinson Dividend Builder ETF,NYSE ARCA,Uncategorized
DIVY,Sound Equity Dividend Income ETF,NYSE,Uncategorized
DIVZ,Polen Dividend Income ETF,NYSE ARCA,Uncategorized
DJAN,FT Vest U.S. Equity Deep Buffer ETF - January,BATS,Uncategorized
DJCO,Daily Journal Corp. (S.C.),NASDAQ,Uncategorized
DJD,Invesco Dow Jones Industrial Average Dividend ETF,NYSE ARCA,Uncategorized
DJIA,Global X Dow 30 Covered Call ETF,NYSE ARCA,Uncategorized
DJP,iPath Bloomberg Commodity Index Total Return ETN,NYSE ARCA,Uncategorized
DJT,Trump Media & Technology Group Corp.,NASDAQ,Uncategorized
DJTU,T-REX 2X Long DJT Daily Target ETF,BATS,Uncategorized
DJTWW,Trump Media & Technology Group Corp. - Warrants,NASDAQ,Uncategorized
DJUL,FT Vest U.S. Equity Deep Buffer ETF - July,BATS,Uncategorized
DJUN,FT Vest U.S. Equity Deep Buffer ETF - June,BATS,Uncategorized
DK,"Delek US Holdings, Inc.",NYSE,Uncategorized
DKI,DarkIris Inc.,NASDAQ,Uncategorized
DKL,"Delek Logistics Partners, L.P. Common Units representing Limited Partner Interests",NYSE,Uncategorized
DKNG,DraftKings Inc. - Class A,NASDAQ,Uncategorized
DKNX,Defiance Daily Target 2X Long DKNG ETF,NASDAQ,Uncategorized
DKS,Dick's Sporting Goods Inc,NYSE,Uncategorized
DKUP,T-REX 2X Long DKNG Daily Target ETF,BATS,Uncategorized
DLAG,FT Vest U.S. Equity Dual Directional Buffer ETF - August,BATS,Uncategorized
DLB,Dolby Laboratories,NYSE,Uncategorized
DLFE,FT Vest U.S. Equity Dual Directional Buffer ETF - February,BATS,Uncategorized
DLHC,DLH Holdings Corp.,NASDAQ,Uncategorized
DLLL,GraniteShares 2x Long DELL Daily ETF,NASDAQ,Uncategorized
DLN,WisdomTree U.S. LargeCap Dividend Fund,NYSE ARCA,Uncategorized
DLNG,Dynagas LNG Partners LP Common Units,NYSE,Uncategorized
DLNG$A,Dynagas LNG Partners LP 9.00% Series A Cumulative Redeemable Preferred Units,NYSE,Uncategorized
DLNV,FT Vest U.S. Equity Dual Directional Buffer ETF - November,BATS,Uncategorized
DLO,DLocal Limited,NASDAQ,Uncategorized
DLPN,"Dolphin Entertainment, Inc.",NASDAQ,Uncategorized
DLR,"Digital Realty Trust, Inc.",NYSE,Uncategorized
DLR$J,"Digital Realty Trust, Inc. 5.250% Series J Cumulative Redeemable Preferred Stock",NYSE,Uncategorized
DLR$K,"Digital Realty Trust, Inc. 5.850% Series K Cumulative Redeemable Preferred Stock, par value $0.01 per share",NYSE,Uncategorized
DLR$L,"Digital Realty Trust, Inc. 5.200% Series L Cumulative Redeemable Preferred Stock",NYSE,Uncategorized
DLS,WisdomTree International SmallCap Fund,NYSE ARCA,Uncategorized
DLTH,Duluth Holdings Inc. - Class B,NASDAQ,Uncategorized
DLTR,"Dollar Tree, Inc.",NASDAQ,Uncategorized
DLX,Deluxe Corporation,NYSE,Uncategorized
DLXY,Delixy Holdings Limited - Ordinary Shares,NASDAQ,Uncategorized
DLY,DoubleLine Yield Opportunities Fund Common Shares of Beneficial Interest,NYSE,Uncategorized
DMA,Destra Multi-Alternative Fund,NYSE,Uncategorized
DMAA,Drugs Made In America Acquisition Corp. - Ordinary Shares,NASDAQ,Uncategorized
DMAAR,Drugs Made In America Acquisition Corp. - Rights,NASDAQ,Uncategorized
DMAAU,Drugs Made In America Acquisition Corp.,NASDAQ,Uncategorized
DMAC,DiaMedica Therapeutics Inc.,NASDAQ,Uncategorized
DMAR,FT Vest U.S. Equity Deep Buffer ETF - March,BATS,Uncategorized
DMAT,Global X Disruptive Materials ETF,NASDAQ,Uncategorized
DMAX,iShares Large Cap Max Buffer Dec ETF,BATS,Uncategorized
DMAY,FT Vest U.S. Equity Deep Buffer ETF - May,BATS,Uncategorized
DMB,"BNY Mellon Municipal Bond Infrastructure Fund, Inc.",NYSE,Uncategorized
DMBS,DoubleLine Mortgage ETF,NYSE ARCA,Uncategorized
DMII,Drugs Made In America Acquisition II Corp. - Ordinary Shares,NASDAQ,Uncategorized
DMIIR,Drugs Made In America Acquisition II Corp. - Right,NASDAQ,Uncategorized
DMIIU,Drugs Made In America Acquisition II Corp.,NASDAQ,Uncategorized
DMLP,"Dorchester Minerals, L.P. - Common Units Representing Limited Partnership Interests",NASDAQ,Uncategorized
DMO,Western Asset Mortgage Opportunity Fund Inc.,NYSE,Uncategorized
DMRC,Digimarc Corporation,NASDAQ,Uncategorized
DMX,DoubleLine Multi-Sector Income ETF,NYSE ARCA,Uncategorized
DMXF,iShares ESG Advanced MSCI EAFE ETF,NASDAQ,Uncategorized
DNA,"Ginkgo Bioworks Holdings, Inc. Class A",NYSE,Uncategorized
DNL,WisdomTree Global ex-U.S. Quality Growth Fund,NYSE ARCA,Uncategorized
DNLI,Denali Therapeutics Inc.,NASDAQ,Uncategorized
DNMX,Dynamix Corporation III,NASDAQ,Uncategorized
DNMXU,Dynamix Corporation III,NASDAQ,Uncategorized
DNMXW,Dynamix Corporation III - Warrants,NASDAQ,Uncategorized
DNN,Denison Mines Corp Ordinary Shares (Canada),NYSE MKT,Uncategorized
DNNG,Leverage Shares 2x Long DNN Daily ETF,NASDAQ,Uncategorized
DNOV,FT Vest U.S. Equity Deep Buffer ETF - November,BATS,Uncategorized
DNOW,DNOW Inc.,NYSE,Uncategorized
DNP,"DNP Select Income Fund, Inc.",NYSE,Uncategorized
DNTH,"Dianthus Therapeutics, Inc.",NASDAQ,Uncategorized
DNUT,"Krispy Kreme, Inc.",NASDAQ,Uncategorized
DOC,"Healthpeak Properties, Inc.",NYSE,Uncategorized
DOCN,"DigitalOcean Holdings, Inc.",NYSE,Uncategorized
DOCS,"Doximity, Inc. Class A",NYSE,Uncategorized
DOCT,FT Vest U.S. Equity Deep Buffer ETF - October,BATS,Uncategorized
DOCU,"DocuSign, Inc.",NASDAQ,Uncategorized
DOG,ProShares Short Dow30,NYSE ARCA,Uncategorized
DOGD,Tradr 2X Long DDOG Daily ETF,BATS,Uncategorized
DOGG,FT Vest DJIA Dogs 10 Target Income ETF,BATS,Uncategorized
DOGZ,Dogness (International) Corporation - Class A,NASDAQ,Uncategorized
DOJE,REX-Osprey DOGE ETF,BATS,Uncategorized
DOL,WisdomTree True Developed International Fund,NYSE ARCA,Uncategorized
DOLE,Dole plc Ordinary Shares,NYSE,Uncategorized
DOMH,Dominari Holdings Inc.,NASDAQ,Uncategorized
DOMO,"Domo, Inc. - Class B",NASDAQ,Uncategorized
DON,WisdomTree U.S. MidCap Dividend Fund,NYSE ARCA,Uncategorized
DOO,BRP Inc. - Common Subordinate Voting Shares,NASDAQ,Uncategorized
DORM,"Dorman Products, Inc.",NASDAQ,Uncategorized
DOUG,Douglas Elliman Inc.,NYSE,Uncategorized
DOV,Dover Corporation,NYSE,Uncategorized
DOW,Dow Inc.,NYSE,Uncategorized
DOX,Amdocs Limited - Ordinary Shares,NASDAQ,Uncategorized
DOYU,DouYu International Holdings Limited - American Depositary Shares,NASDAQ,Uncategorized
DPG,Duff & Phelps Utility and Infrastructure Fund Inc.,NYSE,Uncategorized
DPRO,Draganfly Inc. - Common Shares,NASDAQ,Uncategorized
DPST,Direxion Daily Regional Banks Bull 3X Shares,NYSE ARCA,Uncategorized
DPZ,Domino's Pizza Inc,NASDAQ,Uncategorized
DQ,"DAQO New Energy Corp. American Depositary Shares, each representing five ordinary shares",NYSE,Uncategorized
DRAI,Draco Evolution AI ETF,NYSE ARCA,Uncategorized
DRAY,YieldMax DKNG Option Income Strategy ETF,NYSE ARCA,Uncategorized
DRCT,"Direct Digital Holdings, Inc. - Class A",NASDAQ,Uncategorized
DRD,DRDGOLD Limited American Depositary Shares,NYSE,Uncategorized
DRDB,Roman DBDR Acquisition Corp. II - Ordinary shares,NASDAQ,Uncategorized
DRDBU,Roman DBDR Acquisition Corp. II,NASDAQ,Uncategorized
DRDBW,Roman DBDR Acquisition Corp. II - Warrants,NASDAQ,Uncategorized
DRES,GMO Domestic Resilience ETF,NYSE ARCA,Uncategorized
DRGN,Themes China Generative Artificial Intelligence ETF,BATS,Uncategorized
DRH,Diamondrock Hospitality Company,NASDAQ,Uncategorized
DRI,"Darden Restaurants, Inc.",NYSE,Uncategorized
DRIO,DarioHealth Corp.,NASDAQ,Uncategorized
DRIP,Direxion Daily S&P Oil & Gas Exp. & Prod. Bear 2X Shares,NYSE ARCA,Uncategorized
DRIV,Global X Autonomous & Electric Vehicles ETF,NASDAQ,Uncategorized
DRKY,VistaShares Target 15 DRUKMacro Distribution ETF,NYSE ARCA,Uncategorized
DRLL,Strive U.S. Energy ETF,NYSE,Uncategorized
DRMA,"Dermata Therapeutics, Inc.",NASDAQ,Uncategorized
DRMAW,"Dermata Therapeutics, Inc. - Warrant",NASDAQ,Uncategorized
DRN,Direxion Daily Real Estate Bull 3X Shares,NYSE ARCA,Uncategorized
DRNZ,REX Drone ETF,NASDAQ,Uncategorized
DRS,"Leonardo DRS, Inc.",NASDAQ,Uncategorized
DRSK,Aptus Defined Risk ETF,BATS,Uncategorized
DRTS,Alpha Tau Medical Ltd. - Ordinary Shares,NASDAQ,Uncategorized
DRTSW,Alpha Tau Medical Ltd. - Warrant,NASDAQ,Uncategorized
DRUG,Bright Minds Biosciences Inc.,NASDAQ,Uncategorized
DRUP,GraniteShares Nasdaq Select Disruptors ETF,NYSE ARCA,Uncategorized
DRV,Direxion Daily Real Estate Bear 3X Shares,NYSE ARCA,Uncategorized
DRVN,Driven Brands Holdings Inc.,NASDAQ,Uncategorized
DSAC,Daedalus Special Acquisition Corp.,NASDAQ,Uncategorized
DSACU,Daedalus Special Acquisition Corp.,NASDAQ,Uncategorized
DSACW,Daedalus Special Acquisition Corp. - Warrant,NASDAQ,Uncategorized
DSCO,DoubleLine Securitized Credit ETF,NYSE ARCA,Uncategorized
DSEP,FT Vest U.S. Equity Deep Buffer ETF - September,BATS,Uncategorized
DSGN,"Design Therapeutics, Inc.",NASDAQ,Uncategorized
DSGR,"Distribution Solutions Group, Inc.",NASDAQ,Uncategorized
DSGX,The Descartes Systems Group Inc.,NASDAQ,Uncategorized
DSI,iShares ESG MSCI KLD 400 ETF,NYSE ARCA,Uncategorized
DSL,DoubleLine Income Solutions Fund Common Shares of Beneficial Interests,NYSE,Uncategorized
DSM,"BNY Mellon Strategic Municipal Bond Fund, Inc.",NYSE,Uncategorized
DSMC,Distillate Small/Mid Cash Flow ETF,NYSE,Uncategorized
DSP,Viant Technology Inc.,NASDAQ,Uncategorized
DSPY,Tema S&P 500 Historical Weight ETF Strategy,NYSE ARCA,Uncategorized
DSS,"DSS, Inc.",NYSE MKT,Uncategorized
DSTL,Distillate U.S. Fundamental Stability & Value ETF,NYSE ARCA,Uncategorized
DSTX,Distillate International Fundamental Stability & Value ETF,NYSE,Uncategorized
DSU,"Blackrock Debt Strategies Fund, Inc.",NYSE,Uncategorized
DSWL,"Deswell Industries, Inc. - Common Shares",NASDAQ,Uncategorized
DSX,Diana Shipping inc.,NYSE,Uncategorized
DSX$B,Diana Shipping Inc. Perpetual Preferred Shares Series B (Marshall Islands),NYSE,Uncategorized
DSX.W,Diana Shipping inc. Warrants,NYSE,Uncategorized
DSY,Big Tree Cloud Holdings Limited,NASDAQ,Uncategorized
DSYWW,Big Tree Cloud Holdings Limited - Warrants,NASDAQ,Uncategorized
DT,"Dynatrace, Inc.",NYSE,Uncategorized
DTAN,Sparkline International Intangible Value ETF,NYSE ARCA,Uncategorized
DTB,DTE Energy Company 2020 Series G 4.375% Junior Subordinated Debentures due 2080,NYSE,Uncategorized
DTCK,Davis Commodities Limited,NASDAQ,Uncategorized
DTCR,Global X Data Center & Digital Infrastructure ETF,NASDAQ,Uncategorized
DTCX,"Datacentrex, Inc.",NASDAQ,Uncategorized
DTD,WisdomTree U.S. Total Dividend Fund,NYSE ARCA,Uncategorized
DTE,DTE Energy Company,NYSE,Uncategorized
DTEC,ALPS Disruptive Technologies ETF,NYSE ARCA,Uncategorized
DTF,DTF Tax-Free Income 2028 Term Fund Inc.,NYSE,Uncategorized
DTG,DTE Energy Company 2021 Series E 4.375% Junior Subordinated Debentures,NYSE,Uncategorized
DTH,WisdomTree International High Dividend Fund,NYSE ARCA,Uncategorized
DTI,Drilling Tools International Corporation,NASDAQ,Uncategorized
DTIL,"Precision BioSciences, Inc.",NASDAQ,Uncategorized
DTK,DTE Energy Company 2025 Series H 6.25% Junior Subordinated Debentures due 2085,NYSE,Uncategorized
DTM,"DT Midstream, Inc.",NYSE,Uncategorized
DTRE,First Trust Alerian Disruptive Technology Real Estate ETF,NYSE ARCA,Uncategorized
DTSQ,DT Cloud Star Acquisition Corporation - Ordinary Shares,NASDAQ,Uncategorized
DTSQR,DT Cloud Star Acquisition Corporation - Right,NASDAQ,Uncategorized
DTSQU,DT Cloud Star Acquisition Corporation,NASDAQ,Uncategorized
DTSS,Datasea Inc.,NASDAQ,Uncategorized
DTST,Data Storage Corporation,NASDAQ,Uncategorized
DTSTW,Data Storage Corporation - Warrant,NASDAQ,Uncategorized
DTW,DTE Energy Company 2017 Series E 5.25% Junior Subordinated Debentures due 2077,NYSE,Uncategorized
DUBS,Aptus Large Cap Enhanced Yield ETF,BATS,Uncategorized
DUG,ProShares UltraShort Energy,NYSE ARCA,Uncategorized
DUHP,Dimensional US High Profitability ETF,NYSE ARCA,Uncategorized
DUK,Duke Energy Corporation (Holding Company),NYSE,Uncategorized
DUK$A,"Duke Energy Corporation Depositary Shares, each representing a 1/1,000th interest in a share of 5.75% Series A Cumulative Redeemable Perpetual Preferred Stock",NYSE,Uncategorized
DUKB,Duke Energy Corporation 5.625% Junior Subordinated Debentures due 2078,NYSE,Uncategorized
DUKH,Ocean Park High Income ETF,NASDAQ,Uncategorized
DUKQ,Ocean Park Domestic ETF,NYSE ARCA,Uncategorized
DUKX,Ocean Park International ETF,NASDAQ,Uncategorized
DUKZ,Ocean Park Diversified Income ETF,NYSE ARCA,Uncategorized
DULL,"MicroSectors Gold -3X Inverse Leveraged ETNs due January 29, 2043",NYSE ARCA,Uncategorized
DUNK,Dana Unconstrained Equity ETF,NYSE ARCA,Uncategorized
DUO,Fangdd Network Group Ltd.,NASDAQ,Uncategorized
DUOG,Leverage Shares 2X Long DUOL Daily ETF,NASDAQ,Uncategorized
DUOL,"Duolingo, Inc. - Class A",NASDAQ,Uncategorized
DUOT,"Duos Technologies Group, Inc.",NASDAQ,Uncategorized
DURA,VanEck Durable High Dividend ETF,BATS,Uncategorized
DUSA,Davis Select U.S. Equity ETF,BATS,Uncategorized
DUSB,Dimensional Ultrashort Fixed Income ETF,NYSE ARCA,Uncategorized
DUSL,Direxion Daily Industrials Bull 3X Shares,NYSE ARCA,Uncategorized
DUST,Direxion Daily Gold Miners Index Bear 2X Shares,NYSE ARCA,Uncategorized
DV,"DoubleVerify Holdings, Inc.",NYSE,Uncategorized
DVA,DaVita Inc.,NYSE,Uncategorized
DVAL,BrandywineGLOBAL-Dynamic US Large Cap Value ETF,NASDAQ,Uncategorized
DVDN,Kingsbarn Dividend Opportunity ETF,NYSE ARCA,Uncategorized
DVGR,DAC 3D Dividend Growth ETF,NASDAQ,Uncategorized
DVIN,WEBs Industrials XLI Defined Volatility ETF,NASDAQ,Uncategorized
DVLT,Datavault AI Inc.,NASDAQ,Uncategorized
DVLU,First Trust Dorsey Wright Momentum & Value ETF,NASDAQ,Uncategorized
DVN,Devon Energy Corporation,NYSE,Uncategorized
DVND,Touchstone Dividend Select ETF,NYSE ARCA,Uncategorized
DVOL,First Trust Dorsey Wright Momentum & Low Volatility ETF,NASDAQ,Uncategorized
DVQQ,WEBs QQQ Defined Volatility ETF,NASDAQ,Uncategorized
DVRE,WEBs Real Estate XLRE Defined Volatility ETF,NASDAQ,Uncategorized
DVS,Dolly Varden Silver Corporation Common Shares,NYSE MKT,Uncategorized
DVSP,WEBs SPY Defined Volatility ETF,NASDAQ,Uncategorized
DVUT,WEBs Utilities XLU Defined Volatility ETF,NASDAQ,Uncategorized
DVXB,WEBs Materials XLB Defined Volatility ETF,NASDAQ,Uncategorized
DVXC,WEBs Communication Services XLC Defined Volatility ETF,NASDAQ,Uncategorized
DVXE,WEBs Energy XLE Defined Volatility ETF,NASDAQ,Uncategorized
DVXF,WEBs Financial XLF Defined Volatility ETF,NASDAQ,Uncategorized
DVXK,WEBs Technology XLK Defined Volatility ETF,NASDAQ,Uncategorized
DVXP,WEBs Consumer Staples XLP Defined Volatility ETF,NASDAQ,Uncategorized
DVXV,WEBs Health Care XLV Defined Volatility ETF,NASDAQ,Uncategorized
DVXY,WEBs Consumer Discretionary XLY Defined Volatility ETF,NASDAQ,Uncategorized
DVY,iShares Select Dividend ETF,NASDAQ,Uncategorized
DVYA,iShares Asia / Pacific Dividend 30 Index Fund Exchange Traded Fund,NYSE ARCA,Uncategorized
DVYE,iShares Emerging Markets Dividend Index Fund Exchange Traded Fund,NYSE ARCA,Uncategorized
DWAS,Invesco Dorsey Wright SmallCap Momentum ETF,NASDAQ,Uncategorized
DWAW,AdvisorShares Dorsey Wright FSM All Cap World ETF,NASDAQ,Uncategorized
DWLD,Davis Select Worldwide ETF,BATS,Uncategorized
DWM,WisdomTree International Equity Fund,NYSE ARCA,Uncategorized
DWMF,WisdomTree International Multifactor Fund,NYSE ARCA,Uncategorized
DWSH,AdvisorShares Dorsey Wright Short ETF,NASDAQ,Uncategorized
DWSN,Dawson Geophysical Company,NASDAQ,Uncategorized
DWTX,"Dogwood Therapeutics, Inc.",NASDAQ,Uncategorized
DWUS,AdvisorShares Dorsey Wright FSM US Core ETF,NASDAQ,Uncategorized
DWX,State Street SPDR S&P International Dividend ETF,NYSE ARCA,Uncategorized
DX,"Dynex Capital, Inc.",NYSE,Uncategorized
DX$C,"Dynex Capital, Inc. 6.900% Series C Fixed-to-Floating Rate Cumulative Redeemable Preferred Stock",NYSE,Uncategorized
DXC,DXC Technology Company,NYSE,Uncategorized
DXCM,"DexCom, Inc.",NASDAQ,Uncategorized
DXD,ProShares UltraShort Dow30,NYSE ARCA,Uncategorized
DXF,"Eason Technology Limited American Depositary Shares (each representing sixty-thousand (60,000) Ordinary Shares)",NYSE MKT,Uncategorized
DXIV,Dimensional International Vector Equity ETF,NYSE ARCA,Uncategorized
DXJ,WisdomTree Japan Hedged Equity Fund,NYSE ARCA,Uncategorized
DXLG,"Destination XL Group, Inc.",NASDAQ,Uncategorized
DXPE,"DXP Enterprises, Inc.",NASDAQ,Uncategorized
DXR,Daxor Corporation - Closed End Fund,NASDAQ,Uncategorized
DXST,Decent Holding Inc.,NASDAQ,Uncategorized
DXUV,Dimensional US Vector Equity ETF,NYSE ARCA,Uncategorized
DXYZ,Destiny Tech100 Inc.,NYSE,Uncategorized
DY,"Dycom Industries, Inc.",NYSE,Uncategorized
DYAI,"Dyadic International, Inc.",NASDAQ,Uncategorized
DYFI,IDX Dynamic Fixed Income ETF,NASDAQ,Uncategorized
DYLD,LeaderShares Dynamic Yield ETF,NYSE ARCA,Uncategorized
DYLG,Global X Dow 30 Covered Call & Growth ETF,NYSE ARCA,Uncategorized
DYN,"Dyne Therapeutics, Inc.",NASDAQ,Uncategorized
DYNB,Hartford Dynamic Bond ETF,NASDAQ,Uncategorized
DYNF,iShares U.S. Equity Factor Rotation Active ETF,NYSE ARCA,Uncategorized
DYOR,Insight Digital Partners II,NASDAQ,Uncategorized
DYORU,Insight Digital Partners II,NASDAQ,Uncategorized
DYORW,Insight Digital Partners II - Warrants,NASDAQ,Uncategorized
DYTA,SGI Dynamic Tactical ETF,NASDAQ,Uncategorized
DZZ,"DB Gold Double Short ETN due February 15, 2038",NYSE ARCA,Uncategorized
E,ENI S.p.A.,NYSE,Uncategorized
EA,Electronic Arts Inc.,NASDAQ,Uncategorized
EAD,Allspring Income Opportunities Fund Common Shares,NYSE MKT,Uncategorized
EAF,GrafTech International Ltd.,NYSE,Uncategorized
EAFG,Pacer Developed Markets Cash Cows Growth Leaders ETF,NYSE ARCA,Uncategorized
EAGG,iShares ESG Aware U.S. Aggregate Bond ETF,NYSE ARCA,Uncategorized
EAGL,Eagle Capital Select Equity ETF,NYSE ARCA,Uncategorized
EAI,"Entergy Arkansas, LLC First Mortgage Bonds, 4.875% Series Due September 1, 2066",NYSE,Uncategorized
EALT,Innovator U.S. Equity 5 to 15 Buffer ETF - Quarterly,BATS,Uncategorized
EAOA,iShares ESG Aware 80/20 Aggressive Allocation ETF,BATS,Uncategorized
EAOK,iShares ESG Aware 30/70 Conservative Allocation ETF,BATS,Uncategorized
EAOM,iShares ESG Aware 40/60 Moderate Allocation ETF,BATS,Uncategorized
EAOR,iShares ESG Aware 60/40 Balanced Allocation ETF,BATS,Uncategorized
EAPR,Innovator Emerging Markets Power Buffer ETF April,NYSE ARCA,Uncategorized
EARN,Ellington Credit Company Common Shares of Beneficial Interest,NYSE,Uncategorized
EASG,Xtrackers MSCI EAFE Selection Equity ETF,NYSE ARCA,Uncategorized
EASY,Liberty One Defensive Dividend Growth ETF,NASDAQ,Uncategorized
EAT,"Brinker International, Inc.",NYSE,Uncategorized
EATZ,AdvisorShares Restaurant ETF,NYSE ARCA,Uncategorized
EB,"Eventbrite, Inc. Class A",NYSE,Uncategorized
EBAY,eBay Inc.,NASDAQ,Uncategorized
EBC,"Eastern Bankshares, Inc.",NASDAQ,Uncategorized
EBF,"Ennis, Inc.",NYSE,Uncategorized
EBI,Longview Advantage ETF,NASDAQ,Uncategorized
EBIT,Harbor AlphaEdge Small Cap Earners ETF,NYSE ARCA,Uncategorized
EBIZ,Global X E-commerce ETF,NASDAQ,Uncategorized
EBMT,"Eagle Bancorp Montana, Inc.",NASDAQ,Uncategorized
EBND,SPDR Bloomberg Emerging Markets Local Bond ETF,NYSE ARCA,Uncategorized
EBON,Ebang International Holdings Inc.,NASDAQ,Uncategorized
EBS,Emergent BioSolutions Inc.,NYSE,Uncategorized
EBUF,Innovator Emerging Markets 10 Buffer ETF - Quarterly,NYSE ARCA,Uncategorized
EC,Ecopetrol S.A. American Depositary Shares,NYSE,Uncategorized
ECAT,BlackRock ESG Capital Allocation Term Trust Common Shares of Beneficial Interest,NYSE,Uncategorized
ECBK,"ECB Bancorp, Inc.",NASDAQ,Uncategorized
ECC,Eagle Point Credit Company Inc.,NYSE,Uncategorized
ECC$D,Eagle Point Credit Company Inc. 6.75% Series D Preferred Stock,NYSE,Uncategorized
ECCC,Eagle Point Credit Company Inc. 6.50% Series C Term Preferred Stock due 2031,NYSE,Uncategorized
ECCU,Eagle Point Credit Company Inc. 7.75% Notes due 2030,NYSE,Uncategorized
ECCV,Eagle Point Credit Company Inc. 5.375% Notes due 2029,NYSE,Uncategorized
ECCW,Eagle Point Credit Company Inc. 6.75% Notes due 2031,NYSE,Uncategorized
ECCX,Eagle Point Credit Company Inc. 6.6875% Notes due 2028,NYSE,Uncategorized
ECF,Ellsworth Growth and Income Fund Ltd.,NYSE MKT,Uncategorized
ECF$A,Ellsworth Growth and Income Fund Ltd. 5.25% Series A Cumulative Preferred Shares (Liquidation Preference $25.00 per share),NYSE MKT,Uncategorized
ECG,"Everus Construction Group, Inc.",NYSE,Uncategorized
ECH,iShares MSCI Chile ETF,BATS,Uncategorized
ECL,Ecolab Inc.,NYSE,Uncategorized
ECML,Euclidean Fundamental Value ETF,NYSE ARCA,Uncategorized
ECNS,iShares MSCI China Small-Cap ETF,NYSE ARCA,Uncategorized
ECO,Okeanis Eco Tankers Corp.,NYSE,Uncategorized
ECON,Columbia Research Enhanced Emerging Economies ETF,NYSE ARCA,Uncategorized
ECOR,"electroCore, Inc.",NASDAQ,Uncategorized
ECOW,Pacer Emerging Markets Cash Cows 100 ETF,NASDAQ,Uncategorized
ECPG,Encore Capital Group Inc,NASDAQ,Uncategorized
ECVT,Ecovyst Inc.,NYSE,Uncategorized
ECX,ECARX Holdings Inc.,NASDAQ,Uncategorized
ECXWW,ECARX Holdings Inc. - Warrants,NASDAQ,Uncategorized
ED,"Consolidated Edison, Inc.",NYSE,Uncategorized
EDAP,"EDAP TMS S.A. - American Depositary Shares, each representing One Ordinary Share",NASDAQ,Uncategorized
EDBL,Edible Garden AG Incorporated,NASDAQ,Uncategorized
EDBLW,Edible Garden AG Incorporated - Warrant,NASDAQ,Uncategorized
EDC,Direxion Emerging Markets Bull 3X Shares,NYSE ARCA,Uncategorized
EDD,"Morgan Stanley Emerging Markets Domestic Debt Fund, Inc.",NYSE,Uncategorized
EDEN,iShares MSCI Denmark ETF,BATS,Uncategorized
EDF,Virtus Stone Harbor Emerging Markets Income Fund Common Shares of Beneficial Interest,NYSE,Uncategorized
EDGE,MRBL Enhanced Equity ETF,BATS,Uncategorized
EDGF,3EDGE Dynamic Fixed Income ETF,NYSE ARCA,Uncategorized
EDGH,3EDGE Dynamic Hard Assets ETF,NYSE ARCA,Uncategorized
EDGI,3EDGE Dynamic International Equity ETF,NYSE ARCA,Uncategorized
EDGQ,Global X Nasdaq-100 Income Edge ETF,NYSE ARCA,Uncategorized
EDGU,3EDGE Dynamic US Equity ETF,NYSE ARCA,Uncategorized
EDGX,Global X U.S. 500 Income Edge ETF,NYSE ARCA,Uncategorized
EDHL,Everbright Digital Holding Limited - Ordinary Shares,NASDAQ,Uncategorized
EDIT,"Editas Medicine, Inc.",NASDAQ,Uncategorized
EDIV,State Street SPDR S&P Emerging Markets Dividend ETF,NYSE ARCA,Uncategorized
EDN,Empresa Distribuidora Y Comercializadora Norte S.A. (Edenor) American Depositary Shares,NYSE,Uncategorized
EDOG,ALPS Emerging Sector Dividend Dogs ETF,NYSE ARCA,Uncategorized
EDOW,First Trust Dow 30 Equal Weight ETF,NYSE ARCA,Uncategorized
EDRY,EuroDry Ltd. - Common Shares,NASDAQ,Uncategorized
EDSA,"Edesa Biotech, Inc. - Common Shares",NASDAQ,Uncategorized
EDTK,Skillful Craftsman Education Technology Limited - Ordinary Share,NASDAQ,Uncategorized
EDU,"New Oriental Education & Technology Group, Inc. Sponsored ADR representing 10 Ordinary Share (Cayman Islands)",NYSE,Uncategorized
EDUC,Educational Development Corporation,NASDAQ,Uncategorized
EDV,Vanguard Extended Duration Treasury ETF,NYSE ARCA,Uncategorized
EDZ,Direxion Emerging Markets Bear 3X Shares,NYSE ARCA,Uncategorized
EE,"Excelerate Energy, Inc. Class A",NYSE,Uncategorized
EEA,"The European Equity Fund, Inc.",NYSE,Uncategorized
EEE,CYBER HORNET S&P 500 and Ethereum 75/25 Strategy ETF,NASDAQ,Uncategorized
EEFT,"Euronet Worldwide, Inc.",NASDAQ,Uncategorized
EEIQ,EpicQuest Education Group International Limited,NASDAQ,Uncategorized
EELV,Invesco S&P Emerging Markets Low Volatility ETF,NYSE ARCA,Uncategorized
EEM,iShares MSCI Emerging Index Fund,NYSE ARCA,Uncategorized
EEMA,iShares MSCI Emerging Markets Asia ETF,NASDAQ,Uncategorized
EEMO,Invesco S&P Emerging Markets Momentum ETF,NYSE ARCA,Uncategorized
EEMS,iShares MSCI Emerging Markets Small Cap ETF,NYSE ARCA,Uncategorized
EEMV,iShares MSCI Emerging Markets Min Vol Factor ETF,BATS,Uncategorized
EEMX,State Street SPDR MSCI Emerging Markets Fossil Fuel Reserves Free ETF,NYSE ARCA,Uncategorized
EES,WisdomTree U.S. SmallCap Fund,NYSE ARCA,Uncategorized
EET,ProShares Ultra MSCI Emerging Markets,NYSE ARCA,Uncategorized
EETH,ProShares Ether ETF,NYSE ARCA,Uncategorized
EEV,ProShares UltraShort MSCI Emerging Markets,NYSE ARCA,Uncategorized
EEX,"Emerald Holding, Inc.",NYSE,Uncategorized
EFA,iShares MSCI EAFE ETF,NYSE ARCA,Uncategorized
EFAA,Invesco MSCI EAFE Income Advantage ETF,NYSE ARCA,Uncategorized
EFAD,ProShares MSCI EAFE Dividend Growers ETF,BATS,Uncategorized
EFAS,Global X MSCI SuperDividend EAFE ETF,NASDAQ,Uncategorized
EFAV,iShares MSCI EAFE Min Vol Factor ETF,BATS,Uncategorized
EFAX,State Street SPDR MSCI EAFE Fossil Fuel Reserves Free ETF,NYSE ARCA,Uncategorized
EFC,Ellington Financial Inc.,NYSE,Uncategorized
EFC$B,Ellington Financial Inc. 6.250% Series B Fixed-Rate Reset Cumulative Redeemable Preferred Stock,NYSE,Uncategorized
EFC$C,Ellington Financial Inc. 8.625% Series C Fixed-Rate Reset Cumulative Redeemable Preferred Stock,NYSE,Uncategorized
EFC$D,Ellington Financial Inc. 7.00% Series D Cumulative Perpetual Redeemable Preferred Stock,NYSE,Uncategorized
EFFE,Harbor Osmosis Emerging Markets Resource Efficient ETF,NYSE ARCA,Uncategorized
EFFI,Harbor Osmosis International Resource Efficient ETF,NYSE ARCA,Uncategorized
EFG,iShares MSCI EAFE Growth ETF,BATS,Uncategorized
EFIV,State Street SPDR S&P 500 ESG ETF,NYSE ARCA,Uncategorized
EFNL,iShares MSCI Finland ETF,BATS,Uncategorized
EFO,ProShares Ultra MSCI EAFE,NYSE ARCA,Uncategorized
EFOI,"Energy Focus, Inc.",NASDAQ,Uncategorized
EFR,Eaton Vance Senior Floating-Rate Fund Common Shares of Beneficial Interest,NYSE,Uncategorized
EFRA,iShares Environmental Infrastructure and Industrials ETF,NASDAQ,Uncategorized
EFSC,Enterprise Financial Services Corporation,NASDAQ,Uncategorized
EFSCP,"Enterprise Financial Services Corporation - Depositary Shares Each Representing a 1/40th Interest in a Share of 5% Fixed Rate Non-Cumulative Perpetual Preferred Stock, Series A",NASDAQ,Uncategorized
EFSI,Eagle Financial Services Inc,NASDAQ,Uncategorized
EFT,Eaton Vance Floating Rate Income Trust Common Shares of Beneficial Interest,NYSE,Uncategorized
EFTY,"Etoiles Capital Group Co., Ltd.",NASDAQ,Uncategorized
EFU,ProShares UltraShort MSCI EAFE,NYSE ARCA,Uncategorized
EFV,iShares MSCI EAFE Value ETF,BATS,Uncategorized
EFX,"Equifax, Inc.",NYSE,Uncategorized
EFXT,Enerflex Ltd Common Shares,NYSE,Uncategorized
EFZ,ProShares Short MSCI EAFE,NYSE ARCA,Uncategorized
EG,"Everest Group, Ltd.",NYSE,Uncategorized
EGAN,eGain Corporation,NASDAQ,Uncategorized
EGBN,"Eagle Bancorp, Inc.",NASDAQ,Uncategorized
EGG,Enigmatig Limited Class A Ordinary Shares,NYSE MKT,Uncategorized
EGGQ,NestYield Visionary ETF,NASDAQ,Uncategorized
EGGS,NestYield Total Return Guard ETF,NYSE ARCA,Uncategorized
EGGY,NestYield Dynamic Income ETF,NYSE ARCA,Uncategorized
EGHA,EGH Acquisition Corp.,NASDAQ,Uncategorized
EGHAR,EGH Acquisition Corp. - rights,NASDAQ,Uncategorized
EGHAU,EGH Acquisition Corp.,NASDAQ,Uncategorized
EGHT,8x8 Inc,NASDAQ,Uncategorized
EGLE,Global X S&P 500 U.S. Revenue Leaders ETF,NYSE ARCA,Uncategorized
EGO,Eldorado Gold Corporation Ordinary Shares,NYSE,Uncategorized
EGP,"EastGroup Properties, Inc.",NYSE,Uncategorized
EGUS,iShares ESG Aware MSCI USA Growth ETF,BATS,Uncategorized
EGY,"VAALCO Energy, Inc.",NYSE,Uncategorized
EH,EHang Holdings Limited - ADS,NASDAQ,Uncategorized
EHAB,"Enhabit, Inc.",NYSE,Uncategorized
EHC,Encompass Health Corporation,NYSE,Uncategorized
EHGO,Eshallgo Inc.,NASDAQ,Uncategorized
EHI,Western Asset Global High Income Fund Inc,NYSE,Uncategorized
EHLD,Euroholdings Ltd.,NASDAQ,Uncategorized
EHLS,Even Herd Long Short ETF,NASDAQ,Uncategorized
EHTH,"eHealth, Inc.",NASDAQ,Uncategorized
EHY,Amplify Ethereum Max Income Covered Call ETF,BATS,Uncategorized
EIC,Eagle Point Income Company Inc.,NYSE,Uncategorized
EICA,Eagle Point Income Company Inc. 5.00% Series A Term Preferred Stock due 2026,NYSE,Uncategorized
EICC,Eagle Point Income Company Inc. 8.00% Series C Term Preferred Stock due 2029,NYSE,Uncategorized
EIDO,iShares MSCI Indonesia ETF,NYSE ARCA,Uncategorized
EIG,Employers Holdings Inc,NYSE,Uncategorized
EIIA,Eagle Point Institutional Income Fund 8.125% Series A Term Preferred Shares Due 2029,NYSE,Uncategorized
EIKN,"Eikon Therapeutics, Inc.",NASDAQ,Uncategorized
EIM,"Eaton Vance Municipal Bond Fund Common Shares of Beneficial Interest, $.01 par value",NYSE MKT,Uncategorized
EINC,VanEck Energy Income ETF,NYSE ARCA,Uncategorized
EIPI,FT Energy Income Partners Enhanced Income ETF,NYSE ARCA,Uncategorized
EIPX,FT Energy Income Partners Strategy ETF,NYSE ARCA,Uncategorized
EIRL,iShares MSCI Ireland ETF,NYSE ARCA,Uncategorized
EIS,iShares MSCI Israel ETF,NYSE ARCA,Uncategorized
EIX,Edison International,NYSE,Uncategorized
EJAN,Innovator Emerging Markets Power Buffer ETF January,NYSE ARCA,Uncategorized
EJH,E-Home Household Service Holdings Limited - Ordinary shares,NASDAQ,Uncategorized
EJUL,Innovator Emerging Markets Power Buffer ETF July,NYSE ARCA,Uncategorized
EKG,First Trust Nasdaq Lux Digital Health Solutions ETF,NASDAQ,Uncategorized
EKSO,"Ekso Bionics Holdings, Inc.",NASDAQ,Uncategorized
EL,"Estee Lauder Companies, Inc. (The)",NYSE,Uncategorized
ELA,Envela Corporation,NYSE MKT,Uncategorized
ELAB,PMGC Holdings Inc.,NASDAQ,Uncategorized
ELAN,Elanco Animal Health Incorporated,NYSE,Uncategorized
ELBM,Electra Battery Materials Corporation,NASDAQ,Uncategorized
ELC,"Entergy Louisiana, Inc. Collateral Trust Mortgage Bonds, 4.875 % Series due September 1, 2066",NYSE,Uncategorized
ELCV,Strategy Shares Eventide High Dividend ETF,NYSE ARCA,Uncategorized
ELD,WisdomTree Emerging Markets Local Debt Fund,NYSE ARCA,Uncategorized
ELDN,"Eledon Pharmaceuticals, Inc.",NASDAQ,Uncategorized
ELE,Elemental Royalty Corporation,NASDAQ,Uncategorized
ELF,"e.l.f. Beauty, Inc.",NYSE,Uncategorized
ELFY,ALPS Electrification Infrastructure ETF,NASDAQ,Uncategorized
ELIL,Direxion Daily LLY Bull 2X Shares,NASDAQ,Uncategorized
ELIS,Direxion Daily LLY Bear 1X Shares,NASDAQ,Uncategorized
ELLO,Ellomay Capital Ltd Ordinary Shares (Israel),NYSE MKT,Uncategorized
ELM,Elm Market Navigator ETF,NYSE ARCA,Uncategorized
ELMD,"Electromed, Inc.",NYSE MKT,Uncategorized
ELME,Elme Communities,NYSE,Uncategorized
ELOG,Eastern International Ltd. - Ordinary Shares,NASDAQ,Uncategorized
ELPC,Companhia Paranaense de Energia (COPEL) American Depositary Shares (each representing four (4) Common Shares),NYSE,Uncategorized
ELPW,Elong Power Holding Limited,NASDAQ,Uncategorized
ELS,"Equity Lifestyle Properties, Inc.",NYSE,Uncategorized
ELSE,"Electro-Sensors, Inc.",NASDAQ,Uncategorized
ELTK,Eltek Ltd. - Ordinary Shares,NASDAQ,Uncategorized
ELTX,"Elicio Therapeutics, Inc.",NASDAQ,Uncategorized
ELUT,"Elutia, Inc. - Class A",NASDAQ,Uncategorized
ELV,"Elevance Health, Inc.",NYSE,Uncategorized
ELVA,Electrovaya Inc. - Common Shares,NASDAQ,Uncategorized
ELVN,"Enliven Therapeutics, Inc.",NASDAQ,Uncategorized
ELVR,Elevra Lithium Limited - American Depository Shares,NASDAQ,Uncategorized
ELWT,"Elauwit Connection, Inc.",NASDAQ,Uncategorized
EM,Smart Share Global Limited - American Depositary Shares,NASDAQ,Uncategorized
EMA,Emera Incorporated Common Shares,NYSE,Uncategorized
EMAT,Evolution Metals & Technologies Corp.,NASDAQ,Uncategorized
EMB,iShares J.P. Morgan USD Emerging Markets Bond ETF,NASDAQ,Uncategorized
EMBC,Embecta Corp.,NASDAQ,Uncategorized
EMBD,Global X Emerging Markets Bond ETF,NYSE ARCA,Uncategorized
EMBJ,Embraer S.A.,NYSE,Uncategorized
EMBX,VanEck Emerging Markets Bond ETF,NYSE ARCA,Uncategorized
EMC,Global X Emerging Markets Great Consumer ETF,NYSE ARCA,Uncategorized
EMCB,WisdomTree Emerging Markets Corporate Bond Fund,NASDAQ,Uncategorized
EMCR,Xtrackers Emerging Markets Carbon Reduction and Climate Improvers ETF,NYSE ARCA,Uncategorized
EMCS,Xtrackers MSCI Emerging Markets Climate Selection ETF,NYSE ARCA,Uncategorized
EMD,Western Asset Emerging Markets Debt Fund Inc,NYSE,Uncategorized
EMDM,First Trust Bloomberg Emerging Market Democracies ETF,NYSE ARCA,Uncategorized
EMDV,ProShares MSCI Emerging Markets Dividend Growers ETF,BATS,Uncategorized
EME,"EMCOR Group, Inc.",NYSE,Uncategorized
EMEQ,Nomura Focused Emerging Markets Equity ETF,NASDAQ,Uncategorized
EMES,Harbor Emerging Markets Select ETF,NYSE ARCA,Uncategorized
EMET,VanEck Copper and Green Metals ETF,NYSE ARCA,Uncategorized
EMF,Templeton Emerging Markets Fund,NYSE,Uncategorized
EMGF,iShares Emerging Markets Equity Factor ETF,BATS,Uncategorized
EMHC,State Street SPDR Bloomberg Emerging Markets USD Bond ETF,NYSE ARCA,Uncategorized
EMHY,iShares J.P. Morgan EM High Yield Bond ETF,BATS,Uncategorized
EMIF,iShares Emerging Markets Infrastructure ETF,NASDAQ,Uncategorized
EMIS,Emmis Acquisition Corp.,NASDAQ,Uncategorized
EMISR,Emmis Acquisition Corp. - Rights,NASDAQ,Uncategorized
EMKT,Lazard Emerging Markets Opportunities ETF,NYSE ARCA,Uncategorized
EML,Eastern Company (The),NASDAQ,Uncategorized
EMLC,VanEck J. P. Morgan EM Local Currency Bond ET,NYSE ARCA,Uncategorized
EMLP,First Trust North American Energy Infrastructure Fund,NYSE ARCA,Uncategorized
EMM,Global X Emerging Markets ex-China ETF,NYSE ARCA,Uncategorized
EMMF,WisdomTree Emerging Markets Multifactor Fund,NYSE ARCA,Uncategorized
EMN,Eastman Chemical Company,NYSE,Uncategorized
EMNT,PIMCO Enhanced Short Maturity Active ESG Exchange-Traded Fund,NYSE ARCA,Uncategorized
EMO,ClearBridge Energy Midstream Opportunity Fund Inc.,NYSE,Uncategorized
EMOP,AB Emerging Markets Opportunities ETF,NYSE ARCA,Uncategorized
EMOT,First Trust S&P 500 Economic Moat ETF,NYSE ARCA,Uncategorized
EMP,"Entergy Mississippi, LLC First Mortgage Bonds, 4.90% Series Due October 1, 2066",NYSE,Uncategorized
EMPB,Efficient Market Portfolio Plus ETF,NYSE ARCA,Uncategorized
EMPD,Empery Digital Inc.,NASDAQ,Uncategorized
EMPG,Empro Group Inc. - Ordinary shares,NASDAQ,Uncategorized
EMQQ,EMQQ The Emerging Markets Internet ETF,NYSE ARCA,Uncategorized
EMR,Emerson Electric Company,NYSE,Uncategorized
EMSF,Matthews Emerging Markets Sustainable Future Active ETF,NYSE ARCA,Uncategorized
EMTL,State Street DoubleLine Emerging Markets Fixed Income ETF,BATS,Uncategorized
EMTY,ProShares Decline of the Retail Store ETF,NYSE ARCA,Uncategorized
EMXC,iShares MSCI Emerging Markets ex China ETF,NASDAQ,Uncategorized
EMXF,iShares ESG Advanced MSCI EM ETF,NASDAQ,Uncategorized
ENB,Enbridge Inc,NYSE,Uncategorized
ENDW,Cambria Endowment Style ETF,NASDAQ,Uncategorized
ENFR,Alerian Energy Infrastructure ETF,NYSE ARCA,Uncategorized
ENGN,enGene Holdings Inc.,NASDAQ,Uncategorized
ENGNW,enGene Holdings Inc. - Warrants,NASDAQ,Uncategorized
ENGS,Energys Group Limited - Ordinary Shares,NASDAQ,Uncategorized
ENHU,iShares Enhanced Large Cap Core Active ETF,NASDAQ,Uncategorized
ENIC,Enel Chile S.A. American Depositary Shares (Each representing 50 shares of Common Stock),NYSE,Uncategorized
ENJ,"Entergy New Orleans, LLC First Mortgage Bonds, 5.0% Series due December 1, 2052",NYSE,Uncategorized
ENLT,Enlight Renewable Energy Ltd. - Ordinary Shares,NASDAQ,Uncategorized
ENLV,Enlivex Ltd. - Ordinary Shares,NASDAQ,Uncategorized
ENO,"Entergy New Orleans, LLC First Mortgage Bonds, 5.50% Series due April 1, 2066",NYSE,Uncategorized
ENOR,iShares MSCI Norway ETF,BATS,Uncategorized
ENOV,Enovis Corporation,NYSE,Uncategorized
ENPH,"Enphase Energy, Inc.",NASDAQ,Uncategorized
ENPX,Tradr 2X Long ENPH Daily ETF,BATS,Uncategorized
ENR,"Energizer Holdings, Inc.",NYSE,Uncategorized
ENS,EnerSys,NYSE,Uncategorized
ENSC,"Ensysce Biosciences, Inc.",NASDAQ,Uncategorized
ENSG,"The Ensign Group, Inc.",NASDAQ,Uncategorized
ENTA,"Enanta Pharmaceuticals, Inc.",NASDAQ,Uncategorized
ENTG,"Entegris, Inc.",NASDAQ,Uncategorized
ENTX,Entera Bio Ltd. - Ordinary Shares,NASDAQ,Uncategorized
ENVA,"Enova International, Inc.",NYSE,Uncategorized
ENVB,"Enveric Biosciences, Inc.",NASDAQ,Uncategorized
ENVX,Enovix Corporation,NASDAQ,Uncategorized
ENZL,iShares MSCI New Zealand ETF,NASDAQ,Uncategorized
EOCT,Innovator Emerging Markets Power Buffer ETF - October,NYSE ARCA,Uncategorized
EOD,Allspring Global Dividend Opportunity Fund Common Shares of Beneficial Interest,NYSE,Uncategorized
EOG,"EOG Resources, Inc.",NYSE,Uncategorized
EOI,Eaton Vance Enhance Equity Income Fund Eaton Vance Enhanced Equity Income Fund Shares of Beneficial Interest,NYSE,Uncategorized
EOLS,"Evolus, Inc.",NASDAQ,Uncategorized
EONR,EON Resources Inc. Class A,NYSE MKT,Uncategorized
EONR.W,"EON Resources Inc. Warrants, each whole warrant exercisable for three quarters of one share of Class A Common Stock at an exercise price of $11.50 per whole share",NYSE MKT,Uncategorized
EOS,Eaton Vance Enhance Equity Income Fund II,NYSE,Uncategorized
EOSE,"Eos Energy Enterprises, Inc.",NASDAQ,Uncategorized
EOSU,T-REX 2X Long EOSE Daily Target ETF,BATS,Uncategorized
EOT,Eaton Vance Municipal Income Trust EATON VANCE NATIONAL MUNICIPAL OPPORTUNITIES TRUST,NYSE,Uncategorized
EP,Empire Petroleum Corporation,NYSE MKT,Uncategorized
EP$C,El Paso Corporation Preferred Stock,NYSE,Uncategorized
EPAC,Enerpac Tool Group Corp.,NYSE,Uncategorized
EPAI,Harbor AI Inflection Strategy ETF,NYSE ARCA,Uncategorized
EPAM,"EPAM Systems, Inc.",NYSE,Uncategorized
EPC,Edgewell Personal Care Company,NYSE,Uncategorized
EPD,Enterprise Products Partners L.P.,NYSE,Uncategorized
EPEM,Harbor Emerging Markets Equity ETF,NYSE ARCA,Uncategorized
EPHE,iShares MSCI Philippines ETF,NYSE ARCA,Uncategorized
EPI,WisdomTree India Earnings Fund,NYSE ARCA,Uncategorized
EPIN,Harbor International Equity ETF,NYSE ARCA,Uncategorized
EPM,"Evolution Petroleum Corporation, Inc.",NYSE MKT,Uncategorized
EPMB,Harbor Mid Cap Core ETF,NYSE ARCA,Uncategorized
EPMV,Harbor Mid Cap Value ETF,NYSE ARCA,Uncategorized
EPOL,iShares MSCI Poland ETF,NYSE ARCA,Uncategorized
EPOW,E-Power Inc.,NASDAQ,Uncategorized
EPP,iShares MSCI Pacific Ex-Japan Index Fund,NYSE ARCA,Uncategorized
EPR,EPR Properties,NYSE,Uncategorized
EPR$C,EPR Properties 5.75% Series C Cumulative Convertible Preferred Shares,NYSE,Uncategorized
EPR$E,EPR Properties Series E Cumulative Conv Pfd Shs Ser E,NYSE,Uncategorized
EPR$G,EPR Properties 5.750% Series G Cumulative Redeemable Preferred Shares,NYSE,Uncategorized
EPRF,Innovator S&P Investment Grade Preferred ETF,BATS,Uncategorized
EPRT,"Essential Properties Realty Trust, Inc.",NYSE,Uncategorized
EPRX,Eupraxia Pharmaceuticals Inc.,NASDAQ,Uncategorized
EPS,WisdomTree U.S. LargeCap Fund,NYSE ARCA,Uncategorized
EPSB,Harbor SMID Cap Core ETF,NYSE ARCA,Uncategorized
EPSM,Epsium Enterprise Limited,NASDAQ,Uncategorized
EPSN,Epsilon Energy Ltd. - Common Shares,NASDAQ,Uncategorized
EPSV,Harbor SMID Cap Value ETF,NYSE ARCA,Uncategorized
EPU,iShares MSCI Peru and Global Exposure ETF,NYSE ARCA,Uncategorized
EPV,ProShares UltraShort FTSE Europe ETF,NYSE ARCA,Uncategorized
EQ,"Equillium, Inc.",NASDAQ,Uncategorized
EQAL,Invesco Russell 1000 Equal Weight ETF,NYSE ARCA,Uncategorized
EQBK,"Equity Bancshares, Inc. Class A",NYSE,Uncategorized
EQH,"Equitable Holdings, Inc.",NYSE,Uncategorized
EQH$A,"Equitable Holdings, Inc. Depositary Shares",NYSE,Uncategorized
EQH$C,"Equitable Holdings, Inc. Depositary Shares, each representing a 1/1,000th interest in a share of Fixed Rate Noncumulative Perpetual Preferred Stock, Series C",NYSE,Uncategorized
EQIN,Columbia U.S. Equity Income ETF,NYSE ARCA,Uncategorized
EQIX,"Equinix, Inc.",NASDAQ,Uncategorized
EQL,ALPS Equal Sector Weight ETF,NYSE ARCA,Uncategorized
EQLT,iShares MSCI Emerging Markets Quality Factor ETF,BATS,Uncategorized
EQNR,Equinor ASA,NYSE,Uncategorized
EQPT,EquipmentShare.com Inc - Class A,NASDAQ,Uncategorized
EQR,Equity Residential Common Shares of Beneficial Interest,NYSE,Uncategorized
EQRR,ProShares Equities for Rising Rates ETF,NASDAQ,Uncategorized
EQS,"Equus Total Return, Inc.",NYSE,Uncategorized
EQT,EQT Corporation,NYSE,Uncategorized
EQTY,Kovitz Core Equity ETF,NYSE ARCA,Uncategorized
EQWL,Invesco S&P 100 Equal Weight ETF,NYSE ARCA,Uncategorized
EQX,Equinox Gold Corp. Common Shares,NYSE MKT,Uncategorized
ERAS,"Erasca, Inc.",NASDAQ,Uncategorized
ERC,Allspring Multi-Sector Income Fund,NYSE MKT,Uncategorized
ERET,iShares Environmentally Aware Real Estate ETF,NASDAQ,Uncategorized
ERH,Allspring Utilities and High Income Fund Common Shares,NYSE MKT,Uncategorized
ERIC,Ericsson - American Depositary Shares each representing 1 underlying Class B share,NASDAQ,Uncategorized
ERIE,Erie Indemnity Company - Class A,NASDAQ,Uncategorized
ERII,"Energy Recovery, Inc.",NASDAQ,Uncategorized
ERNA,Ernexa Therapeutics Inc.,NASDAQ,Uncategorized
ERNAW,Ernexa Therapeutics Inc. - Warrants,NASDAQ,Uncategorized
ERNZ,TrueShares Active Yield ETF,NASDAQ,Uncategorized
ERO,Ero Copper Corp. Common Shares,NYSE,Uncategorized
ERTH,Invesco MSCI Sustainable Future ETF,NYSE ARCA,Uncategorized
ERX,Direxion Energy Bull 2X Shares,NYSE ARCA,Uncategorized
ERY,Direxion Daily Energy Bear 2X Shares,NYSE ARCA,Uncategorized
ES,Eversource Energy (D/B/A),NYSE,Uncategorized
ESAB,ESAB Corporation,NYSE,Uncategorized
ESBA,"Empire State Realty OP, L.P. Series ES Operating Partnership Units Representing Limited Partnership Interests",NYSE ARCA,Uncategorized
ESBG,"First Trust Enhanced Stocks, Bonds & Gold ETF",NYSE ARCA,Uncategorized
ESCA,"Escalade, Incorporated",NASDAQ,Uncategorized
ESE,ESCO Technologies Inc.,NYSE,Uncategorized
ESEA,Euroseas Ltd.,NASDAQ,Uncategorized
ESG,FlexShares STOXX US ESG Select Index Fund,BATS,Uncategorized
ESGD,iShares ESG Aware MSCI EAFE ETF,NASDAQ,Uncategorized
ESGE,iShares ESG Aware MSCI EM ETF,NASDAQ,Uncategorized
ESGG,FlexShares STOXX Global ESG Select Index Fund,BATS,Uncategorized
ESGL,ESGL Holdings Limited,NASDAQ,Uncategorized
ESGLW,ESGL Holdings Limited - Warrants,NASDAQ,Uncategorized
ESGU,iShares ESG Aware MSCI USA ETF,NASDAQ,Uncategorized
ESGV,Vanguard ESG U.S. Stock ETF,BATS,Uncategorized
ESHA,ESH Acquisition Corp. - Class A,NASDAQ,Uncategorized
ESHAR,ESH Acquisition Corp. - Right,NASDAQ,Uncategorized
ESI,Element Solutions Inc.,NYSE,Uncategorized
ESIM,Eventide International ETF,NYSE ARCA,Uncategorized
ESIX,State Street SPDR S&P SmallCap 600 ESG ETF,NYSE ARCA,Uncategorized
ESK,REX-Osprey ETH + Staking ETF,BATS,Uncategorized
ESLA,"Estrella Immunopharma, Inc.",NASDAQ,Uncategorized
ESLAW,"Estrella Immunopharma, Inc. - Warrant",NASDAQ,Uncategorized
ESLG,Eventide Large Cap Growth ETF,NYSE ARCA,Uncategorized
ESLT,Elbit Systems Ltd. - Ordinary Shares,NASDAQ,Uncategorized
ESLV,Eventide Large Cap Value ETF,NYSE ARCA,Uncategorized
ESML,iShares ESG Aware MSCI USA Small-Cap ETF,BATS,Uncategorized
ESMV,iShares ESG Optimized MSCI USA Min Vol Factor ETF,NASDAQ,Uncategorized
ESN,Essential 40 Stock ETF,NASDAQ,Uncategorized
ESNT,Essent Group Ltd. Common Shares,NYSE,Uncategorized
ESOA,Energy Services of America Corporation,NASDAQ,Uncategorized
ESP,Espey Mfg. & Electronics Corp.,NYSE MKT,Uncategorized
ESPO,VanEck Video Gaming and eSports ETF,NASDAQ,Uncategorized
ESPR,"Esperion Therapeutics, Inc.",NASDAQ,Uncategorized
ESQ,"Esquire Financial Holdings, Inc.",NASDAQ,Uncategorized
ESRT,"Empire State Realty Trust, Inc. Class A",NYSE,Uncategorized
ESS,"Essex Property Trust, Inc.",NYSE,Uncategorized
ESSC,Eventide Small Cap ETF,NYSE ARCA,Uncategorized
ESTA,Establishment Labs Holdings Inc. - Common Shares,NASDAQ,Uncategorized
ESTC,Elastic N.V. Ordinary Shares,NYSE,Uncategorized
ESUM,Eventide US Market ETF,NYSE ARCA,Uncategorized
ET,Energy Transfer LP Common Units,NYSE,Uncategorized
ET$I,Energy Transfer L.P. Series I Fixed Rate Perpetual Preferred Units,NYSE,Uncategorized
ETB,Eaton Vance Tax-Managed Buy-Write Income Fund Eaton Vance Tax-Managed Buy-Write Income Fund Common Shares of Beneficial Interest,NYSE,Uncategorized
ETCO,Grayscale Ethereum Covered Call ETF,NYSE ARCA,Uncategorized
ETD,Ethan Allen Interiors Inc.,NYSE,Uncategorized
ETEC,iShares Breakthrough Environmental Solutions ETF,NASDAQ,Uncategorized
ETFT,Fundsmith Equity ETF,NYSE ARCA,Uncategorized
ETG,Eaton Vance Tax-Advantaged Global Dividend Income Fund Common Shares of Beneficial Interest,NYSE,Uncategorized
ETH,Grayscale Ethereum Staking Mini ETF Shares,NYSE ARCA,Uncategorized
ETHA,iShares Ethereum Trust ETF,NASDAQ,Uncategorized
ETHD,ProShares UltraShort Ether ETF,NYSE ARCA,Uncategorized
ETHE,Grayscale Ethereum Staking ETF Shares,NYSE ARCA,Uncategorized
ETHM,Dynamix Corporation,NASDAQ,Uncategorized
ETHMU,Dynamix Corporation,NASDAQ,Uncategorized
ETHMW,Dynamix Corporation - Warrant,NASDAQ,Uncategorized
ETHO,Amplify Etho Climate Leadership U.S. ETF,NYSE ARCA,Uncategorized
ETHT,ProShares Ultra Ether ETF,NYSE ARCA,Uncategorized
ETHU,2x Ether ETF,BATS,Uncategorized
ETHV,VanEck Ethereum ETF VanEck Ethereum ETF,BATS,Uncategorized
ETHW,Bitwise Ethereum ETF,NYSE ARCA,Uncategorized
ETHZ,ETHZilla Corporation,NASDAQ,Uncategorized
ETI$,"Entergy Texas Inc 5.375% Series A Preferred Stock, Cumulative, No Par Value",NYSE,Uncategorized
ETJ,Eaton Vance Risk-Managed Diversified Equity Income Fund Common Shares of Beneficial Interest,NYSE,Uncategorized
ETN,"Eaton Corporation, PLC Ordinary Shares",NYSE,Uncategorized
ETO,Eaton Vance Tax-Advantage Global Dividend Opp,NYSE,Uncategorized
ETON,"Eton Pharmaceuticals, Inc.",NASDAQ,Uncategorized
ETOR,eToro Group Ltd.,NASDAQ,Uncategorized
ETQ,T-Rex 2X Inverse Ether Daily Target ETF,BATS,Uncategorized
ETR,Entergy Corporation,NYSE,Uncategorized
ETRL,GraniteShares 2x Long ETOR Daily ETF,NASDAQ,Uncategorized
ETS,Elite Express Holding Inc. - Class A,NASDAQ,Uncategorized
ETSY,"Etsy, Inc.",NYSE,Uncategorized
ETTY,Amplify Ethereum 3% Monthly Option Income ETF,BATS,Uncategorized
ETU,T-Rex 2X Long Ether Daily Target ETF,BATS,Uncategorized
ETV,Eaton Vance Corporation Eaton Vance Tax-Managed Buy-Write Opportunities Fund Common Shares of Beneficial Interest,NYSE,Uncategorized
ETW,Eaton Vance Corporation Eaton Vance Tax-Managed Global Buy-Write Opportunites Fund Common Shares of Beneficial Interest,NYSE,Uncategorized
ETX,Eaton Vance Municipal Income 2028 Term Trust Common Shares of Beneficial Interest,NYSE,Uncategorized
ETY,"Eaton Vance Tax-Managed Diversified Equity Income Fund Common Shares of Beneficial Interest,",NYSE,Uncategorized
EU,enCore Energy Corp.,NASDAQ,Uncategorized
EUAD,Select STOXX Europe Aerospace & Defense ETF,BATS,Uncategorized
EUDA,Euda Health Holdings Limited - Ordinary Shares,NASDAQ,Uncategorized
EUDAW,Euda Health Holdings Limited - Warrant,NASDAQ,Uncategorized
EUDG,WisdomTree Europe Quality Dividend Growth Fund,NYSE ARCA,Uncategorized
EUDV,ProShares MSCI Europe Dividend Growers ETF,BATS,Uncategorized
EUFN,iShares MSCI Europe Financials ETF,NASDAQ,Uncategorized
EUHY,iShares Euro High Yield Corporate Bond USD Hedged ETF,BATS,Uncategorized
EUIG,iShares Euro Investment Grade Corporate Bond USD Hedged ETF,BATS,Uncategorized
EUM,ProShares Short MSCI Emerging Markets,NYSE ARCA,Uncategorized
EUO,ProShares UltraShort Euro,NYSE ARCA,Uncategorized
EURK,Eureka Acquisition Corp,NASDAQ,Uncategorized
EURKR,Eureka Acquisition Corp - Right,NASDAQ,Uncategorized
EURKU,Eureka Acquisition Corp,NASDAQ,Uncategorized
EURL,Direxion Daily FTSE Europe Bull 3X Shares,NYSE ARCA,Uncategorized
EUSA,iShares MSCI USA Equal Weighted ETF,NYSE ARCA,Uncategorized
EUSB,iShares ESG Advanced Universal USD Bond ETF,NYSE ARCA,Uncategorized
EVAC,EQV Ventures Acquisition Corp. II Class A Ordinary Shares,NYSE,Uncategorized
EVAC.U,"EQV Ventures Acquisition Corp. II Units, each unit consists of one Class A ordinary share and one-third of one redeemable warrant",NYSE,Uncategorized
EVAC.W,"EQV Ventures Acquisition Corp. II Redeemable Warrants, each whole warrant exercisable for one Class A ordinary share at an exercise price of $11.50 per share",NYSE,Uncategorized
EVAX,Evaxion A/S - American Depositary Share,NASDAQ,Uncategorized
EVC,Entravision Communications Corporation,NYSE,Uncategorized
EVCM,EverCommerce Inc.,NASDAQ,Uncategorized
EVER,"EverQuote, Inc. - Class A",NASDAQ,Uncategorized
EVEX,"Eve Holding, Inc.",NYSE,Uncategorized
EVEX.W,"Eve Holding, Inc. Warrants, each exercisable for one share of Common Stock at an exercise price of $11.50 per share",NYSE,Uncategorized
EVF,Eaton Vance Senior Income Trust,NYSE,Uncategorized
EVG,Eaton Vance Short Diversified Income Fund Eaton Vance Short Duration Diversified Income Fund Common Shares of Beneficial Interest,NYSE,Uncategorized
EVGN,Evogene Ltd. - Ordinary Shares,NASDAQ,Uncategorized
EVGO,EVgo Inc.,NASDAQ,Uncategorized
EVGOW,"EVgo Inc. - Warrants, each whole warrant exercisable for one share of Class A Common Stock at an exercise price of $11.50",NASDAQ,Uncategorized
EVH,"Evolent Health, Inc Class A",NYSE,Uncategorized
EVHY,Eaton Vance High Yield ETF,NYSE ARCA,Uncategorized
EVI,"EVI Industries, Inc.",NYSE MKT,Uncategorized
EVIM,Eaton Vance Intermediate Municipal Income ETF,NYSE ARCA,Uncategorized
EVLN,Eaton Vance Floating-Rate ETF,NYSE ARCA,Uncategorized
EVLU,iShares MSCI Emerging Markets Value Factor ETF,BATS,Uncategorized
EVLV,"Evolv Technologies Holdings, Inc. - Class A",NASDAQ,Uncategorized
EVLVW,"Evolv Technologies Holdings, Inc. - Warrant",NASDAQ,Uncategorized
EVMN,"Evommune, Inc.",NYSE,Uncategorized
EVMO,Eaton Vance Mortgage Opportunities ETF,NYSE ARCA,Uncategorized
EVMT,Invesco Electric Vehicle Metals Commodity Strategy No K-1 ETF,NASDAQ,Uncategorized
EVN,Eaton Vance Municipal Income Trust,NYSE,Uncategorized
EVNT,AltShares Event-Driven ETF,NYSE ARCA,Uncategorized
EVO,Evotec SE - American Depositary Shares each representing 1/2 of one ordinary share,NASDAQ,Uncategorized
EVOX,Evolution Global Acquisition Corp,NASDAQ,Uncategorized
EVOXU,Evolution Global Acquisition Corp,NASDAQ,Uncategorized
EVOXW,Evolution Global Acquisition Corp - Warrants,NASDAQ,Uncategorized
EVR,Evercore Inc. Class A,NYSE,Uncategorized
EVRG,"Evergy, Inc.",NASDAQ,Uncategorized
EVSB,Eaton Vance Ultra-Short Income ETF,NYSE ARCA,Uncategorized
EVSD,Eaton Vance Short Duration Income ETF,NASDAQ,Uncategorized
EVSM,Eaton Vance Short Duration Municipal Income ETF,NYSE ARCA,Uncategorized
EVT,Eaton Vance Tax Advantaged Dividend Income Fund Common Shares of Beneficial Interest,NYSE,Uncategorized
EVTC,"Evertec, Inc.",NYSE,Uncategorized
EVTL,Vertical Aerospace Ltd. Ordinary Shares,NYSE,Uncategorized
EVTR,Eaton Vance Total Return Bond ETF,NYSE,Uncategorized
EVTV,"Envirotech Vehicles, Inc.",NASDAQ,Uncategorized
EVUS,iShares ESG Aware MSCI USA Value ETF,BATS,Uncategorized
EVV,Eaton Vance Limited Duration Income Fund Common Shares of Beneficial Interest,NYSE MKT,Uncategorized
EVX,VanEck Environmental Services ETF,NYSE ARCA,Uncategorized
EVYM,Eaton Vance High Income Municipal ETF,NASDAQ,Uncategorized
EW,Edwards Lifesciences Corporation,NYSE,Uncategorized
EWA,iShares MSCI Australia Index Fund,NYSE ARCA,Uncategorized
EWBC,"East West Bancorp, Inc.",NASDAQ,Uncategorized
EWC,iShares MSCI Canada Index Fund,NYSE ARCA,Uncategorized
EWCZ,"European Wax Center, Inc. - Class A",NASDAQ,Uncategorized
EWD,iShares MSCI Sweden ETF,NYSE ARCA,Uncategorized
EWG,iShares MSCI Germany Index Fund,NYSE ARCA,Uncategorized
EWH,iShares MSCI Hong Kong Index Fund,NYSE ARCA,Uncategorized
EWI,iShares MSCI Italy ETF,NYSE ARCA,Uncategorized
EWJ,iShares MSCI Japan Index Fund,NYSE ARCA,Uncategorized
EWJV,iShares MSCI Japan Value ETF,NASDAQ,Uncategorized
EWK,iShares MSCI Belgium ETF,NYSE ARCA,Uncategorized
EWL,iShares MSCI Switzerland ETF,NYSE ARCA,Uncategorized
EWM,iShares MSCI Malaysia Index Fund,NYSE ARCA,Uncategorized
EWN,iShares MSCI Netherlands Index Fund,NYSE ARCA,Uncategorized
EWO,iShares MSCI Austria ETF,NYSE ARCA,Uncategorized
EWP,iShares MSCI Spain ETF,NYSE ARCA,Uncategorized
EWQ,iShares MSCI France Index Fund,NYSE ARCA,Uncategorized
EWS,iShares MSCI Singapore ETF,NYSE ARCA,Uncategorized
EWT,iShares MSCI Taiwan ETF,NYSE ARCA,Uncategorized
EWTX,"Edgewise Therapeutics, Inc.",NASDAQ,Uncategorized
EWU,iShares MSCI United Kingdom ETF,NYSE ARCA,Uncategorized
EWUS,iShares MSCI United Kingdom Small Cap ETF,BATS,Uncategorized
EWV,ProShares UltraShort MSCI Japan,NYSE ARCA,Uncategorized
EWW,iShares MSCI Mexico ETF,NYSE ARCA,Uncategorized
EWX,State Street SPDR S&P Emerging Markets Small Cap ETF,NYSE ARCA,Uncategorized
EWY,iShares MSCI South Korea ETF,NYSE ARCA,Uncategorized
EWZ,iShares MSCI Brazil ETF,NYSE ARCA,Uncategorized
EWZS,iShares MSCI Brazil Small-Cap ETF,NASDAQ,Uncategorized
EXAS,Exact Sciences Corporation,NASDAQ,Uncategorized
EXC,Exelon Corporation,NASDAQ,Uncategorized
EXE,Expand Energy Corporation,NASDAQ,Uncategorized
EXEL,"Exelixis, Inc.",NASDAQ,Uncategorized
EXEQ,Wedbush ReturnOnLeadership U.S. Large-Cap ETF,NYSE ARCA,Uncategorized
EXFY,"Expensify, Inc. - Class A",NASDAQ,Uncategorized
EXG,Eaton Vance Tax-Managed Global Diversified Equity Income Fund Common Shares of Beneficial Interest,NYSE,Uncategorized
EXI,iShares Global Industrials ETF,NYSE ARCA,Uncategorized
EXK,Endeavour Silver Corporation Ordinary Shares (Canada),NYSE,Uncategorized
EXLS,"ExlService Holdings, Inc.",NASDAQ,Uncategorized
EXOD,"Exodus Movement, Inc. Class A",NYSE MKT,Uncategorized
EXOZ,eXoZymes Inc.,NASDAQ,Uncategorized
EXP,Eagle Materials Inc,NYSE,Uncategorized
EXPD,"Expeditors International of Washington, Inc.",NYSE,Uncategorized
EXPE,"Expedia Group, Inc.",NASDAQ,Uncategorized
EXPI,"eXp World Holdings, Inc.",NASDAQ,Uncategorized
EXPO,"Exponent, Inc.",NASDAQ,Uncategorized
EXR,Extra Space Storage Inc,NYSE,Uncategorized
EXTR,"Extreme Networks, Inc.",NASDAQ,Uncategorized
EXUS,Nomura Focused International Core ETF,NASDAQ,Uncategorized
EYE,"National Vision Holdings, Inc.",NASDAQ,Uncategorized
EYEG,AB Corporate Bond ETF,NASDAQ,Uncategorized
EYLD,Cambria Emerging Shareholder Yield ETF,BATS,Uncategorized
EYPT,"EyePoint, Inc.",NASDAQ,Uncategorized
EZA,iShares MSCI South Africa Index Fund,NYSE ARCA,Uncategorized
EZBC,Franklin Templeton Digital Holdings Trust Shares of Franklin Bitcoin ETF,BATS,Uncategorized
EZET,Franklin Ethereum ETF Franklin Ethereum ETF,BATS,Uncategorized
EZGO,EZGO Technologies Ltd. - Ordinary Shares,NASDAQ,Uncategorized
EZJ,ProShares Ultra MSCI Japan,NYSE ARCA,Uncategorized
EZM,WisdomTree U.S. MidCap Fund,NYSE ARCA,Uncategorized
EZMO,AlphaDroid Broad Markets Momentum ETF,NASDAQ,Uncategorized
EZPW,"EZCORP, Inc.",NASDAQ,Uncategorized
EZPZ,Franklin Crypto Index ETF,BATS,Uncategorized
EZRA,"Reliance Global Group, Inc.",NASDAQ,Uncategorized
EZRO,AlphaDroid Defensive Sector Rotation ETF,NASDAQ,Uncategorized
EZU,iShares MSCI Eurozone ETF,BATS,Uncategorized
F,Ford Motor Company,NYSE,Uncategorized
F$B,"Ford Motor Company 6.20% Notes due June 1, 2059",NYSE,Uncategorized
F$C,"Ford Motor Company 6% Notes due December 1, 2059",NYSE,Uncategorized
F$D,"Ford Motor Company 6.500% Notes due August 15, 2062",NYSE,Uncategorized
FA,First Advantage Corporation,NASDAQ,Uncategorized
FAAA,Fidelity AAA CLO ETF,NASDAQ,Uncategorized
FAAR,First Trust Alternative Absolute Return Strategy ETF,NASDAQ,Uncategorized
FAB,First Trust Multi Cap Value AlphaDEX Fund,NASDAQ,Uncategorized
FACT,FACT II Acquisition Corp.,NASDAQ,Uncategorized
FACTU,FACT II Acquisition Corp.,NASDAQ,Uncategorized
FACTW,FACT II Acquisition Corp. - Warrant,NASDAQ,Uncategorized
FAD,First Trust Multi Cap Growth AlphaDEX Fund,NASDAQ,Uncategorized
FAF,First American Corporation (New),NYSE,Uncategorized
FAI,First Trust Bloomberg Artificial Intelligence ETF,NYSE ARCA,Uncategorized
FALN,iShares Fallen Angels USD Bond ETF,NASDAQ,Uncategorized
FAMI,"Farmmi, INC.",NASDAQ,Uncategorized
FAN,First Trust Global Wind Energy ETF,NYSE ARCA,Uncategorized
FANG,"Diamondback Energy, Inc.",NASDAQ,Uncategorized
FAPR,FT Vest U.S. Equity Buffer ETF - April,BATS,Uncategorized
FARM,Farmer Brothers Company,NASDAQ,Uncategorized
FARX,Frontier Asset Absolute Return ETF,NYSE ARCA,Uncategorized
FAS,Direxion Financial Bull 3X Shares,NYSE ARCA,Uncategorized
FAST,Fastenal Company,NASDAQ,Uncategorized
FATE,"Fate Therapeutics, Inc.",NASDAQ,Uncategorized
FATN,"FatPipe, Inc.",NASDAQ,Uncategorized
FAUG,FT Vest U.S. Equity Buffer ETF - August,BATS,Uncategorized
FAX,"abrdn Asia-Pacific Income Fund, Inc.",NYSE MKT,Uncategorized
FAZ,Direxion Financial Bear 3X Shares,NYSE ARCA,Uncategorized
FB,ProShares S&P 500 Dynamic Buffer ETF,BATS,Uncategorized
FBCG,Fidelity Blue Chip Growth ETF,BATS,Uncategorized
FBCV,Fidelity Blue Chip Value ETF,BATS,Uncategorized
FBDC,FT Confluence BDC & Specialty Finance Income ETF,NYSE ARCA,Uncategorized
FBGL,FBS Global Limited - Ordinary Shares,NASDAQ,Uncategorized
FBIN,"Fortune Brands Innovations, Inc.",NYSE,Uncategorized
FBIO,"Fortress Biotech, Inc.",NASDAQ,Uncategorized
FBIOP,"Fortress Biotech, Inc. - 9.375% Series A Cumulative Redeemable Perpetual Preferred Stock",NASDAQ,Uncategorized
FBIZ,"First Business Financial Services, Inc.",NASDAQ,Uncategorized
FBK,FB Financial Corporation,NYSE,Uncategorized
FBL,GraniteShares 2x Long META Daily ETF,NASDAQ,Uncategorized
FBLA,"FB Bancorp, Inc.",NASDAQ,Uncategorized
FBLG,"FibroBiologics, Inc.",NASDAQ,Uncategorized
FBNC,First Bancorp,NASDAQ,Uncategorized
FBND,Fidelity Total Bond ETF,NYSE ARCA,Uncategorized
FBOT,Fidelity Disruptive Automation ETF,NASDAQ,Uncategorized
FBP,First BanCorp. New,NYSE,Uncategorized
FBRT,"Franklin BSP Realty Trust, Inc.",NYSE,Uncategorized
FBRT$E,"Franklin BSP Realty Trust, Inc. 7.50% Series E Cumulative Redeemable Preferred Stock",NYSE,Uncategorized
FBRX,"Forte Biosciences, Inc.",NASDAQ,Uncategorized
FBT,First Trust Amex Biotech Index Fund,NYSE ARCA,Uncategorized
FBTC,Fidelity Wise Origin Bitcoin Fund,BATS,Uncategorized
FBUF,Fidelity Dynamic Buffered Equity ETF,BATS,Uncategorized
FBY,YieldMax META Option Income Strategy ETF,NYSE ARCA,Uncategorized
FBYD,"Falcon's Beyond Global, Inc. - Class A",NASDAQ,Uncategorized
FBYDW,"Falcon's Beyond Global, Inc. - Warrants",NASDAQ,Uncategorized
FBYY,GraniteShares YieldBOOST META ETF,NASDAQ,Uncategorized
FC,Franklin Covey Company,NYSE,Uncategorized
FCA,First Trust China AlphaDEX Fund,NASDAQ,Uncategorized
FCAL,First Trust California Municipal High income ETF,NASDAQ,Uncategorized
FCAP,"First Capital, Inc.",NASDAQ,Uncategorized
FCBC,"First Community Bankshares, Inc.",NASDAQ,Uncategorized
FCBD,Frontier Asset Core Bond ETF,NYSE ARCA,Uncategorized
FCCO,First Community Corporation,NASDAQ,Uncategorized
FCEF,First Trust Income Opportunities ETF,NASDAQ,Uncategorized
FCEL,"FuelCell Energy, Inc.",NASDAQ,Uncategorized
FCF,First Commonwealth Financial Corporation,NYSE,Uncategorized
FCFS,"FirstCash Holdings, Inc.",NASDAQ,Uncategorized
FCFY,First Trust S&P 500 Diversified Free Cash Flow ETF,NYSE ARCA,Uncategorized
FCG,First Trust Natural Gas ETF,NYSE ARCA,Uncategorized
FCHL,Fitness Champs Holdings Limited - Ordinary Shares,NASDAQ,Uncategorized
FCLD,Fidelity Cloud Computing ETF,BATS,Uncategorized
FCLO,Fidelity CLO ETF,NASDAQ,Uncategorized
FCN,"FTI Consulting, Inc.",NYSE,Uncategorized
FCNCA,"First Citizens BancShares, Inc. - Class A",NASDAQ,Uncategorized
FCNCN,"First Citizens BancShares, Inc. - Depositary Shares, each representing a 1/40th interest in a share of 6.625% Non-Cumulative Perpetual Preferred Stock, Series E",NASDAQ,Uncategorized
FCNCO,"First Citizens BancShares, Inc. - 5.625% Non-Cumulative Perpetual Preferred Stock, Series C",NASDAQ,Uncategorized
FCNCP,"First Citizens BancShares, Inc. - Depositary Shares Each Representing a 1/40th Interest in a Share of 5.375% Non-Cumulative Perpetual Preferred Stock, Series A",NASDAQ,Uncategorized
FCO,"abrdn Global Income Fund, Inc.",NYSE MKT,Uncategorized
FCOM,Fidelity MSCI Communication Services Index ETF,NYSE ARCA,Uncategorized
FCOR,Fidelity Corporate Bond ETF,NYSE ARCA,Uncategorized
FCPI,Fidelity Stocks for Inflation ETF,BATS,Uncategorized
FCPT,"Four Corners Property Trust, Inc.",NYSE,Uncategorized
FCRS,FutureCrest Acquisition Corp. Class A Ordinary Shares,NYSE,Uncategorized
FCRS.U,"FutureCrest Acquisition Corp. Units, each consisting of one Class A ordinary share and one-quarter of one redeemable warrant",NYSE,Uncategorized
FCRS.W,"FutureCrest Acquisition Corp. Redeemable warrants, each whole warrant exercisable for one Class A ordinary share at an exercise price of $11.50",NYSE,Uncategorized
FCRX,"Crescent Capital BDC, Inc. 5.00% Notes due 2026",NYSE,Uncategorized
FCSH,Federated Hermes Short Duration Corporate ETF,NYSE ARCA,Uncategorized
FCT,First Trust Senior Floating Rate Income Fund II Common Shares of Beneficial Interest,NYSE,Uncategorized
FCTE,SMI 3Fourteen Full-Cycle Trend ETF,NASDAQ,Uncategorized
FCTR,First Trust Lunt U.S. Factor Rotation ETF,BATS,Uncategorized
FCUS,Pinnacle Focused Opportunities ETF,NYSE ARCA,Uncategorized
FCUV,Focus Universal Inc.,NASDAQ,Uncategorized
FCVT,First Trust SSI Strategic Convertible Securities ETF,NASDAQ,Uncategorized
FCX,"Freeport-McMoRan, Inc.",NYSE,Uncategorized
FCXG,Leverage Shares 2x Long FCX Daily ETF,NASDAQ,Uncategorized
FDAT,Tactical Advantage ETF,NYSE ARCA,Uncategorized
FDBC,"Fidelity D & D Bancorp, Inc.",NASDAQ,Uncategorized
FDCF,Fidelity Disruptive Communications ETF,NASDAQ,Uncategorized
FDD,First Trust STOXX European Select Dividend Index Fund,NYSE ARCA,Uncategorized
FDEC,FT Vest U.S. Equity Buffer ETF - December,BATS,Uncategorized
FDEM,Fidelity Emerging Markets Multifactor ETF,BATS,Uncategorized
FDEV,Fidelity Emerging Markets Multifactor ETF,BATS,Uncategorized
FDFF,Fidelity Disruptive Finance ETF,NASDAQ,Uncategorized
FDG,American Century Focused Dynamic Growth ETF,NYSE ARCA,Uncategorized
FDHY,Fidelity Enhanced High Yield ETF,NYSE ARCA,Uncategorized
FDIF,Fidelity Disruptors ETF,NASDAQ,Uncategorized
FDIG,Fidelity Crypto Industry and Digital Payments ETF,NASDAQ,Uncategorized
FDIQ,Invesco Bloomberg Financial Data Providers ETF,NASDAQ,Uncategorized
FDIS,Fidelity MSCI Consumer Discretionary Index ETF,NYSE ARCA,Uncategorized
FDIV,MarketDesk Focused U.S. Dividend ETF,NASDAQ,Uncategorized
FDL,First Trust Morningstar ETF,NYSE ARCA,Uncategorized
FDLO,Fidelity Low Volatility Factor ETF,NYSE ARCA,Uncategorized
FDLS,Inspire Fidelis Multi Factor ETF,NYSE ARCA,Uncategorized
FDM,First Trust DJ Select MicroCap ETF,NYSE ARCA,Uncategorized
FDMO,Fidelity Momentum Factor ETF,NYSE ARCA,Uncategorized
FDMT,"4D Molecular Therapeutics, Inc.",NASDAQ,Uncategorized
FDN,First Trust DJ Internet Index Fund,NYSE ARCA,Uncategorized
FDND,FT Vest Dow Jones Internet & Target Income ETF,BATS,Uncategorized
FDNI,First Trust Dow Jones International Internet ETF,NASDAQ,Uncategorized
FDP,"Fresh Del Monte Produce, Inc.",NYSE,Uncategorized
FDRR,Fidelity Dividend ETF for Rising Rates,NYSE ARCA,Uncategorized
FDRS,Founder-Led ETF,NASDAQ,Uncategorized
FDRV,Fidelity Electric Vehicles and Future Transportation ETF,BATS,Uncategorized
FDRX,Founder-Led 2X Daily ETF,NASDAQ,Uncategorized
FDS,FactSet Research Systems Inc.,NYSE,Uncategorized
FDSB,"Fifth District Bancorp, Inc.",NASDAQ,Uncategorized
FDT,First Trust Developed Markets Ex-US AlphaDEX Fund,NASDAQ,Uncategorized
FDTS,First Trust Developed Markets ex-US Small Cap AlphaDEX Fund,NASDAQ,Uncategorized
FDTX,Fidelity Disruptive Technology ETF,NASDAQ,Uncategorized
FDUS,Fidus Investment Corporation - Closed End Fund,NASDAQ,Uncategorized
FDV,Federated Hermes U.S. Strategic Dividend ETF,NYSE ARCA,Uncategorized
FDVV,Fidelity High Dividend ETF,NYSE ARCA,Uncategorized
FDX,FedEx Corporation,NYSE,Uncategorized
FE,FirstEnergy Corp.,NYSE,Uncategorized
FEAC,Fidelity Enhanced U.S. All-Cap Equity ETF,NYSE ARCA,Uncategorized
FEAM,"5E Advanced Materials, Inc.",NASDAQ,Uncategorized
FEAT,YieldMax Dorsey Wright Featured 5 Income ETF,NASDAQ,Uncategorized
FEBM,FT Vest U.S. Equity Max Buffer ETF - February,BATS,Uncategorized
FEBO,Fenbo Holdings Limited,NASDAQ,Uncategorized
FEBP,PGIM S&P 500 Buffer 12 ETF - February,BATS,Uncategorized
FEBT,AllianzIM U.S. Large Cap Buffer10 Feb ETF,BATS,Uncategorized
FEBU,AllianzIM U.S. Equity Buffer15 Uncapped Feb ETF,BATS,Uncategorized
FEBW,AllianzIM U.S. Large Cap Buffer20 Feb ETF,BATS,Uncategorized
FEBZ,TrueShares Structured Outcome (February) ETF,BATS,Uncategorized
FEDM,FlexShares ESG & Climate Developed Markets ex-US Core Index Fund,NYSE ARCA,Uncategorized
FEDU,"Four Seasons Education (Cayman) Inc. American Depositary Shares, each ADS representing 10 ordinary shares",NYSE,Uncategorized
FEED,"ENvue Medical, Inc.",NASDAQ,Uncategorized
FEGE,First Eagle Global Equity ETF,NYSE,Uncategorized
FEIG,FlexShares ESG & Climate Investment Grade Corporate Core Index Fund,NYSE ARCA,Uncategorized
FEIM,"Frequency Electronics, Inc.",NASDAQ,Uncategorized
FELC,Fidelity Enhanced Large Cap Core ETF,NYSE ARCA,Uncategorized
FELE,"Franklin Electric Co., Inc.",NASDAQ,Uncategorized
FELG,Fidelity Enhanced Large Cap Growth ETF,NYSE ARCA,Uncategorized
FELV,Fidelity Enhanced Large Cap Value ETF,NYSE ARCA,Uncategorized
FEM,First Trust Emerging Markets AlphaDEX Fund,NASDAQ,Uncategorized
FEMB,First Trust Emerging Markets Local Currency Bond ETF,NASDAQ,Uncategorized
FEMD,First Eagle Mid Cap Equity ETF,NYSE ARCA,Uncategorized
FEMR,Fidelity Enhanced Emerging Markets ETF,NYSE ARCA,Uncategorized
FEMS,First Trust Emerging Markets Small Cap AlphaDEX Fund,NASDAQ,Uncategorized
FEMY,Femasys Inc.,NASDAQ,Uncategorized
FENC,Fennec Pharmaceuticals Inc.,NASDAQ,Uncategorized
FENG,"Phoenix New Media Limited American Depositary Shares, each representing 48 Class A ordinary shares.",NYSE,Uncategorized
FENI,Fidelity Enhanced International ETF,NYSE ARCA,Uncategorized
FENY,Fidelity MSCI Energy Index ETF,NYSE ARCA,Uncategorized
FEOE,First Eagle Overseas Equity ETF,NYSE,Uncategorized
FEP,First Trust Europe AlphaDEX Fund,NASDAQ,Uncategorized
FEPI,REX FANG & Innovation Equity Premium Income ETF,NASDAQ,Uncategorized
FER,Ferrovial SE - Ordinary Shares,NASDAQ,Uncategorized
FERA,Fifth Era Acquisition Corp I,NASDAQ,Uncategorized
FERAR,Fifth Era Acquisition Corp I - Rights,NASDAQ,Uncategorized
FERAU,Fifth Era Acquisition Corp I,NASDAQ,Uncategorized
FERG,Ferguson Enterprises Inc.,NYSE,Uncategorized
FESM,Fidelity Enhanced Small Cap ETF,NYSE ARCA,Uncategorized
FET,"Forum Energy Technologies, Inc.",NYSE,Uncategorized
FETH,Fidelity Ethereum Fund Fidelity Ethereum Fund,BATS,Uncategorized
FEUS,FlexShares ESG & Climate US Large Cap Core Index Fund,NYSE ARCA,Uncategorized
FEUZ,First Trust Eurozone AlphaDEX ETF,NASDAQ,Uncategorized
FEX,First Trust Large Cap Core AlphaDEX Fund,NASDAQ,Uncategorized
FEZ,State Street SPDR EURO STOXX 50 ETF,NYSE ARCA,Uncategorized
FF,FutureFuel Corp.  Common shares,NYSE,Uncategorized
FFA,First Trust Enhanced Equity Income Fund Common Shares of Beneficial Interest,NYSE,Uncategorized
FFAI,Faraday Future Intelligent Electric Inc. - Class A,NASDAQ,Uncategorized
FFAIW,Faraday Future Intelligent Electric Inc. - Warrant,NASDAQ,Uncategorized
FFBC,First Financial Bancorp.,NASDAQ,Uncategorized
FFC,Flaherty & Crumrine Preferred and Income Securities Fund Incorporated,NYSE,Uncategorized
FFDI,Fidelity Fundamental Developed International ETF,BATS,Uncategorized
FFEB,FT Vest U.S. Equity Buffer ETF - February,BATS,Uncategorized
FFEM,Fidelity Fundamental Emerging Markets ETF,BATS,Uncategorized
FFF,Founders 100 ETF,BATS,Uncategorized
FFGX,Fidelity Fundamental Global ex-U.S. ETF,BATS,Uncategorized
FFIC,Flushing Financial Corporation,NASDAQ,Uncategorized
FFIN,"First Financial Bankshares, Inc.",NASDAQ,Uncategorized
FFIU,UVA Unconstrained Medium-Term Fixed Income ETF,NYSE ARCA,Uncategorized
FFIV,"F5, Inc.",NASDAQ,Uncategorized
FFLC,Fidelity Fundamental Large Cap Core ETF,BATS,Uncategorized
FFLG,Fidelity Fundamental Large Cap Growth ETF,BATS,Uncategorized
FFLS,The Future Fund Long/Short ETF,NYSE ARCA,Uncategorized
FFLV,Fidelity Fundamental Large Cap Value ETF,BATS,Uncategorized
FFND,One Global ETF,NYSE ARCA,Uncategorized
FFOG,Franklin Focused Growth ETF,BATS,Uncategorized
FFOX,FundX Future Fund Opportunities ETF,NYSE ARCA,Uncategorized
FFSM,Fidelity Fundamental Small-Mid Cap ETF,BATS,Uncategorized
FFTY,Innovator IBD 50 ETF,NYSE ARCA,Uncategorized
FFUT,Fidelity Managed Futures ETF,NASDAQ,Uncategorized
FFWM,First Foundation Inc.,NYSE,Uncategorized
FG,"F&G Annuities & Life, Inc.",NYSE,Uncategorized
FGBI,"First Guaranty Bancshares, Inc.",NASDAQ,Uncategorized
FGBIP,"First Guaranty Bancshares, Inc. - 6.75% Series A Fixed-Rate Non-Cumulative Perpetual Preferred Stock",NASDAQ,Uncategorized
FGD,First Trust DJ Global Select Dividend,NYSE ARCA,Uncategorized
FGDL,Franklin Responsibly Sourced Gold ETF,NYSE ARCA,Uncategorized
FGI,FGI Industries Ltd. - Ordinary Shares,NASDAQ,Uncategorized
FGIIU,FG Imperii Acquisition Corp.,NASDAQ,Uncategorized
FGIWW,FGI Industries Ltd. - warrant,NASDAQ,Uncategorized
FGL,Founder Group Limited,NASDAQ,Uncategorized
FGM,First Trust Germany AlphaDEX Fund,NASDAQ,Uncategorized
FGMC,FG Merger II Corp.,NASDAQ,Uncategorized
FGMCR,FG Merger II Corp. - Rights,NASDAQ,Uncategorized
FGMCU,FG Merger II Corp.,NASDAQ,Uncategorized
FGN,"F&G Annuities & Life, Inc. 7.950% Senior Notes due 2053",NYSE,Uncategorized
FGNX,FG Nexus Inc.,NASDAQ,Uncategorized
FGNXP,FG Nexus Inc. - 8.00% Cumulative Series A Preferred Stock,NASDAQ,Uncategorized
FGRU,T-REX 2X Long FIGR Daily Target ETF,BATS,Uncategorized
FGSI,FT Vest Growth Strength & Target Income ETF,NASDAQ,Uncategorized
FGSM,Frontier Asset Global Small Cap Equity ETF,NYSE ARCA,Uncategorized
FGSN,"F&G Annuities & Life, Inc. 7.300% Junior Subordinated Notes due 2065",NYSE,Uncategorized
FHB,"First Hawaiian, Inc.",NASDAQ,Uncategorized
FHDG,FT Vest U.S. Equity Quarterly Dynamic Buffer ETF,BATS,Uncategorized
FHEQ,Fidelity Hedged Equity ETF,BATS,Uncategorized
FHI,"Federated Hermes, Inc.",NYSE,Uncategorized
FHLC,Fidelity MSCI Health Care Index ETF,NYSE ARCA,Uncategorized
FHN,First Horizon Corporation,NYSE,Uncategorized
FHN$C,"First Horizon Corporation Depositary Shares, each representing a 1/400th interest in a share of Non-Cumulative Perpetual Preferred Stock, Series C",NYSE,Uncategorized
FHN$E,"First Horizon Corporation Depositary Shares, each representing a 1/4,000th interest in a share of Non-Cumulative Perpetual Preferred Stock, Series E",NYSE,Uncategorized
FHN$F,"First Horizon Corporation Depositary Shares, each representing 1/4000th Interest in a Share of Non-Cumulative Perpetual Preferred Stock, Series F",NYSE,Uncategorized
FHTX,Foghorn Therapeutics Inc.,NASDAQ,Uncategorized
FHYS,Federated Hermes Short Duration High Yield ETF,NYSE ARCA,Uncategorized
FIAT,YieldMax Short COIN Option Income Strategy ETF,NYSE ARCA,Uncategorized
FIAX,Nicholas Fixed Income Alternative ETF,NYSE ARCA,Uncategorized
FIBK,"First Interstate BancSystem, Inc.",NASDAQ,Uncategorized
FICO,Fair Isaac Corporation,NYSE,Uncategorized
FICS,First Trust International Developed Capital Strength ETF,NASDAQ,Uncategorized
FID,First Trust S&P International Dividend Aristocrats ETF,NASDAQ,Uncategorized
FIDI,Fidelity International High Dividend ETF,NYSE ARCA,Uncategorized
FIDU,Fidelity MSCI Industrials Index ETF,NYSE ARCA,Uncategorized
FIEE,"FiEE, Inc",NASDAQ,Uncategorized
FIG,"Figma, Inc. Class A",NYSE,Uncategorized
FIGB,Fidelity Investment Grade Bond ETF,NYSE ARCA,Uncategorized
FIGG,Leverage Shares 2x Long FIG Daily ETF,NASDAQ,Uncategorized
FIGR,"Figure Technology Solutions, Inc. - Class A",NASDAQ,Uncategorized
FIGS,"FIGS, Inc. Class A",NYSE,Uncategorized
FIGX,FIGX Capital Acquisition Corp.,NASDAQ,Uncategorized
FIGXU,FIGX Capital Acquisition Corp.,NASDAQ,Uncategorized
FIGXW,FIGX Capital Acquisition Corp. - one-half of one redeemable warrant.,NASDAQ,Uncategorized
FIHL,Fidelis Insurance Holdings Limited Common Shares,NYSE,Uncategorized
FIIG,First Trust Intermediate Duration Investment Grade Corporate ETF,NYSE ARCA,Uncategorized
FINS,Angel Oak Financial Strategies Income Term Trust Common Shares of Beneficial Interest,NYSE,Uncategorized
FINT,Frontier Asset Total International Equity ETF,NYSE ARCA,Uncategorized
FINV,FinVolution Group American Depositary Shares,NYSE,Uncategorized
FINW,FinWise Bancorp,NASDAQ,Uncategorized
FINX,Global X FinTech ETF,NASDAQ,Uncategorized
FIP,FTAI Infrastructure Inc.,NASDAQ,Uncategorized
FIS,"Fidelity National Information Services, Inc.",NYSE,Uncategorized
FISI,"Financial Institutions, Inc.",NASDAQ,Uncategorized
FISK,"Empire State Realty OP, L.P. Series 250 Operating Partnership Units Representing Limited Partnership Interests",NYSE ARCA,Uncategorized
FISR,State Street Fixed Income Sector Rotation ETF,NYSE ARCA,Uncategorized
FISV,"Fiserv, Inc.",NASDAQ,Uncategorized
FITB,Fifth Third Bancorp,NASDAQ,Uncategorized
FITBI,Fifth Third Bancorp - Depositary Share repstg 1/1000th Ownership Interest Perp Pfd Series I,NASDAQ,Uncategorized
FITBM,"Fifth Third Bancorp - Depositary Shares Representing a 1/40th Ownership Interest in a Share of 6.875% Fixed-Rate Reset Non-Cumulative Perpetual Preferred Stock, Series M",NASDAQ,Uncategorized
FITBO,"Fifth Third Bancorp - Depositary Shares each representing a 1/1000th ownership interest in a share of Non-Cumulative Perpetual Preferred Stock, Series K",NASDAQ,Uncategorized
FITBP,"Fifth Third Bancorp - Depositary Shares each representing 1/40th share of Fifth Third 6.00% Non-Cumulative Perpetual Class B Preferred Stock, Series A",NASDAQ,Uncategorized
FITE,State Street SPDR S&P Kensho Future Security ETF,NYSE ARCA,Uncategorized
FIVA,Fidelity International Value Factor ETF,NYSE ARCA,Uncategorized
FIVE,"Five Below, Inc.",NASDAQ,Uncategorized
FIVN,"Five9, Inc.",NASDAQ,Uncategorized
FIVY,YieldMax Dorsey Wright Hybrid 5 Income ETF,NASDAQ,Uncategorized
FIW,First Trust Water ETF,NYSE ARCA,Uncategorized
FIX,"Comfort Systems USA, Inc.",NYSE,Uncategorized
FIXD,First Trust Smith Opportunistic Fixed Income ETF,NASDAQ,Uncategorized
FIXP,FolioBeyond Enhanced Fixed Income Premium ETF,NYSE ARCA,Uncategorized
FIXT,TCW Core Plus Bond ETF,NYSE,Uncategorized
FIZZ,National Beverage Corp.,NASDAQ,Uncategorized
FJAN,FT Vest U.S. Equity Buffer ETF - January,BATS,Uncategorized
FJET,"Starfighters Space, Inc.",NYSE MKT,Uncategorized
FJP,First Trust Japan AlphaDEX Fund,NASDAQ,Uncategorized
FJUL,FT Vest U.S. Equity Buffer ETF - July,BATS,Uncategorized
FJUN,FT Vest U.S. Equity Buffer ETF - June,BATS,Uncategorized
FKU,First Trust United Kingdom AlphaDEX Fund,NASDAQ,Uncategorized
FKWL,Franklin Wireless Corp.,NASDAQ,Uncategorized
FLAG,Global X S&P 500 U.S. Market Leaders Top 50 ETF,NYSE ARCA,Uncategorized
FLAO,AllianzIM U.S. Equity 6 Month Floor5 Apr/Oct ETF,BATS,Uncategorized
FLAU,Franklin FTSE Australia ETF,NYSE ARCA,Uncategorized
FLAX,Franklin FTSE Asia ex Japan ETF,NYSE ARCA,Uncategorized
FLBL,Franklin Senior Loan ETF,BATS,Uncategorized
FLBR,Franklin FTSE Brazil ETF,NYSE ARCA,Uncategorized
FLC,Flaherty & Crumrine Total Return Fund Inc,NYSE,Uncategorized
FLCA,Franklin FTSE Canada ETF,NYSE ARCA,Uncategorized
FLCB,Franklin U.S. Core Bond ETF,NYSE ARCA,Uncategorized
FLCC,Federated Hermes MDT Large Cap Core ETF,NYSE ARCA,Uncategorized
FLCE,Frontier Asset U.S. Large Cap Equity ETF,NYSE ARCA,Uncategorized
FLCG,Federated Hermes MDT Large Cap Growth ETF,NYSE ARCA,Uncategorized
FLCH,Franklin FTSE China ETF,NYSE ARCA,Uncategorized
FLCO,Franklin Investment Grade Corporate ETF,NYSE ARCA,Uncategorized
FLCV,Federated Hermes MDT Large Cap Value ETF,NYSE ARCA,Uncategorized
FLD,"Fold Holdings, Inc. - Class A",NASDAQ,Uncategorized
FLDB,Fidelity Low Duration Bond ETF,NASDAQ,Uncategorized
FLDDW,"Fold Holdings, Inc. - Warrant",NASDAQ,Uncategorized
FLDR,Fidelity Low Duration Bond Factor ETF,BATS,Uncategorized
FLDZ,RiverNorth Patriot ETF,BATS,Uncategorized
FLEE,Franklin FTSE Europe ETF,NYSE ARCA,Uncategorized
FLEU,Franklin FTSE Eurozone ETF,NYSE ARCA,Uncategorized
FLEX,Flex Ltd. - Ordinary Shares,NASDAQ,Uncategorized
FLG,"Flagstar Bank, N.A.",NYSE,Uncategorized
FLG$A,"Flagstar Bank, N.A. Depositary shares, each representing a 1/40th interest in a share of Fixed-to-Floating Rate Series A Noncumulative Perpetual Preferred Stock",NYSE,Uncategorized
FLG$U,"Flagstar Bank, N.A. Bifurcated Option Note Unit SecuritiES",NYSE,Uncategorized
FLGB,Franklin FTSE United Kingdom ETF,NYSE ARCA,Uncategorized
FLGR,Franklin FTSE Germany ETF,NYSE ARCA,Uncategorized
FLGT,"Fulgent Genetics, Inc.",NASDAQ,Uncategorized
FLGV,Franklin U.S. Treasury Bond ETF,NYSE ARCA,Uncategorized
FLHY,Franklin High Yield Corporate ETF,BATS,Uncategorized
FLIA,Franklin International Aggregate Bond ETF,BATS,Uncategorized
FLIN,Franklin FTSE India ETF,NYSE ARCA,Uncategorized
FLJH,Franklin FTSE Japan Hedged ETF,NYSE ARCA,Uncategorized
FLJJ,AllianzIM U.S. Equity 6 Month Floor5 Jan/Jul ETF,BATS,Uncategorized
FLJP,Franklin FTSE Japan ETF,NYSE ARCA,Uncategorized
FLKR,Franklin FTSE South Korea ETF,NYSE ARCA,Uncategorized
FLL,"Full House Resorts, Inc.",NASDAQ,Uncategorized
FLLA,Franklin FTSE Latin America ETF,NYSE ARCA,Uncategorized
FLMB,Franklin Municipal Green Bond ETF,NYSE ARCA,Uncategorized
FLMI,Franklin Dynamic Municipal Bond ETF,NYSE ARCA,Uncategorized
FLMX,Franklin FTSE Mexico ETF,NYSE ARCA,Uncategorized
FLN,First Trust Latin America AlphaDEX Fund,NASDAQ,Uncategorized
FLNC,"Fluence Energy, Inc. - Class A",NASDAQ,Uncategorized
FLNG,FLEX LNG Ltd. Ordinary Shares,NYSE,Uncategorized
FLNT,"Fluent, Inc.",NASDAQ,Uncategorized
FLO,"Flowers Foods, Inc.",NYSE,Uncategorized
FLOC,Flowco Holdings Inc. Class A,NYSE,Uncategorized
FLOT,iShares Floating Rate Bond ETF,BATS,Uncategorized
FLOW,Global X U.S. Cash Flow Kings 100 ETF,NYSE ARCA,Uncategorized
FLQL,Franklin U.S. Large Cap Multifactor Index ETF,BATS,Uncategorized
FLQM,Franklin U.S. Mid Cap Multifactor Index ETF,BATS,Uncategorized
FLQS,Franklin U.S. Small Cap Multifactor Index ETF,BATS,Uncategorized
FLR,Fluor Corporation,NYSE,Uncategorized
FLRG,Fidelity U.S. Multifactor ETF,NYSE ARCA,Uncategorized
FLRN,State Street SPDR Bloomberg Investment Grade Floating Rate ETF,NYSE ARCA,Uncategorized
FLRT,Pacer Aristotle Pacific Floating Rate High Income ETF,NYSE ARCA,Uncategorized
FLS,Flowserve Corporation,NYSE,Uncategorized
FLSA,Franklin FTSE Saudi Arabia ETF,NYSE ARCA,Uncategorized
FLSP,Franklin Systematic Style Premia ETF,NYSE ARCA,Uncategorized
FLSW,Franklin FTSE Switzerland ETF,NYSE ARCA,Uncategorized
FLTB,Fidelity Limited Term Bond ETF,NYSE ARCA,Uncategorized
FLTR,VanEck IG Floating Rate ETF,NYSE ARCA,Uncategorized
FLTW,Franklin FTSE Taiwan ETF,NYSE ARCA,Uncategorized
FLUD,Franklin Ultra Short Bond ETF,NYSE ARCA,Uncategorized
FLUT,Flutter Entertainment plc Ordinary Shares,NYSE,Uncategorized
FLUX,"Flux Power Holdings, Inc.",NASDAQ,Uncategorized
FLV,American Century Focused Large Cap Value ETF,NYSE ARCA,Uncategorized
FLWS,"1-800-FLOWERS.COM, Inc. - Class A",NASDAQ,Uncategorized
FLX,BingEx Limited - American Depositary Shares,NASDAQ,Uncategorized
FLXI,Invesco Flexible Income ETF,BATS,Uncategorized
FLXN,Horizon Flexible Income ETF,BATS,Uncategorized
FLXR,TCW Flexible Income ETF,NYSE,Uncategorized
FLXS,"Flexsteel Industries, Inc.",NASDAQ,Uncategorized
FLY,Firefly Aerospace Inc.,NASDAQ,Uncategorized
FLYD,MicroSectors Travel -3x Inverse Leveraged ETN,NYSE ARCA,Uncategorized
FLYE,"Fly-E Group, Inc.",NASDAQ,Uncategorized
FLYT,Tradr 2X Long FLY Daily ETF,BATS,Uncategorized
FLYU,MicroSectors Travel 3x Leveraged ETN,NYSE ARCA,Uncategorized
FLYW,Flywire Corporation - Voting,NASDAQ,Uncategorized
FLYX,"flyExclusive, Inc. Class A",NYSE MKT,Uncategorized
FLYX.W,"flyExclusive, Inc. Redeemable warrants, each whole warrant exercisable for one Class A common stock at an exercise price of $11.50 per share",NYSE MKT,Uncategorized
FMAG,Fidelity Magellan ETF,BATS,Uncategorized
FMAO,"Farmers & Merchants Bancorp, Inc.",NASDAQ,Uncategorized
FMAR,FT Vest U.S. Equity Buffer ETF - March,BATS,Uncategorized
FMAT,Fidelity MSCI Materials Index ETF,NYSE ARCA,Uncategorized
FMAY,FT Vest U.S. Equity Buffer ETF - May,BATS,Uncategorized
FMB,First Trust Managed Municipal ETF,NASDAQ,Uncategorized
FMBH,"First Mid Bancshares, Inc.",NASDAQ,Uncategorized
FMC,FMC Corporation,NYSE,Uncategorized
FMCE,FM Compounders Equity ETF,NYSE ARCA,Uncategorized
FMCX,FM Focus Equity ETF,NYSE ARCA,Uncategorized
FMDE,Fidelity Enhanced Mid Cap ETF,NYSE ARCA,Uncategorized
FMED,Fidelity Disruptive Medicine ETF,NASDAQ,Uncategorized
FMET,Fidelity Metaverse ETF,NASDAQ,Uncategorized
FMF,First Trust Managed Futures Strategy Fund,NYSE ARCA,Uncategorized
FMFC,Kandal M Venture Limited,NASDAQ,Uncategorized
FMHI,First Trust Municipal High Income ETF,NASDAQ,Uncategorized
FMKT,The Free Markets ETF,NYSE ARCA,Uncategorized
FMN,Federated Hermes Premier Municipal Income Fund,NYSE,Uncategorized
FMNB,Farmers National Banc Corp.,NASDAQ,Uncategorized
FMNY,First Trust New York Municipal High Income ETF,NYSE ARCA,Uncategorized
FMQQ,FMQQ The Next Frontier Internet ETF,NYSE ARCA,Uncategorized
FMS,Fresenius Medical Care AG American Depositary Shares (Each representing 1/2 of an Ordinary Share),NYSE,Uncategorized
FMST,Foremost Clean Energy Ltd. - Common Shares,NASDAQ,Uncategorized
FMSTW,Foremost Clean Energy Ltd. - Warrant,NASDAQ,Uncategorized
FMTL,First Trust Indxx Critical Metals ETF,NYSE ARCA,Uncategorized
FMTM,MarketDesk Focused U.S. Momentum ETF,NASDAQ,Uncategorized
FMUB,Fidelity Municipal Bond Opportunities ETF,NASDAQ,Uncategorized
FMUN,Fidelity Systematic Municipal Bond Index ETF,NASDAQ,Uncategorized
FMX,Fomento Economico Mexicano S.A.B. de C.V.,NYSE,Uncategorized
FMY,First Trust Mortgage Income Fund Common Shares of Beneficial Interest,NYSE,Uncategorized
FN,Fabrinet Ordinary Shares,NYSE,Uncategorized
FNB,F.N.B. Corporation,NYSE,Uncategorized
FNCL,Fidelity MSCI Financials Index ETF,NYSE ARCA,Uncategorized
FND,"Floor & Decor Holdings, Inc.",NYSE,Uncategorized
FNDA,Schwab Fundamental U.S. Small Company ETF,NYSE ARCA,Uncategorized
FNDB,Schwab Fundamental U.S. Broad Market ETF,NYSE ARCA,Uncategorized
FNDC,Schwab Fundamental International Small Equity ETF,NYSE ARCA,Uncategorized
FNDE,Schwab Fundamental Emerging Markets Equity ETF,NYSE ARCA,Uncategorized
FNDF,Schwab Fundamental International Equity ETF,NYSE ARCA,Uncategorized
FNDX,Schwab Fundamental U.S. Large Company ETF,NYSE ARCA,Uncategorized
FNF,"Fidelity National Financial, Inc.",NYSE,Uncategorized
FNGD,"MicroSectors FANG  Index -3X Inverse Leveraged ETNs due January 8, 2038",NYSE ARCA,Uncategorized
FNGG,Direxion Daily NYSE FANG+ Bull 2X Shares,NYSE ARCA,Uncategorized
FNGO,"MicroSectors FANG  Index 2X Leveraged ETNs due January 8, 2038",NYSE ARCA,Uncategorized
FNGR,"FingerMotion, Inc.",NASDAQ,Uncategorized
FNGS,"MicroSectors FANG  ETNs due January 8, 2038",NYSE ARCA,Uncategorized
FNGU,MicroSectors FANG+ 3X Leveraged ETNs,NYSE ARCA,Uncategorized
FNK,First Trust Mid Cap Value AlphaDEX Fund,NASDAQ,Uncategorized
FNKO,"Funko, Inc. - Class A",NASDAQ,Uncategorized
FNLC,"First Bancorp, Inc (ME)",NASDAQ,Uncategorized
FNOV,FT Vest U.S. Equity Buffer ETF - November,BATS,Uncategorized
FNV,Franco-Nevada Corporation,NYSE,Uncategorized
FNWB,First Northwest Bancorp,NASDAQ,Uncategorized
FNWD,Finward Bancorp,NASDAQ,Uncategorized
FNX,First Trust Mid Cap Core AlphaDEX Fund,NASDAQ,Uncategorized
FNY,First Trust Mid Cap Growth AlphaDEX Fund,NASDAQ,Uncategorized
FOA,Finance of America Companies Inc. Class A,NYSE,Uncategorized
FOCT,FT Vest U.S. Equity Buffer ETF - October,BATS,Uncategorized
FOF,"Cohen & Steers Closed-End Opportunity Fund, Inc.",NYSE,Uncategorized
FOFO,"Hang Feng Technology Innovation Co., Ltd. - Ordinary Shares",NASDAQ,Uncategorized
FOLD,"Amicus Therapeutics, Inc.",NASDAQ,Uncategorized
FONR,Fonar Corporation,NASDAQ,Uncategorized
FOPC,Frontier Asset Opportunistic Credit ETF,NYSE ARCA,Uncategorized
FOR,Forestar Group Inc,NYSE,Uncategorized
FORA,Forian Inc.,NASDAQ,Uncategorized
FORH,Formidable ETF,BATS,Uncategorized
FORM,"FormFactor, Inc.",NASDAQ,Uncategorized
FORR,"Forrester Research, Inc.",NASDAQ,Uncategorized
FORTY,Formula Systems (1985) Ltd. - American Depositary Shares,NASDAQ,Uncategorized
FOSL,"Fossil Group, Inc.",NASDAQ,Uncategorized
FOUR,"Shift4 Payments, Inc. Class A",NYSE,Uncategorized
FOUR$A,"Shift4 Payments, Inc. 6.00% Series A Mandatory Convertible Preferred Stock",NYSE,Uncategorized
FOWF,Pacer Solactive Whitney Future of Warfare ETF,BATS,Uncategorized
FOX,Fox Corporation - Class B,NASDAQ,Uncategorized
FOXA,Fox Corporation - Class A,NASDAQ,Uncategorized
FOXF,Fox Factory Holding Corp.,NASDAQ,Uncategorized
FOXX,Foxx Development Holdings Inc.,NASDAQ,Uncategorized
FOXXW,Foxx Development Holdings Inc. - Warrant,NASDAQ,Uncategorized
FOXY,Simplify Currency Strategy ETF,NYSE ARCA,Uncategorized
FPA,First Trust Asia Pacific Ex-Japan AlphaDEX Fund,NASDAQ,Uncategorized
FPAG,FPA Global Equity ETF,BATS,Uncategorized
FPAS,FPA Short Duration Government ETF,BATS,Uncategorized
FPE,First Trust Preferred Securities and Income ETF ETF,NYSE ARCA,Uncategorized
FPEI,First Trust Institutional Preferred Securities and Income ETF,NYSE ARCA,Uncategorized
FPF,First Trust Intermediate Duration Preferred & Income Fund Common Shares of Beneficial Interest,NYSE,Uncategorized
FPFD,Fidelity Preferred Securities & Income ETF,BATS,Uncategorized
FPH,"Five Point Holdings, LLC Class A Common Shares",NYSE,Uncategorized
FPI,Farmland Partners Inc.,NYSE,Uncategorized
FPRO,Fidelity Real Estate Investment ETF,BATS,Uncategorized
FPS,"Forgent Power Solutions, Inc. Class A",NYSE,Uncategorized
FPWR,First Trust EIP Power Solutions ETF,NYSE ARCA,Uncategorized
FPX,First Trust US Equity Opportunities ETF,NYSE ARCA,Uncategorized
FPXE,First Trust IPOX Europe Equity Opportunities ETF,NASDAQ,Uncategorized
FPXI,First Trust International Equity Opportunities ETF,NASDAQ,Uncategorized
FQAL,Fidelity Quality Factor ETF,NYSE ARCA,Uncategorized
FR,"First Industrial Realty Trust, Inc.",NYSE,Uncategorized
FRA,Blackrock Floating Rate Income Strategies Fund Inc,NYSE,Uncategorized
FRAF,Franklin Financial Services Corporation,NASDAQ,Uncategorized
FRBA,First Bank,NASDAQ,Uncategorized
FRD,Friedman Industries Inc.,NASDAQ,Uncategorized
FRDD,Direxion Daily F Bear 1X ETF,NASDAQ,Uncategorized
FRDM,Freedom 100 Emerging Markets ETF,BATS,Uncategorized
FRDU,Direxion Daily F Bull 2X ETF,NASDAQ,Uncategorized
FREL,Fidelity MSCI Real Estate Index ETF,NYSE ARCA,Uncategorized
FRGE,"Forge Global Holdings, Inc.",NYSE,Uncategorized
FRGN,Horizon International Equity ETF,NYSE ARCA,Uncategorized
FRGT,"Freight Technologies, Inc. - Ordinary Shares",NASDAQ,Uncategorized
FRHC,Freedom Holding Corp.,NASDAQ,Uncategorized
FRI,First Trust S&P REIT Index Fund,NYSE ARCA,Uncategorized
FRIZ,Franklin Dividend Growth ETF,NYSE ARCA,Uncategorized
FRME,First Merchants Corporation,NASDAQ,Uncategorized
FRMEP,"First Merchants Corporation - Depository Shares, each representing a 1/100th interest in a share of 7.50% Non-Cumulative Perpetual Preferred Stock, A",NASDAQ,Uncategorized
FRMI,Fermi Inc.,NASDAQ,Uncategorized
FRNW,Fidelity Clean Energy ETF,BATS,Uncategorized
FRO,Frontline Plc Ordinary Shares,NYSE,Uncategorized
FROG,JFrog Ltd. - Ordinary shares,NASDAQ,Uncategorized
FRPH,"FRP Holdings, Inc.",NASDAQ,Uncategorized
FRPT,"Freshpet, Inc.",NASDAQ,Uncategorized
FRSH,Freshworks Inc. - Class A,NASDAQ,Uncategorized
FRST,Primis Financial Corp.,NASDAQ,Uncategorized
FRSX,Foresight Autonomous Holdings Ltd. - American Depositary Shares,NASDAQ,Uncategorized
FRT,Federal Realty Investment Trust,NYSE,Uncategorized
FRT$C,"Federal Realty Investment Trust Depositary Shares, each representing a 1/1000th interest in a 5.000% Series C Cumulative Redeemable Preferred Share",NYSE,Uncategorized
FRTY,Alger Mid Cap 40 ETF,NYSE ARCA,Uncategorized
FRWD,Nomura Transformational Technologies ETF,NASDAQ,Uncategorized
FSBC,Five Star Bancorp,NASDAQ,Uncategorized
FSBW,"FS Bancorp, Inc.",NASDAQ,Uncategorized
FSCC,Federated Hermes MDT Small Cap Core ETF,NYSE ARCA,Uncategorized
FSCO,FS Credit Opportunities Corp.,NYSE,Uncategorized
FSCS,First Trust SMID Capital Strength ETF,NASDAQ,Uncategorized
FSEA,"First Seacoast Bancorp, Inc.",NASDAQ,Uncategorized
FSEC,Fidelity Investment Grade Securitized ETF,NYSE ARCA,Uncategorized
FSEP,FT Vest U.S. Equity Buffer ETF - September,BATS,Uncategorized
FSGS,First Trust SMID Growth Strength ETF,NASDAQ,Uncategorized
FSHP,Flag Ship Acquisition Corp. - Ordinary Shares,NASDAQ,Uncategorized
FSHPR,Flag Ship Acquisition Corp. - Right,NASDAQ,Uncategorized
FSHPU,Flag Ship Acquisition Corp.,NASDAQ,Uncategorized
FSI,Flexible Solutions International Inc. Common Stock (CDA),NYSE MKT,Uncategorized
FSIG,First Trust Limited Duration Investment Grade Corporate ETF,NYSE ARCA,Uncategorized
FSK,FS KKR Capital Corp.,NYSE,Uncategorized
FSLR,"First Solar, Inc.",NASDAQ,Uncategorized
FSLY,"Fastly, Inc. - Class A",NASDAQ,Uncategorized
FSM,Fortuna Mining Corp. Common Shares,NYSE,Uncategorized
FSMB,First Trust Short Duration Managed Municipal ETF,NYSE ARCA,Uncategorized
FSMD,Fidelity Small-Mid Multifactor ETF,NYSE ARCA,Uncategorized
FSML,Franklin Small Cap Enhanced ETF,NYSE ARCA,Uncategorized
FSOL,Fidelity Solana Fund,NYSE ARCA,Uncategorized
FSP,Franklin Street Properties Corp.,NYSE MKT,Uncategorized
FSS,Federal Signal Corporation,NYSE,Uncategorized
FSSL,FS Specialty Lending Fund Common Shares of Beneficial Interest,NYSE,Uncategorized
FSTA,Fidelity MSCI Consumer Staples Index ETF,NYSE ARCA,Uncategorized
FSTR,L.B. Foster Company,NASDAQ,Uncategorized
FSUN,FirstSun Capital Bancorp,NASDAQ,Uncategorized
FSV,FirstService Corporation - Common Shares,NASDAQ,Uncategorized
FSYD,Fidelity Sustainable High Yield ETF,NYSE ARCA,Uncategorized
FSZ,First Trust Switzerland AlphaDEX Fund,NASDAQ,Uncategorized
FT,Franklin Universal Trust,NYSE,Uncategorized
FTA,First Trust Large Cap Value AlphaDEX Fund,NASDAQ,Uncategorized
FTAG,First Trust Indxx Global Agriculture ETF,NASDAQ,Uncategorized
FTAI,FTAI Aviation Ltd.,NASDAQ,Uncategorized
FTAIM,FTAI Aviation Ltd. - 9.500% Fixed-Rate Reset Series D Cumulative Perpetual Redeemable Preferred Shares,NASDAQ,Uncategorized
FTAIN,FTAI Aviation Ltd. - 8.25% Fixed-Rate Reset Series C Cumulative Perpetual Redeemable Preferred Shares,NASDAQ,Uncategorized
FTBD,Fidelity Tactical Bond ETF,NYSE ARCA,Uncategorized
FTBI,First Trust Balanced Income ETF,NYSE ARCA,Uncategorized
FTC,First Trust Large Cap Growth AlphaDEX Fund,NASDAQ,Uncategorized
FTCA,Franklin California Municipal Income ETF,NYSE ARCA,Uncategorized
FTCB,First Trust Core Investment Grade ETF,NYSE ARCA,Uncategorized
FTCE,First Trust New Constructs Core Earnings Leaders ETF,NYSE ARCA,Uncategorized
FTCI,"FTC Solar, Inc.",NASDAQ,Uncategorized
FTCS,First Trust Capital Strength ETF,NASDAQ,Uncategorized
FTDR,"Frontdoor, Inc.",NASDAQ,Uncategorized
FTDS,First Trust Dividend Strength ETF,NASDAQ,Uncategorized
FTEC,Fidelity MSCI Information Technology Index ETF,NYSE ARCA,Uncategorized
FTEK,"Fuel Tech, Inc.",NASDAQ,Uncategorized
FTEL,Fitell Corporation,NASDAQ,Uncategorized
FTF,Franklin Limited Duration Income Trust Common Shares of Beneficial Interest,NYSE MKT,Uncategorized
FTFT,Future FinTech Group Inc.,NASDAQ,Uncategorized
FTGC,First Trust Global Tactical Commodity Strategy Fund,NASDAQ,Uncategorized
FTGS,First Trust Growth Strength ETF,NASDAQ,Uncategorized
FTHF,First Trust Emerging Markets Human Flourishing ETF,NYSE ARCA,Uncategorized
FTHI,First Trust BuyWrite Income ETF,NASDAQ,Uncategorized
FTHM,Fathom Holdings Inc.,NASDAQ,Uncategorized
FTHY,First Trust High Yield Opportunities 2027 Term Fund,NYSE,Uncategorized
FTI,TechnipFMC plc Ordinary Share,NYSE,Uncategorized
FTIF,First Trust Bloomberg Inflation Sensitive Equity ETF,NYSE ARCA,Uncategorized
FTK,"Flotek Industries, Inc.",NYSE,Uncategorized
FTKI,First Trust Small Cap BuyWrite Income ETF,NYSE ARCA,Uncategorized
FTLF,"FitLife Brands, Inc.",NASDAQ,Uncategorized
FTLS,First Trust Long/Short Equity,NYSE ARCA,Uncategorized
FTMA,Franklin Massachusetts Municipal Income ETF,NYSE ARCA,Uncategorized
FTMH,Franklin Municipal High Yield ETF,NYSE ARCA,Uncategorized
FTMN,Franklin Minnesota Municipal Income ETF,NYSE ARCA,Uncategorized
FTMS,Franklin Short-Term Municipal Income ETF,NYSE ARCA,Uncategorized
FTMU,Franklin Municipal Income ETF,NYSE ARCA,Uncategorized
FTNJ,Franklin New Jersey Municipal Income ETF,NYSE ARCA,Uncategorized
FTNT,"Fortinet, Inc.",NASDAQ,Uncategorized
FTNY,Franklin New York Municipal Income ETF,NYSE ARCA,Uncategorized
FTOH,Franklin Ohio Municipal Income ETF,NYSE ARCA,Uncategorized
FTPA,Franklin Pennsylvania Municipal Income ETF,NYSE ARCA,Uncategorized
FTQI,First Trust Nasdaq BuyWrite Income ETF,NASDAQ,Uncategorized
FTRB,Federated Hermes Total Return Bond ETF,NYSE ARCA,Uncategorized
FTRE,Fortrea Holdings Inc.,NASDAQ,Uncategorized
FTRI,First Trust Indxx Global Natural Resources Income ETF,NASDAQ,Uncategorized
FTRK,FAST TRACK GROUP - Ordinary shares,NASDAQ,Uncategorized
FTS,Fortis Inc. Common Shares,NYSE,Uncategorized
FTSD,Franklin Short Duration U.S. Government ETF,NYSE ARCA,Uncategorized
FTSL,First Trust Senior Loan Fund,NASDAQ,Uncategorized
FTSM,First Trust Enhanced Short Maturity ETF,NASDAQ,Uncategorized
FTV,Fortive Corporation,NYSE,Uncategorized
FTW,EQV Ventures Acquisition Corp. Class A Ordinary Shares,NYSE,Uncategorized
FTW.U,"EQV Ventures Acquisition Corp. Units, each consisting of one Class A ordinary share and one-third of one redeemable warrant",NYSE,Uncategorized
FTW.W,"EQV Ventures Acquisition Corp. Redeemable warrants, each whole warrant exercisable for one Class A ordinary share at an exercise price of $11.50 per share",NYSE,Uncategorized
FTWO,Strive Natural Resources and Security ETF,NYSE,Uncategorized
FTXG,First Trust Nasdaq Food & Beverage ETF,NASDAQ,Uncategorized
FTXH,First Trust Nasdaq Pharmaceuticals ETF,NASDAQ,Uncategorized
FTXL,First Trust Nasdaq Semiconductor ETF,NASDAQ,Uncategorized
FTXN,First Trust Nasdaq Oil & Gas ETF,NASDAQ,Uncategorized
FTXO,First Trust Nasdaq Bank ETF,NASDAQ,Uncategorized
FTXR,First Trust Nasdaq Transportation ETF,NASDAQ,Uncategorized
FUBO,FuboTV Inc. Class A,NYSE,Uncategorized
FUFU,BitFuFu Inc.,NASDAQ,Uncategorized
FUFUW,BitFuFu Inc. - Warrant,NASDAQ,Uncategorized
FUL,H. B. Fuller Company,NYSE,Uncategorized
FULC,"Fulcrum Therapeutics, Inc.",NASDAQ,Uncategorized
FULT,Fulton Financial Corporation,NASDAQ,Uncategorized
FULTP,"Fulton Financial Corporation - Depositary Shares Each Representing a 1/40th Interest in a Share of Fixed Rate Non-Cumulative Perpetual Preferred Stock, Series A",NASDAQ,Uncategorized
FUMB,First Trust Ultra Short Duration Municipal ETF,NYSE ARCA,Uncategorized
FUN,Six Flags Entertainment Corporation Common Stock New,NYSE,Uncategorized
FUNC,First United Corporation,NASDAQ,Uncategorized
FUND,"Sprott Focus Trust, Inc. - Closed End Fund",NASDAQ,Uncategorized
FUNL,CornerCap Fundametrics Large-Cap ETF,BATS,Uncategorized
FURY,Fury Gold Mines Limited Common Shares,NYSE MKT,Uncategorized
FUSB,"First US Bancshares, Inc.",NASDAQ,Uncategorized
FUSE,Fusemachines Inc.,NASDAQ,Uncategorized
FUSEW,Fusemachines Inc. - Warrants,NASDAQ,Uncategorized
FUSI,American Century Multisector Floating Income ETF,NYSE ARCA,Uncategorized
FUTG,Leverage Shares 2x Long FUTU Daily ETF,NASDAQ,Uncategorized
FUTU,Futu Holdings Limited - American Depositary Shares,NASDAQ,Uncategorized
FUTY,Fidelity MSCI Utilities Index ETF,NYSE ARCA,Uncategorized
FV,First Trust Dorsey Wright Focus 5 ETF,NASDAQ,Uncategorized
FVAL,Fidelity Value Factor ETF,NYSE ARCA,Uncategorized
FVAV,Fortress Value Acquisition Corp. V,NASDAQ,Uncategorized
FVC,First Trust Dorsey Wright Dynamic Focus 5 ETF,NASDAQ,Uncategorized
FVCB,"FVCBankcorp, Inc.",NASDAQ,Uncategorized
FVD,First Trust VL Dividend,NYSE ARCA,Uncategorized
FVN,Future Vision II Acquisition Corporation - Ordinary Shares,NASDAQ,Uncategorized
FVNNR,Future Vision II Acquisition Corporation - Right,NASDAQ,Uncategorized
FVNNU,Future Vision II Acquisition Corporation,NASDAQ,Uncategorized
FVR,"FrontView REIT, Inc.",NYSE,Uncategorized
FVRR,"Fiverr International Ltd. Ordinary Shares, no par value",NYSE,Uncategorized
FWD,AB Disruptors ETF,NYSE ARCA,Uncategorized
FWDI,"Forward Industries, Inc.",NASDAQ,Uncategorized
FWONA,Liberty Media Corporation - Series A Liberty Formula One,NASDAQ,Uncategorized
FWONK,Liberty Media Corporation - Series C Liberty Formula One,NASDAQ,Uncategorized
FWRD,Forward Air Corporation,NASDAQ,Uncategorized
FWRG,"First Watch Restaurant Group, Inc.",NASDAQ,Uncategorized
FXA,Invesco CurrencyShares Australian Dollar Trust,NYSE ARCA,Uncategorized
FXB,Invesco CurrencyShares British Pound Sterling Trust,NYSE ARCA,Uncategorized
FXC,Invesco CurrencyShares Canadian Dollar Trust,NYSE ARCA,Uncategorized
FXD,First Trust Cons. Discret. AlphaDEX,NYSE ARCA,Uncategorized
FXE,Invesco CurrencyShares Euro Currency Trust,NYSE ARCA,Uncategorized
FXED,Sound Enhanced Fixed Income ETF,NYSE,Uncategorized
FXF,Invesco CurrencyShares Swiss Franc Trust,NYSE ARCA,Uncategorized
FXG,First Trust Cons. Staples AlphaDEX,NYSE ARCA,Uncategorized
FXH,First Trust Health Care AlphaDEX,NYSE ARCA,Uncategorized
FXI,iShares China Large-Cap ETF,NYSE ARCA,Uncategorized
FXL,First Trust Technology AlphaDEX,NYSE ARCA,Uncategorized
FXN,First Trust Energy AlphaDEX Fund,NYSE ARCA,Uncategorized
FXNC,First National Corporation,NASDAQ,Uncategorized
FXO,First Trust Financials AlphaDEX,NYSE ARCA,Uncategorized
FXP,ProShares UltraShort FTSE China 50,NYSE ARCA,Uncategorized
FXR,First Trust Industrials AlphaDEX,NYSE ARCA,Uncategorized
FXU,First Trust Utilities AlphaDEX Fund,NYSE ARCA,Uncategorized
FXY,Invesco CurrencyShares Japanese Yen Trust,NYSE ARCA,Uncategorized
FXZ,First Trust Materials AlphaDEX Fund,NYSE ARCA,Uncategorized
FYC,First Trust Small Cap Growth AlphaDEX Fund,NASDAQ,Uncategorized
FYEE,Fidelity Yield Enhanced Equity ETF,BATS,Uncategorized
FYLD,Cambria Foreign Shareholder Yield ETF,BATS,Uncategorized
FYT,First Trust Small Cap Value AlphaDEX Fund,NASDAQ,Uncategorized
FYX,First Trust Small Cap Core AlphaDEX Fund,NASDAQ,Uncategorized
G,Genpact Limited,NYSE,Uncategorized
GAA,Cambria Global Asset Allocation ETF,BATS,Uncategorized
GAB,"Gabelli Equity Trust, Inc. (The)",NYSE,Uncategorized
GAB$G,"Gabelli Equity Trust, Inc. (The) Series G Cumulative Preferred Stock",NYSE,Uncategorized
GAB$H,"Gabelli Equity Trust, Inc. (The) Pfd Ser H",NYSE,Uncategorized
GAB$K,"Gabelli Equity Trust, Inc. (The) 5.00% Series K Cumulative Preferred Stock",NYSE,Uncategorized
GAB.V,"Gabelli Equity Trust, Inc. (The) Rights (expiring April 14, 2026) Rights when issued",NYSE,Uncategorized
GABC,"German American Bancorp, Inc.",NASDAQ,Uncategorized
GABF,Gabelli ETFs Trust Gabelli Financial Services Opportunities ETF,NYSE ARCA,Uncategorized
GAEM,Simplify Gamma Emerging Market Bond ETF,NYSE ARCA,Uncategorized
GAIA,"Gaia, Inc. - Class A",NASDAQ,Uncategorized
GAID,Guinness Atkinson International Dividend Builder ETF,NYSE ARCA,Uncategorized
GAIN,Gladstone Investment Corporation - Business Development Company,NASDAQ,Uncategorized
GAING,Gladstone Investment Corporation - 7.125% Notes due 2031,NASDAQ,Uncategorized
GAINI,Gladstone Investment Corporation - 7.875% Notes due 2030,NASDAQ,Uncategorized
GAINN,Gladstone Investment Corporation - 5.00% Notes Due 2026,NASDAQ,Uncategorized
GAINZ,Gladstone Investment Corporation - 4.875% Notes due 2028,NASDAQ,Uncategorized
GAL,State Street Global Allocation ETF,NYSE ARCA,Uncategorized
GALT,Galectin Therapeutics Inc.,NASDAQ,Uncategorized
GAM,"General American Investors, Inc.",NYSE,Uncategorized
GAM$B,"General American Investors Company, Inc. Cumulative Preferred Stock",NYSE,Uncategorized
GAMB,Gambling.com Group Limited - Ordinary Shares,NASDAQ,Uncategorized
GAME,"GameSquare Holdings, Inc.",NASDAQ,Uncategorized
GAMR,Amplify Video Game Leaders ETF,NYSE ARCA,Uncategorized
GANX,"Gain Therapeutics, Inc.",NASDAQ,Uncategorized
GAP,"Gap, Inc. (The)",NYSE,Uncategorized
GAPR,FT Vest U.S. Equity Moderate Buffer ETF - April,BATS,Uncategorized
GARA,Guinness Atkinson Real Assets Income ETF,NYSE ARCA,Uncategorized
GARP,iShares MSCI USA Quality GARP ETF,BATS,Uncategorized
GARY,Mango Growth ETF,NASDAQ,Uncategorized
GASS,"StealthGas, Inc.",NASDAQ,Uncategorized
GATX,GATX Corporation,NYSE,Uncategorized
GAU,Galiano Gold Inc.,NYSE MKT,Uncategorized
GAUD,Guinness Atkinson US Dividend Builder ETF,NYSE ARCA,Uncategorized
GAUG,FT Vest U.S. Equity Moderate Buffer ETF - August,BATS,Uncategorized
GAUZ,Gauzy Ltd. - Ordinary Shares,NASDAQ,Uncategorized
GBAB,Guggenheim Taxable Municipal Bond & Investment Grade Debt Trust Common Shares of Beneficial Interest,NYSE,Uncategorized
GBCI,"Glacier Bancorp, Inc.",NYSE,Uncategorized
GBDC,"Golub Capital BDC, Inc. - Closed End Fund",NASDAQ,Uncategorized
GBF,iShares Government/Credit Bond ETF,NYSE ARCA,Uncategorized
GBFH,GBank Financial Holdings Inc.,NASDAQ,Uncategorized
GBHI,Gabelli High Income ETF,NYSE ARCA,Uncategorized
GBIL,Goldman Sachs Access Treasury 0-1 Year ETF,NYSE ARCA,Uncategorized
GBLI,"Global Indemnity Group, LLC",NASDAQ,Uncategorized
GBND,Goldman Sachs Core Bond ETF,NYSE ARCA,Uncategorized
GBR,"New Concept Energy, Inc",NYSE MKT,Uncategorized
GBTC,Grayscale Bitcoin Trust (BTC),NYSE ARCA,Uncategorized
GBTG,"Global Business Travel Group, Inc. Class A",NYSE,Uncategorized
GBUG,Sprott Active Gold & Silver Miners ETF,NASDAQ,Uncategorized
GBX,"Greenbrier Companies, Inc. (The)",NYSE,Uncategorized
GBXA,Goldman Sachs U.S. Large Cap Buffer 1 ETF,BATS,Uncategorized
GBXC,Goldman Sachs U.S. Large Cap Buffer 3 ETF,BATS,Uncategorized
GCAD,Gabelli Commercial Aerospace and Defense ETF,NYSE ARCA,Uncategorized
GCAL,Goldman Sachs Dynamic California Municipal Income ETF,NYSE ARCA,Uncategorized
GCBC,"Greene County Bancorp, Inc.",NASDAQ,Uncategorized
GCC,WisdomTree EnhancedContinuous Commodity Index Fund,NYSE ARCA,Uncategorized
GCDT,Green Circle Decarbonize Technology Limited Ordinary Shares,NYSE MKT,Uncategorized
GCL,GCL Global Holdings Ltd - Ordinary Shares,NASDAQ,Uncategorized
GCLWW,GCL Global Holdings Ltd - Warrants,NASDAQ,Uncategorized
GCMG,GCM Grosvenor Inc. - Class A,NASDAQ,Uncategorized
GCO,Genesco Inc.,NYSE,Uncategorized
GCOR,Goldman Sachs Access U.S. Aggregate Bond ETF,NYSE ARCA,Uncategorized
GCOW,Pacer Global Cash Cows Dividend ETF,BATS,Uncategorized
GCT,GigaCloud Technology Inc,NASDAQ,Uncategorized
GCTK,"GlucoTrack, Inc.",NASDAQ,Uncategorized
GCTS,"GCT Semiconductor Holding, Inc.",NYSE,Uncategorized
GCTS.W,"GCT Semiconductor Holding, Inc. Warrants, each whole warrant exercisable for one share of Common Stock at an exercise price of $11.50",NYSE,Uncategorized
GCV,"Gabelli Convertible and Income Securities Fund, Inc. (The)",NYSE,Uncategorized
GD,General Dynamics Corporation,NYSE,Uncategorized
GDC,GD Culture Group Limited,NASDAQ,Uncategorized
GDDY,GoDaddy Inc. Class A,NYSE,Uncategorized
GDE,WisdomTree Efficient Gold Plus Equity Strategy Fund,BATS,Uncategorized
GDEC,FT Vest U.S. Equity Moderate Buffer ETF - December,BATS,Uncategorized
GDEN,"Golden Entertainment, Inc.",NASDAQ,Uncategorized
GDEV,GDEV Inc. - Ordinary Shares,NASDAQ,Uncategorized
GDEVW,GDEV Inc. - Warrant,NASDAQ,Uncategorized
GDFN,Tema International Defense Innovation ETF,NASDAQ,Uncategorized
GDHG,Golden Heaven Group Holdings Ltd.,NASDAQ,Uncategorized
GDIV,Harbor Dividend Growth Leaders ETF,NYSE,Uncategorized
GDL,"GDL Fund, The Common Shares of Beneficial Interest",NYSE,Uncategorized
GDLC,Grayscale CoinDesk Crypto 5 ETF,NYSE ARCA,Uncategorized
GDMA,GadsdenA DynamicA Multi-AssetA ETF,BATS,Uncategorized
GDMN,WisdomTree Efficient Gold Plus Gold Miners Strategy Fund,BATS,Uncategorized
GDO,Western Asset Global Corporate Opportunity Fund Inc.,NYSE,Uncategorized
GDOC,Goldman Sachs Future Health Care Equity ETF,NYSE ARCA,Uncategorized
GDOG,Grayscale Dogecoin Trust ETF,NYSE ARCA,Uncategorized
GDOT,"Green Dot Corporation Class A Common Stock, $0.001 par value",NYSE,Uncategorized
GDRX,"GoodRx Holdings, Inc. - Class A",NASDAQ,Uncategorized
GDS,GDS Holdings Limited - American Depositary Shares,NASDAQ,Uncategorized
GDT,WisdomTree Efficient TIPS Plus Gold Fund,BATS,Uncategorized
GDTC,CytoMed Therapeutics Limited - Ordinary Shares,NASDAQ,Uncategorized
GDV,Gabelli Dividend & Income Trust Common Shares of Beneficial Interest,NYSE,Uncategorized
GDV$H,The Gabelli Dividend & Income Trust 5.375% Series H Cumulative Preferred Shares,NYSE,Uncategorized
GDV$K,The Gabelli Dividend & Income Trust 4.250% Series K Cumulative Preferred Shares,NYSE,Uncategorized
GDX,VanEck Gold Miners ETF,NYSE ARCA,Uncategorized
GDXD,MicroSectors Gold Miners -3X Inverse Leveraged ETNs,NYSE ARCA,Uncategorized
GDXJ,VanEck Junior Gold Miners ETF,NYSE ARCA,Uncategorized
GDXU,MicroSectors Gold Miners 3X Leveraged ETN,NYSE ARCA,Uncategorized
GDXW,Roundhill Gold Miners WeeklyPay ETF,BATS,Uncategorized
GDXY,YieldMax Gold Miners Option Income Strategy ETF,NYSE ARCA,Uncategorized
GDYN,"Grid Dynamics Holdings, Inc. - Class A",NASDAQ,Uncategorized
GE,GE Aerospace,NYSE,Uncategorized
GECC,Great Elm Capital Corp. - Closed End Fund,NASDAQ,Uncategorized
GECCG,Great Elm Capital Corp. - 7.75% Notes Due 2030,NASDAQ,Uncategorized
GECCH,Great Elm Capital Corp. - 8.125% Notes Due 2029,NASDAQ,Uncategorized
GECCI,Great Elm Capital Corp. - 8.50% NOTES DUE 2029,NASDAQ,Uncategorized
GECCO,Great Elm Capital Corp. - 5.875% Notes due 2026,NASDAQ,Uncategorized
GEF,Greif Inc. Class A,NYSE,Uncategorized
GEF.B,"Greif, Inc. Corporation Class B",NYSE,Uncategorized
GEG,"Great Elm Group, Inc.",NASDAQ,Uncategorized
GEGGL,"Great Elm Group, Inc.  - 7.25% Notes due 2027",NASDAQ,Uncategorized
GEHC,GE HealthCare Technologies Inc.,NASDAQ,Uncategorized
GEL,"Genesis Energy, L.P. Common Units",NYSE,Uncategorized
GELS,Gelteq Limited - Ordinary Shares,NASDAQ,Uncategorized
GEM,Goldman Sachs ActiveBeta Emerging Markets Equity ETF,NYSE ARCA,Uncategorized
GEMD,Goldman Sachs Access Emerging Markets USD Bond ETF,BATS,Uncategorized
GEME,Pacific North of South EM Equity Active ETF,NASDAQ,Uncategorized
GEMG,Leverage Shares 2X Long GEMI Daily ETF,NASDAQ,Uncategorized
GEMI,"Gemini Space Station, Inc. - Class A",NASDAQ,Uncategorized
GEN,Gen Digital Inc.,NASDAQ,Uncategorized
GENB,"Generate Biomedicines, Inc.",NASDAQ,Uncategorized
GENC,"Gencor Industries, Inc.",NYSE MKT,Uncategorized
GEND,Genter Capital Dividend Income ETF,NYSE ARCA,Uncategorized
GENI,Genius Sports Limited Ordinary Shares,NYSE,Uncategorized
GENK,"GEN Restaurant Group, Inc. - Class A",NASDAQ,Uncategorized
GENM,Genter Capital Municipal Quality Intermediate ETF,NYSE ARCA,Uncategorized
GENT,Genter Capital Taxable Quality Intermediate ETF,NYSE ARCA,Uncategorized
GENVR,Gen Digital Inc. - Contingent Value Rights,NASDAQ,Uncategorized
GENW,Genter Capital International Dividend ETF,NYSE ARCA,Uncategorized
GEO,Geo Group Inc (The) REIT,NYSE,Uncategorized
GEOA,WisdomTree GeoAlpha Opportunities Fund,NYSE ARCA,Uncategorized
GEOS,Geospace Technologies Corporation,NASDAQ,Uncategorized
GERN,Geron Corporation,NASDAQ,Uncategorized
GETY,"Getty Images Holdings, Inc. Class A",NYSE,Uncategorized
GEV,GE Vernova Inc.,NYSE,Uncategorized
GEVG,Leverage Shares 2X Long GEV Daily ETF,NASDAQ,Uncategorized
GEVO,"Gevo, Inc.",NASDAQ,Uncategorized
GEVX,Tradr 2X Long GEV Daily ETF,BATS,Uncategorized
GEW,Cambria Global EW ETF,NASDAQ,Uncategorized
GF,"New Germany Fund, Inc. (The)",NYSE,Uncategorized
GFAI,"Guardforce AI Co., Limited - Ordinary Shares",NASDAQ,Uncategorized
GFAIW,"Guardforce AI Co., Limited - Warrant",NASDAQ,Uncategorized
GFEB,FT Vest U.S. Equity Moderate Buffer ETF - February,BATS,Uncategorized
GFF,Griffon Corporation,NYSE,Uncategorized
GFGF,Guru Favorite Stocks ETF,NASDAQ,Uncategorized
GFI,Gold Fields Limited American Depositary Shares,NYSE,Uncategorized
GFL,"GFL Environmental Inc. Subordinate voting shares, no par value",NYSE,Uncategorized
GFLW,VictoryShares Free Cash Flow Growth ETF,NASDAQ,Uncategorized
GFR,Greenfire Resources Ltd. Common Shares,NYSE,Uncategorized
GFS,GlobalFoundries Inc. - Ordinary Share,NASDAQ,Uncategorized
GGAL,"Grupo Financiero Galicia S.A. - American Depositary Shares, Class B Shares underlying",NASDAQ,Uncategorized
GGB,Gerdau S.A.,NYSE,Uncategorized
GGG,Graco Inc.,NYSE,Uncategorized
GGLL,Direxion Daily GOOGL Bull 2X Shares,NASDAQ,Uncategorized
GGLS,Direxion Daily GOOGL Bear 1X Shares,NASDAQ,Uncategorized
GGM,GGM Macro Alignment ETF,NYSE ARCA,Uncategorized
GGME,Invesco Next Gen Media and Gaming ETF,NYSE ARCA,Uncategorized
GGN,"GAMCO Global Gold, Natural Resources & Income Trust",NYSE MKT,Uncategorized
GGN$B,"GAMCO Global Gold, Natural Reources & Income Trust 5.00% Series B Cumulative 25.00 Liquidation Preference",NYSE MKT,Uncategorized
GGOV,iShares Global Government Bond USD Hedged Active ETF,NYSE ARCA,Uncategorized
GGR,Gogoro Inc. - Ordinary Shares,NASDAQ,Uncategorized
GGROW,Gogoro Inc. - Warrant,NASDAQ,Uncategorized
GGRP,"The Glimpse Group, Inc.",NASDAQ,Uncategorized
GGRW,Gabelli Growth Innovators ETF,NYSE ARCA,Uncategorized
GGT,"Gabelli Multi-Media Trust, Inc. (The)",NYSE,Uncategorized
GGT$E,Gabelli Multi-Media Trust Inc. (The) 5.125% Series E Cumulative Preferred Stock,NYSE,Uncategorized
GGT$G,Gabelli Multi-Media Trust Inc. (The) 5.125% Series G Cumulative Preferred Shares,NYSE,Uncategorized
GGTL,Gabelli Global Technology Leaders ETF,NYSE ARCA,Uncategorized
GGUS,Goldman Sachs MarketBeta Russell 1000 Growth Equity ETF,NYSE ARCA,Uncategorized
GGZ,Gabelli Global Small and Mid Cap Value Trust (The) Common Shares of Beneficial Interest,NYSE,Uncategorized
GH,"Guardant Health, Inc.",NASDAQ,Uncategorized
GHC,Graham Holdings Company,NYSE,Uncategorized
GHG,"GreenTree Hospitality Group Ltd. American depositary shares, each representing one Class A ordinary share",NYSE,Uncategorized
GHI,Greystone Housing Impact Investors LP Beneficial Unit Certificates representing assignments of limited partnership interests,NYSE,Uncategorized
GHM,Graham Corporation,NYSE,Uncategorized
GHRS,GH Research PLC - Ordinary Shares,NASDAQ,Uncategorized
GHTA,Goose Hollow Tactical Allocation ETF,BATS,Uncategorized
GHY,"PGIM Global High Yield Fund, Inc.",NYSE,Uncategorized
GHYB,Goldman Sachs Access High Yield Corporate Bond ETF,NYSE ARCA,Uncategorized
GHYG,iShares US & Intl High Yield Corp Bond ETF,BATS,Uncategorized
GIAX,Nicholas Global Equity and Income ETF,NYSE ARCA,Uncategorized
GIB,CGI Inc.,NYSE,Uncategorized
GIBO,GIBO Holdings Limited,NASDAQ,Uncategorized
GIBOW,GIBO Holdings Limited - Warrants,NASDAQ,Uncategorized
GIC,Global Industrial Company,NYSE,Uncategorized
GIF,REX Growth & Income Universe ETF,BATS,Uncategorized
GIFT,"Giftify, Inc.",NASDAQ,Uncategorized
GIG,GigCapital7 Corp.,NASDAQ,Uncategorized
GIGB,Goldman Sachs Access Investment Grade Corporate Bond ETF,NYSE ARCA,Uncategorized
GIGGU,GigCapital7 Corp.,NASDAQ,Uncategorized
GIGGW,GigCapital7 Corp. - Warrant,NASDAQ,Uncategorized
GIGL,Goldman Sachs Corporate Bond ETF,NYSE ARCA,Uncategorized
GIGM,GigaMedia Limited - Ordinary Shares,NASDAQ,Uncategorized
GII,State Street SPDR S&P Global Infrastructure ETF,NYSE ARCA,Uncategorized
GIII,"G-III Apparel Group, LTD.",NASDAQ,Uncategorized
GIL,"Gildan Activewear, Inc. Class A Sub. Vot.",NYSE,Uncategorized
GILD,"Gilead Sciences, Inc.",NASDAQ,Uncategorized
GILT,Gilat Satellite Networks Ltd. - Ordinary Shares,NASDAQ,Uncategorized
GIND,Goldman Sachs India Equity ETF,NASDAQ,Uncategorized
GINN,Goldman Sachs Innovate Equity ETF,NYSE ARCA,Uncategorized
GINX,SGI Enhanced Global Income ETF,NASDAQ,Uncategorized
GIPR,Generation Income Properties Inc.,NASDAQ,Uncategorized
GIPRW,Generation Income Properties Inc. - Warrant,NASDAQ,Uncategorized
GIS,"General Mills, Inc.",NYSE,Uncategorized
GITS,"Global Interactive Technologies, Inc.",NASDAQ,Uncategorized
GIW,GigCapital8 Corp.,NASDAQ,Uncategorized
GIWWR,GigCapital8 Corp. - Rights,NASDAQ,Uncategorized
GIWWU,GigCapital8 Corp.,NASDAQ,Uncategorized
GIXXU,GigCapital9 Corp.,NASDAQ,Uncategorized
GJAN,FT Vest U.S. Equity Moderate Buffer ETF - January,BATS,Uncategorized
GJH,Synthetic Fixed-Income Securities Inc 6.375% (STRATS) Cl A-1,NYSE,Uncategorized
GJO,"Synthetic Fixed-Income Securities, Inc. on behalf of STRATS(SM) Trust for Wal-Mart Stores, Inc. Securities, Series 2004-5",NYSE,Uncategorized
GJP,"Synthetic Fixed-Income Securities, Inc. on behalf of STRATS (SM) Trust for Dominion Resources, Inc. Securities, Series 2005-6, Floating Rate Structured Repackaged Asset-Backed Trust Securities (STRATS) Certificates",NYSE,Uncategorized
GJR,"Synthetic Fixed-Income Securities, Inc. STRATS Trust for Procter&Gamble Securities, Series 2006-1",NYSE,Uncategorized
GJS,"Goldman Sachs Group Securities STRATS Trust for Goldman Sachs Group Securities, Series 2006-2",NYSE,Uncategorized
GJT,"Synthetic Fixed-Income Securities, Inc. Floating Rate Structured Repackaged Asset-Backed Trust Securities Certificates, Series 2006-3",NYSE,Uncategorized
GJUL,FT Vest U.S. Equity Moderate Buffer ETF - July,BATS,Uncategorized
GJUN,FT Vest U.S. Equity Moderate Buffer ETF - June,BATS,Uncategorized
GK,AdvisorShares Gerber Kawasaki ETF,NYSE ARCA,Uncategorized
GKAT,Scharf Global Opportunity ETF,NASDAQ,Uncategorized
GKOS,Glaukos Corporation,NYSE,Uncategorized
GL,Globe Life Inc.,NYSE,Uncategorized
GL$D,Globe Life Inc. 4.25% Junior Subordinated Debentures due 2061,NYSE,Uncategorized
GLAD,Gladstone Capital Corporation - Closed End Fund,NASDAQ,Uncategorized
GLBE,Global-E Online Ltd. - ordinary shares,NASDAQ,Uncategorized
GLBL,Pacer MSCI World Industry Advantage ETF,BATS,Uncategorized
GLBS,Globus Maritime Limited,NASDAQ,Uncategorized
GLCR,GlacierShares Nasdaq Iceland ETF,NASDAQ,Uncategorized
GLD,SPDR Gold Shares,NYSE ARCA,Uncategorized
GLDB,IDX Alternative FIAT ETF,NASDAQ,Uncategorized
GLDD,Great Lakes Dredge & Dock Corporation,NASDAQ,Uncategorized
GLDG,GoldMining Inc. Common Shares,NYSE MKT,Uncategorized
GLDI,"ETRACS Gold Shares Covered Call ETNs due February 2, 2033",NASDAQ,Uncategorized
GLDM,SPDR Gold MiniShares Trust,NYSE ARCA,Uncategorized
GLDN,Nicholas Gold Income ETF,NYSE ARCA,Uncategorized
GLDW,Roundhill Gold WeeklyPay ETF,BATS,Uncategorized
GLDY,Defiance Gold Enhanced Options Income ETF,NASDAQ,Uncategorized
GLE,Global Engine Group Holding Limited,NASDAQ,Uncategorized
GLGG,Leverage Shares 2X Long GLXY Daily ETF,NASDAQ,Uncategorized
GLIBA,"GCI Liberty, Inc. - Series A GCI Group",NASDAQ,Uncategorized
GLIBK,"GCI Liberty, Inc. - Series C GCI Group",NASDAQ,Uncategorized
GLIN,VanEck India Growth Leaders ETF,NYSE ARCA,Uncategorized
GLIX,Lazard Listed Infrastructure ETF,NYSE ARCA,Uncategorized
GLL,ProShares UltraShort Gold,NYSE ARCA,Uncategorized
GLMD,Galmed Pharmaceuticals Ltd. - Ordinary Shares,NASDAQ,Uncategorized
GLNG,Golar LNG Limited - Common Shares,NASDAQ,Uncategorized
GLNK,Grayscale Chainlink Trust ETF,NYSE ARCA,Uncategorized
GLO,Clough Global Opportunities Fund,NYSE MKT,Uncategorized
GLOB,Globant S.A. Common Shares,NYSE,Uncategorized
GLOF,iShares Global Equity Factor ETF,NYSE ARCA,Uncategorized
GLOO,"Gloo Holdings, Inc.",NASDAQ,Uncategorized
GLOP$A,GasLog Partners LP 8.625% Series A Cumulative Redeemable Perpetual Fixed to Floating Rate Preference Units,NYSE,Uncategorized
GLOP$B,GasLog Partners LP 8.200% Series B Cumulative Redeemable Perpetual Fixed to Floating Rate Preference Units,NYSE,Uncategorized
GLOP$C,GasLog Partners LP 8.500% Series C Cumulative Redeemable Perpetual Fixed to Floating Rate Preference Units,NYSE,Uncategorized
GLOW,VictoryShares WestEnd Global Equity ETF,NASDAQ,Uncategorized
GLP,Global Partners LP Common Units representing Limited Partner Interests,NYSE,Uncategorized
GLP$B,Global Partners LP 9.50% Series B Fixed Rate Cumulative Redeemable Perpetual Preferred Units representing limited partner interests,NYSE,Uncategorized
GLPG,Galapagos NV - American Depositary Shares,NASDAQ,Uncategorized
GLPI,"Gaming and Leisure Properties, Inc.",NASDAQ,Uncategorized
GLQ,Clough Global Equity Fund Clough Global Equity Fund Common Shares of Beneficial Interest,NYSE MKT,Uncategorized
GLRE,"Greenlight Reinsurance, Ltd.",NASDAQ,Uncategorized
GLRY,Inspire Growth ETF,NYSE ARCA,Uncategorized
GLSI,"Greenwich LifeSciences, Inc.",NASDAQ,Uncategorized
GLTO,"Galecto, Inc.",NASDAQ,Uncategorized
GLTR,abrdn Physical Precious Metals Basket Shares ETF,NYSE ARCA,Uncategorized
GLU,Gabelli Global Utility Common Shares of Beneficial Ownership,NYSE MKT,Uncategorized
GLU$A,The Gabelli Global Utility and Income Trust Series A Cumulative Puttable and Callable Preferred Shares,NYSE MKT,Uncategorized
GLU$B,The Gabelli Global Utility and Income Trust Series B Cumulative Puttable and Callable Preferred Shares,NYSE MKT,Uncategorized
GLUE,"Monte Rosa Therapeutics, Inc.",NASDAQ,Uncategorized
GLV,Clough Global Dividend and Income Fund Common Shares of beneficial interest,NYSE MKT,Uncategorized
GLW,Corning Incorporated,NYSE,Uncategorized
GLXG,Galaxy Payroll Group Limited,NASDAQ,Uncategorized
GLXU,T-REX 2X Long GLXY Daily Target ETF,BATS,Uncategorized
GLXY,Galaxy Digital Inc. - Class A,NASDAQ,Uncategorized
GM,General Motors Company,NYSE,Uncategorized
GMAB,Genmab A/S - American Depositary Shares,NASDAQ,Uncategorized
GMAR,FT Vest U.S. Equity Moderate Buffer ETF - March,BATS,Uncategorized
GMAY,FT Vest U.S. Equity Moderate Buffer ETF - May,BATS,Uncategorized
GME,GameStop Corporation,NYSE,Uncategorized
GME.W,GameStop Corporation Warrants to Purchase,NYSE,Uncategorized
GMED,"Globus Medical, Inc. Class A",NYSE,Uncategorized
GMEU,T-REX 2X Long GME Daily Target ETF,BATS,Uncategorized
GMEY,YieldMax GME Option Income Strategy ETF,NYSE ARCA,Uncategorized
GMF,State Street SPDR S&P Emerging Asia Pacific ETF,NYSE ARCA,Uncategorized
GMGI,"Golden Matrix Group, Inc.",NASDAQ,Uncategorized
GMHS,Gamehaus Holdings Inc.,NASDAQ,Uncategorized
GMM,Global Mofy AI Limited,NASDAQ,Uncategorized
GMMA,GammaRoad Market Navigation ETF,NYSE ARCA,Uncategorized
GMMF,iShares Government Money Market ETF,NYSE,Uncategorized
GMNY,Goldman Sachs Dynamic New York Municipal Income ETF,NYSE ARCA,Uncategorized
GMOC,GMO Ultra-Short Income ETF,NYSE ARCA,Uncategorized
GMOD,GMO Dynamic Allocation ETF,NYSE ARCA,Uncategorized
GMOI,GMO International Value ETF,NYSE ARCA,Uncategorized
GMOM,Cambria Global Momentum ETF,BATS,Uncategorized
GMOV,GMO US Value ETF,NYSE ARCA,Uncategorized
GMUB,Goldman Sachs Municipal Income ETF,NYSE ARCA,Uncategorized
GMUN,Goldman Sachs Access Municipal Bond ETF,NYSE ARCA,Uncategorized
GNE,Genie Energy Ltd. Class B Common Stock Stock,NYSE,Uncategorized
GNK,Genco Shipping & Trading Limited Ordinary Shares New (Marshall Islands),NYSE,Uncategorized
GNL,"Global Net Lease, Inc.",NYSE,Uncategorized
GNL$A,"Global Net Lease, Inc. 7.25% Series A Cumulative Redeemable Preferred Stock, $0.01 par value per share",NYSE,Uncategorized
GNL$B,"Global Net Lease, Inc. 6.875% Series B Cumulative Redeemable Perpetual Preferred Stock",NYSE,Uncategorized
GNL$D,"Global Net Lease, Inc. 7.50% Series D Cumulative Redeemable Perpetual Preferred Stock",NYSE,Uncategorized
GNL$E,"Global Net Lease, Inc. 7.375% Series E Cumulative Redeemable Perpetual Preferred Stock",NYSE,Uncategorized
GNLN,"Greenlane Holdings, Inc. - Class A",NASDAQ,Uncategorized
GNLX,Genelux Corporation,NASDAQ,Uncategorized
GNMA,iShares GNMA Bond ETF,NASDAQ,Uncategorized
GNOM,Global X Genomics & Biotechnology ETF,NASDAQ,Uncategorized
GNOV,FT Vest U.S. Equity Moderate Buffer ETF - November,BATS,Uncategorized
GNPX,"Genprex, Inc.",NASDAQ,Uncategorized
GNR,State Street SPDR S&P Global Natural Resources ETF,NYSE ARCA,Uncategorized
GNRC,Generac Holdlings Inc.,NYSE,Uncategorized
GNS,Genius Group Limited Ordinary Shares,NYSE MKT,Uncategorized
GNSS,Genasys Inc.,NASDAQ,Uncategorized
GNT,"GAMCO Natural Resources, Gold & Income Trust",NYSE,Uncategorized
GNT$A,"GAMCO Natural Resources, Gold & Income Tust  5.20% Series A Cumulative Preferred Shares (Liquidation Preference $25.00 per share)",NYSE,Uncategorized
GNTA,Genenta Science S.p.A. - American Depositary Shares,NASDAQ,Uncategorized
GNTX,Gentex Corporation,NASDAQ,Uncategorized
GNW,Genworth Financial Inc,NYSE,Uncategorized
GO,Grocery Outlet Holding Corp.,NASDAQ,Uncategorized
GOAI,Eva Live Inc.,NASDAQ,Uncategorized
GOAU,US Global GO Gold and Precious Metal Miners ETF,NYSE ARCA,Uncategorized
GOCO,"GoHealth, Inc. - Class A",NASDAQ,Uncategorized
GOCT,FT Vest U.S. Equity Moderate Buffer ETF - October,BATS,Uncategorized
GOEX,Global X Gold Explorers ETF,NYSE ARCA,Uncategorized
GOF,Guggenheim Strategic Opportunities Fund Common Shares of Beneficial Interest,NYSE,Uncategorized
GOGO,Gogo Inc.,NASDAQ,Uncategorized
GOLD,"Gold.com, Inc.",NYSE,Uncategorized
GOLF,Acushnet Holdings Corp.,NYSE,Uncategorized
GOLS,Gabelli Opportunities in Live and Sports ETF,NYSE ARCA,Uncategorized
GOLY,Strategy Shares Gold Enhanced Yield ETF,BATS,Uncategorized
GOOD,Gladstone Commercial Corporation - Real Estate Investment Trust,NASDAQ,Uncategorized
GOODN,Gladstone Commercial Corporation - 6.625% Series E Cumulative Redeemable Preferred Stock,NASDAQ,Uncategorized
GOODO,"Gladstone Commercial Corporation - 6.00% Series G Cumulative Redeemable Preferred Stock, par value $0.001 per share",NASDAQ,Uncategorized
GOOG,Alphabet Inc. - Class C Capital Stock,NASDAQ,Uncategorized
GOOGL,Alphabet Inc. - Class A,NASDAQ,Uncategorized
GOOP,Kurv Yield Premium Strategy Google (GOOGL) ETF,BATS,Uncategorized
GOOS,Canada Goose Holdings Inc. Subordinate Voting Shares,NYSE,Uncategorized
GOOW,Roundhill GOOGL WeeklyPay ETF,BATS,Uncategorized
GOOX,T-Rex 2X Long Alphabet Daily Target ETF,BATS,Uncategorized
GOOY,YieldMax GOOGL Option Income Strategy ETF,NYSE ARCA,Uncategorized
GOP,Unusual Whales Subversive Republican Trading ETF,BATS,Uncategorized
GORO,Gold Resource Corporation,NYSE MKT,Uncategorized
GOSS,"Gossamer Bio, Inc.",NASDAQ,Uncategorized
GOTU,Gaotu Techedu Inc. American Depositary Shares,NYSE,Uncategorized
GOU,GraniteShares 2x Long GOOGL Daily ETF,NASDAQ,Uncategorized
GOVI,Invesco Equal Weight 0-30 Year Treasury ETF,NASDAQ,Uncategorized
GOVT,iShares U.S. Treasury Bond ETF,BATS,Uncategorized
GOVX,"GeoVax Labs, Inc.",NASDAQ,Uncategorized
GOVZ,iShares 25  Year Treasury STRIPS Bond ETF,BATS,Uncategorized
GP,GreenPower Motor Company Inc. - Common Shares,NASDAQ,Uncategorized
GPAC,General Purpose Acquisition Corp.,NASDAQ,Uncategorized
GPACU,General Purpose Acquisition Corp.,NASDAQ,Uncategorized
GPACW,General Purpose Acquisition Corp. - Warrant,NASDAQ,Uncategorized
GPAT,GP-Act III Acquisition Corp.,NASDAQ,Uncategorized
GPATU,GP-Act III Acquisition Corp.,NASDAQ,Uncategorized
GPATW,GP-Act III Acquisition Corp. - Warrants,NASDAQ,Uncategorized
GPC,Genuine Parts Company,NYSE,Uncategorized
GPCR,Structure Therapeutics Inc. - American Depositary Shares,NASDAQ,Uncategorized
GPGI,"GPGI, Inc. Class A",NYSE,Uncategorized
GPI,"Group 1 Automotive, Inc.",NYSE,Uncategorized
GPIQ,Goldman Sachs Nasdaq-100 Premium Income ETF,NASDAQ,Uncategorized
GPIX,Goldman Sachs S&P 500 Premium Income ETF,NASDAQ,Uncategorized
GPJA,"Georgia Power Company Series 2017A 5.00% Junior Subordinated Notes due October 1, 2077",NYSE,Uncategorized
GPK,Graphic Packaging Holding Company,NYSE,Uncategorized
GPMT,Granite Point Mortgage Trust Inc.,NYSE,Uncategorized
GPMT$A,Granite Point Mortgage Trust Inc. 7.00% Series A Fixed-to-Floating Rate Cumulative Redeemable Preferred Stock,NYSE,Uncategorized
GPN,Global Payments Inc.,NYSE,Uncategorized
GPOR,Gulfport Energy Corporation Common Shares,NYSE,Uncategorized
GPRE,"Green Plains, Inc.",NASDAQ,Uncategorized
GPRF,Goldman Sachs Access U.S. Preferred Stock and Hybrid Securities ETF,NASDAQ,Uncategorized
GPRK,Geopark Ltd Common Shares,NYSE,Uncategorized
GPRO,"GoPro, Inc. - Class A",NASDAQ,Uncategorized
GPT,Intelligent Alpha Atlas ETF,NASDAQ,Uncategorized
GPTY,YieldMax AI & Tech Portfolio Option Income ETF,NYSE ARCA,Uncategorized
GPUS,"Hyperscale Data, Inc.",NYSE MKT,Uncategorized
GPUS$D,"Hyperscale Data, Inc. 13.00% Series D Cumulative Redeemable Perpetual Preferred Stock",NYSE MKT,Uncategorized
GPZ,VanEck Alternative Asset Manager ETF,NYSE ARCA,Uncategorized
GQGU,GQG US Equity ETF,NYSE ARCA,Uncategorized
GQI,Natixis Gateway Quality Income ETF,NYSE ARCA,Uncategorized
GQQQ,Astoria US Quality Growth Kings ETF,NASDAQ,Uncategorized
GQRE,FlexShares Global Quality Real Estate Index Fund,NYSE ARCA,Uncategorized
GRAB,Grab Holdings Limited,NASDAQ,Uncategorized
GRABW,Grab Holdings Limited - Warrant,NASDAQ,Uncategorized
GRAF,Graf Global Corp. Class A ordinary shares,NYSE MKT,Uncategorized
GRAF.U,"Graf Global Corp. Units, each consisting of one Class A ordinary share and one-half of one redeemable warrant",NYSE MKT,Uncategorized
GRAF.W,"Graf Global Corp. Warrants, each whole warrant exercisable for one Class A ordinary share at an exercise price of $11.50 per share",NYSE MKT,Uncategorized
GRAG,Leverage Shares 2X Long GRAB Daily ETF,NASDAQ,Uncategorized
GRAL,"GRAIL, Inc.",NASDAQ,Uncategorized
GRAN,Grande Group Limited,NASDAQ,Uncategorized
GRBK,"Green Brick Partners, Inc.",NYSE,Uncategorized
GRBK$A,"Green Brick Partners, Inc. Depositary Shares (each representing a 1/1000th fractional interest in a share of 5.75% Series A Cumulative Perpetual Preferred Stock)",NYSE,Uncategorized
GRC,Gorman-Rupp Company (The),NYSE,Uncategorized
GRCE,"Grace Therapeutics, Inc.",NASDAQ,Uncategorized
GRDN,"Guardian Pharmacy Services, Inc. Class A",NYSE,Uncategorized
GRDX,GridAI Technologies Corp.,NASDAQ,Uncategorized
GREE,Greenidge Generation Holdings Inc. - Class A,NASDAQ,Uncategorized
GREEL,Greenidge Generation Holdings Inc. - 8.50% Senior Notes due 2026,NASDAQ,Uncategorized
GREK,Global X MSCI Greece ETF,NYSE ARCA,Uncategorized
GRF,"Eagle Capital Growth Fund, Inc.",NYSE MKT,Uncategorized
GRFS,"Grifols, S.A. - American Depositary Shares",NASDAQ,Uncategorized
GRI,"GRI Bio, Inc.",NASDAQ,Uncategorized
GRID,First Trust NASDAQ Clean Edge Smart Grid Infrastructure Index Fund,NASDAQ,Uncategorized
GRIN,VictoryShares International Free Cash Flow Growth ETF,NASDAQ,Uncategorized
GRMN,Garmin Ltd. Common Stock (Switzerland),NYSE,Uncategorized
GRN,iPath Series B Carbon Exchange-Traded Notes,NYSE ARCA,Uncategorized
GRNB,VanEck Green Bond ETF,NYSE ARCA,Uncategorized
GRND,Grindr Inc.,NYSE,Uncategorized
GRNI,Fundstrat Granny Shots US Large Cap & Income ETF,NYSE ARCA,Uncategorized
GRNJ,Fundstrat Granny Shots US Small- & Mid-Cap ETF,NYSE ARCA,Uncategorized
GRNQ,Greenpro Capital Corp.,NASDAQ,Uncategorized
GRNT,"Granite Ridge Resources, Inc.",NYSE,Uncategorized
GRNY,Fundstrat Granny Shots US Large Cap ETF,NYSE ARCA,Uncategorized
GRO,Brazil Potash Corp. Common Shares,NYSE MKT,Uncategorized
GROV,"Grove Collaborative Holdings, Inc. Class A",NYSE,Uncategorized
GROW,"U.S. Global Investors, Inc. - Class A",NASDAQ,Uncategorized
GROY,Gold Royalty Corp. Common Shares,NYSE MKT,Uncategorized
GROY.W,Gold Royalty Corp. Warrants,NYSE MKT,Uncategorized
GROZ,Zacks Focus Growth ETF,BATS,Uncategorized
GRPM,Invesco S&P MidCap 400 GARP ETF,NYSE ARCA,Uncategorized
GRPN,"Groupon, Inc.",NASDAQ,Uncategorized
GRPZ,Invesco S&P SmallCap 600 GARP ETF,NYSE ARCA,Uncategorized
GRRR,Gorilla Technology Group Inc. - Ordinary shares,NASDAQ,Uncategorized
GRRRW,Gorilla Technology Group Inc. - Warrant,NASDAQ,Uncategorized
GRVY,"GRAVITY Co., Ltd. - American depositary shares, each representing one common share.",NASDAQ,Uncategorized
GRW,TCW Durable Growth ETF,NASDAQ,Uncategorized
GRWG,GrowGeneration Corp.,NASDAQ,Uncategorized
GRX,The Gabelli Healthcare & Wellness Trust Common Shares of Beneficial Interest,NYSE,Uncategorized
GS,"Goldman Sachs Group, Inc. (The)",NYSE,Uncategorized
GS$A,"Goldman Sachs Group, Inc. (The) Depositary Shares each representing 1/1000th Interest in a Share of Floating Rate Non-Cumulative Preferred Stock Series A",NYSE,Uncategorized
GS$C,"Goldman Sachs Group, Inc. (The) Depositary Share repstg 1/1000th Preferred Series C",NYSE,Uncategorized
GS$D,"Goldman Sachs Group, Inc. (The) Dep Shs repstg 1/1000 Pfd Ser D Fltg",NYSE,Uncategorized
GSAT,"Globalstar, Inc.",NASDAQ,Uncategorized
GSBC,"Great Southern Bancorp, Inc.",NASDAQ,Uncategorized
GSBD,"Goldman Sachs BDC, Inc.",NYSE,Uncategorized
GSC,Goldman Sachs Small Cap Equity ETF,NYSE ARCA,Uncategorized
GSEE,Goldman Sachs MarketBeta Emerging Markets Equity ETF,BATS,Uncategorized
GSEP,FT Vest U.S. Equity Moderate Buffer ETF - September,BATS,Uncategorized
GSEU,Goldman Sachs ActiveBeta Europe Equity ETF,NYSE ARCA,Uncategorized
GSEW,Goldman Sachs Equal Weight U.S. Large Cap Equity ETF,BATS,Uncategorized
GSG,iShares GSCI Commodity-Indexed Trust Fund,NYSE ARCA,Uncategorized
GSGO,Goldman Sachs Growth Opportunities ETF,NASDAQ,Uncategorized
GSHD,"Goosehead Insurance, Inc. - Class A",NASDAQ,Uncategorized
GSHR,Gesher Acquisition Corp. II,NASDAQ,Uncategorized
GSHRU,Gesher Acquisition Corp. II,NASDAQ,Uncategorized
GSHRW,Gesher Acquisition Corp. II - Warrants,NASDAQ,Uncategorized
GSIB,Themes Global Systemically Important Banks ETF,NASDAQ,Uncategorized
GSID,Goldman Sachs MarketBeta International Equity ETF,BATS,Uncategorized
GSIE,Goldman Sachs ActiveBeta International Equity ETF,NYSE ARCA,Uncategorized
GSIG,Goldman Sachs Access Investment Grade Corporate 1-5 Year Bond ETF,NYSE ARCA,Uncategorized
GSIT,"GSI Technology, Inc.",NASDAQ,Uncategorized
GSIW,Garden Stage Limited,NASDAQ,Uncategorized
GSJY,Goldman Sachs ActiveBeta Japan Equity ETF,NYSE ARCA,Uncategorized
GSK,GSK plc American Depositary Shares (Each representing two Ordinary Shares),NYSE,Uncategorized
GSKH,GSK plc ADRhedged,NYSE ARCA,Uncategorized
GSL,Global Ship Lease Inc New Class A Common Shares,NYSE,Uncategorized
GSL$B,"Global Ship Lease, Inc. Depository Shares Representing 1/100th Perpetual Preferred Series B% (Marshall Island)",NYSE,Uncategorized
GSLC,Goldman Sachs ActiveBeta U.S. Large Cap Equity ETF,NYSE ARCA,Uncategorized
GSM,Ferroglobe PLC - Ordinary Shares,NASDAQ,Uncategorized
GSOL,Grayscale Solana Staking ETF,NYSE ARCA,Uncategorized
GSPY,Gotham Enhanced 500 ETF,NYSE ARCA,Uncategorized
GSRF,GSR IV Acquisition Corp.,NASDAQ,Uncategorized
GSRFR,GSR IV Acquisition Corp. - Rights,NASDAQ,Uncategorized
GSRFU,GSR IV Acquisition Corp.,NASDAQ,Uncategorized
GSSC,GS ActiveBeta U.S. Small Cap Equity ETF,NYSE ARCA,Uncategorized
GSST,Goldman Sachs Ultra Short Bond ETF,BATS,Uncategorized
GSUI,Grayscale Sui Staking ETF,NYSE ARCA,Uncategorized
GSUN,Golden Sun Technology Group Limited,NASDAQ,Uncategorized
GSUS,Goldman Sachs MarketBeta U.S. Equity ETF,BATS,Uncategorized
GSWO,Goldman Sachs ActiveBeta World Equity ETF,BATS,Uncategorized
GSY,Invesco Ultra Short Duration ETF,NYSE ARCA,Uncategorized
GT,The Goodyear Tire & Rubber Company,NASDAQ,Uncategorized
GTBP,"GT Biopharma, Inc.",NASDAQ,Uncategorized
GTE,Gran Tierra Energy Inc.,NYSE MKT,Uncategorized
GTEC,Greenland Technologies Holding Corporation,NASDAQ,Uncategorized
GTEK,Goldman Sachs Future Tech Leaders Equity ETF,NYSE ARCA,Uncategorized
GTEN,"Gores Holdings X, Inc.",NASDAQ,Uncategorized
GTENU,"Gores Holdings X, Inc.",NASDAQ,Uncategorized
GTENW,"Gores Holdings X, Inc. - Warrants",NASDAQ,Uncategorized
GTERA,Globa Terra Acquisition Corporation,NASDAQ,Uncategorized
GTERR,Globa Terra Acquisition Corporation - Rights,NASDAQ,Uncategorized
GTERU,Globa Terra Acquisition Corporation,NASDAQ,Uncategorized
GTERW,Globa Terra Acquisition Corporation - Warrants,NASDAQ,Uncategorized
GTES,Gates Industrial Corporation plc Ordinary Shares,NYSE,Uncategorized
GTIM,Good Times Restaurants Inc.,NASDAQ,Uncategorized
GTIP,Goldman Sachs Access Inflation Protected USD Bond ETF,BATS,Uncategorized
GTLB,GitLab Inc. - Class A,NASDAQ,Uncategorized
GTLS,"Chart Industries, Inc.",NYSE,Uncategorized
GTM,ZoomInfo Technologies Inc.,NASDAQ,Uncategorized
GTN,"Gray Media, Inc.",NYSE,Uncategorized
GTN.A,"Gray Media, Inc. Class A",NYSE,Uncategorized
GTO,Invesco Total Return Bond ETF,NYSE ARCA,Uncategorized
GTOC,Invesco Core Fixed Income ETF,BATS,Uncategorized
GTOH,Invesco Short Duration High Yield ETF,BATS,Uncategorized
GTOP,Goldman Sachs Technology Opportunities ETF,NASDAQ,Uncategorized
GTOQ,Invesco High Yield Systematic Bond ETF,NASDAQ,Uncategorized
GTOS,Invesco Short Duration Total Return Bond ETF,BATS,Uncategorized
GTPE,Goldman Sachs MSCI World Private Equity Return Tracker ETF,NASDAQ,Uncategorized
GTR,WisdomTree Target Range Fund,NASDAQ,Uncategorized
GTX,Garrett Motion Inc.,NASDAQ,Uncategorized
GTY,Getty Realty Corporation,NYSE,Uncategorized
GUG,Guggenheim Active Allocation Fund Common Shares of Beneficial Interest,NYSE,Uncategorized
GUMI,Goldman Sachs Ultra Short Municipal Income ETF,NYSE ARCA,Uncategorized
GUNR,FlexShares Global Upstream Natural Resources Index Fund ETF,NYSE ARCA,Uncategorized
GURE,"Gulf Resources, Inc.",NASDAQ,Uncategorized
GURU,Global X Guru Index ETF,NYSE ARCA,Uncategorized
GUSA,Goldman Sachs MarketBeta U.S. 1000 Equity ETF,NYSE ARCA,Uncategorized
GUSE,Goldman Sachs Enhanced U.S. Equity ETF,NASDAQ,Uncategorized
GUSH,Direxion Daily S&P Oil & Gas Exp. & Prod. Bull 2X Shares,NYSE ARCA,Uncategorized
GUT,Gabelli Utility Trust (The),NYSE,Uncategorized
GUT$C,Gabelli Utility Trust (The) 5.375% Series C Cumulative Preferred Shares,NYSE,Uncategorized
GUTS,"Fractyl Health, Inc.",NASDAQ,Uncategorized
GV,Visionary Holdings Inc. - Common Shares,NASDAQ,Uncategorized
GVA,Granite Construction Incorporated,NYSE,Uncategorized
GVAL,Cambria Global Value ETF,BATS,Uncategorized
GVH,Globavend Holdings Limited - Ord Shares,NASDAQ,Uncategorized
GVI,iShares Intermediate Government/Credit Bond ETF,BATS,Uncategorized
GVIP,Goldman Sachs Hedge Industry VIP ETF,NYSE ARCA,Uncategorized
GVLE,Goldman Sachs Value Opportunities ETF,NASDAQ,Uncategorized
GVLU,Gotham 1000 Value ETF,NYSE ARCA,Uncategorized
GVUS,Goldman Sachs MarketBeta Russell 1000 Value Equity ETF,NYSE ARCA,Uncategorized
GWAV,"Greenwave Technology Solutions, Inc.",NASDAQ,Uncategorized
GWH,"ESS Tech, Inc.",NYSE,Uncategorized
GWH.W,"ESS Tech, Inc. Warrant",NYSE,Uncategorized
GWRE,"Guidewire Software, Inc.",NYSE,Uncategorized
GWRS,"Global Water Resources, Inc.",NASDAQ,Uncategorized
GWW,"W.W. Grainger, Inc.",NYSE,Uncategorized
GWX,State Street SPDR S&P International Small Cap ETF,NYSE ARCA,Uncategorized
GXAI,Gaxos.ai Inc.,NASDAQ,Uncategorized
GXC,State Street SPDR S&P China ETF,NYSE ARCA,Uncategorized
GXDW,Global X Dorsey Wright Thematic ETF,NASDAQ,Uncategorized
GXIG,Global X Investment Grade Corporate Bond ETF,NYSE ARCA,Uncategorized
GXLC,Global X U.S. 500 ETF,NYSE ARCA,Uncategorized
GXO,"GXO Logistics, Inc.",NYSE,Uncategorized
GXPC,Global X PureCap MSCI Communication Services ETF,NYSE ARCA,Uncategorized
GXPD,Global X PureCap MSCI Consumer Discretionary ETF,NYSE ARCA,Uncategorized
GXPE,Global X PureCap MSCI Energy ETF,NYSE ARCA,Uncategorized
GXPS,Global X PureCap MSCI Consumer Staples ETF,NYSE ARCA,Uncategorized
GXPT,Global X PureCap MSCI Information Technology ETF,NYSE ARCA,Uncategorized
GXRP,Grayscale XRP Trust ETF,NYSE ARCA,Uncategorized
GXUS,Goldman Sachs MarketBeta Total International Equity ETF,NYSE ARCA,Uncategorized
GYLD,Arrow Dow Jones Global Yield ETF ETF,NYSE,Uncategorized
GYRE,"Gyre Therapeutics, Inc.",NASDAQ,Uncategorized
GYRO,"Gyrodyne , LLC",NASDAQ,Uncategorized
H,Hyatt Hotels Corporation Class A,NYSE,Uncategorized
HACK,Amplify Cybersecurity ETF,NYSE ARCA,Uncategorized
HACQU,HCM IV Acquisition Corp.,NASDAQ,Uncategorized
HAE,Haemonetics Corporation,NYSE,Uncategorized
HAFC,Hanmi Financial Corporation,NASDAQ,Uncategorized
HAFN,Hafnia Limited Common Shares,NYSE,Uncategorized
HAIL,State Street SPDR S&P Kensho Smart Mobility ETF,NYSE ARCA,Uncategorized
HAIN,"The Hain Celestial Group, Inc.",NASDAQ,Uncategorized
HAKY,Amplify HACK Cybersecurity Covered Call ETF,NYSE ARCA,Uncategorized
HAL,Halliburton Company,NYSE,Uncategorized
HALO,"Halozyme Therapeutics, Inc.",NASDAQ,Uncategorized
HAO,Haoxi Health Technology Limited,NASDAQ,Uncategorized
HAP,VanEck Natural Resources ETF,NYSE ARCA,Uncategorized
HAPI,Harbor Human Capital Factor US Large Cap ETF,NYSE ARCA,Uncategorized
HAPS,Harbor Human Capital Factor US Small Cap ETF,NYSE ARCA,Uncategorized
HARD,Simplify Commodities Strategy No K-1 ETF,NYSE ARCA,Uncategorized
HAS,"Hasbro, Inc.",NASDAQ,Uncategorized
HASI,"HA Sustainable Infrastructure Capital, Inc.",NYSE,Uncategorized
HAUS,Residential REIT ETF,BATS,Uncategorized
HAUZ,Xtrackers International Real Estate ETF,NYSE ARCA,Uncategorized
HAVA,Harvard Ave Acquisition Corporation,NASDAQ,Uncategorized
HAVAR,Harvard Ave Acquisition Corporation - Rights that convert on a 1/10th of 1 basis to Class A ordinary Shares,NASDAQ,Uncategorized
HAVAU,Harvard Ave Acquisition Corporation,NASDAQ,Uncategorized
HAWX,iShares Currency Hedged MSCI ACWI ex U.S. ETF,NYSE ARCA,Uncategorized
HAYW,"Hayward Holdings, Inc.",NYSE,Uncategorized
HBAN,Huntington Bancshares Incorporated,NASDAQ,Uncategorized
HBANL,"Huntington Bancshares Incorporated - Depositary Shares, Each Representing a 1/40th Interest in a Share of 6.875% Series J Non-Cumulative Perpetual Preferred Stock",NASDAQ,Uncategorized
HBANM,Huntington Bancshares Incorporated - Depositary Shares each representing a 1/1000th interest in a share of Huntington Series I Preferred Stock,NASDAQ,Uncategorized
HBANP,Huntington Bancshares Incorporated - Depositary Shares 4.500% Series H Non-Cumulative Perpetual Preferred Stock,NASDAQ,Uncategorized
HBANZ,"Huntington Bancshares Incorporated - Depositary Shares, Each Representing a 1/1000th Interest in a Share of 5.50% Series L Non-Cumulative Perpetual Preferred Stock",NASDAQ,Uncategorized
HBB,Hamilton Beach Brands Holding Company Class A,NYSE,Uncategorized
HBCP,"Home Bancorp, Inc.",NASDAQ,Uncategorized
HBDC,Hilton BDC Corporate Bond ETF,NASDAQ,Uncategorized
HBIO,"Harvard Bioscience, Inc.",NASDAQ,Uncategorized
HBM,Hudbay Minerals Inc. Ordinary Shares (Canada),NYSE,Uncategorized
HBNB,Hotel101 Global Holdings Corp.,NASDAQ,Uncategorized
HBNC,"Horizon Bancorp, Inc.",NASDAQ,Uncategorized
HBR,Canary HBAR ETF,NASDAQ,Uncategorized
HBRD,Invesco U.S. Hybrid Bond ETF,NYSE ARCA,Uncategorized
HBT,"HBT Financial, Inc.",NASDAQ,Uncategorized
HBTA,Horizon Expedition Plus ETF,NYSE ARCA,Uncategorized
HBTC,Fortuna Hedged Bitcoin ETF,BATS,Uncategorized
HCA,"HCA Healthcare, Inc.",NYSE,Uncategorized
HCAC,Hall Chadwick Acquisition Corp.,NASDAQ,Uncategorized
HCACR,Hall Chadwick Acquisition Corp. - Rights,NASDAQ,Uncategorized
HCACU,Hall Chadwick Acquisition Corp.,NASDAQ,Uncategorized
HCAI,"Huachen AI Parking Management Technology Holding Co., Ltd.",NASDAQ,Uncategorized
HCAT,"Health Catalyst, Inc",NASDAQ,Uncategorized
HCC,"Warrior Met Coal, Inc.",NYSE,Uncategorized
HCHL,Happy City Holdings Limited,NASDAQ,Uncategorized
HCI,"HCI Group, Inc.",NYSE,Uncategorized
HCICU,Hennessy Capital Investment Corp. VIII,NASDAQ,Uncategorized
HCKT,"The Hackett Group, Inc.",NASDAQ,Uncategorized
HCM,HUTCHMED (China) Limited - American Depositary Shares,NASDAQ,Uncategorized
HCMA,HCM III Acquisition Corp.,NASDAQ,Uncategorized
HCMAU,HCM III Acquisition Corp.,NASDAQ,Uncategorized
HCMAW,HCM III Acquisition Corp. - Warrants,NASDAQ,Uncategorized
HCMT,Direxion HCM Tactical Enhanced US ETF,NYSE ARCA,Uncategorized
HCOW,Amplify COWS Covered Call ETF,NASDAQ,Uncategorized
HCRB,Hartford Core Bond ETF,BATS,Uncategorized
HCSG,"Healthcare Services Group, Inc.",NASDAQ,Uncategorized
HCTI,"Healthcare Triangle, Inc.",NASDAQ,Uncategorized
HCWB,HCW Biologics Inc.,NASDAQ,Uncategorized
HCWC,Healthy Choice Wellness Corp. Class A,NYSE MKT,Uncategorized
HCXY,"Hercules Capital, Inc. 6.25% Notes due 2033",NYSE,Uncategorized
HD,"Home Depot, Inc. (The)",NYSE,Uncategorized
HDB,HDFC Bank Limited,NYSE,Uncategorized
HDEF,Xtrackers MSCI EAFE High Dividend Yield Equity ETF,NYSE ARCA,Uncategorized
HDG,ProShares Hedge Replication ETF,NYSE ARCA,Uncategorized
HDGE,Ranger Equity Bear Bear ETF,NYSE ARCA,Uncategorized
HDL,SUPER HI INTERNATIONAL HOLDING LTD. - American Depositary Shares,NASDAQ,Uncategorized
HDLB,"ETRACS Monthly Pay 2xLeveraged US High Dividend Low Volatility ETN Series B due September 30, 2044",NYSE ARCA,Uncategorized
HDMV,First Trust Horizon Managed Volatility Developed International ETF,NYSE ARCA,Uncategorized
HDSN,"Hudson Technologies, Inc.",NASDAQ,Uncategorized
HDUS,Hartford Disciplined US Equity ETF,NYSE ARCA,Uncategorized
HDV,iShares Core High Dividend ETF,NYSE ARCA,Uncategorized
HE,"Hawaiian Electric Industries, Inc.",NYSE,Uncategorized
HEAL,Global X HealthTech ETF,NASDAQ,Uncategorized
HECA,Hedgeye Capital Allocation ETF,NYSE ARCA,Uncategorized
HECO,SPDR Galaxy Hedged Digital Asset Ecosystem ETF,NASDAQ,Uncategorized
HEDG,Equable Shares Hedged Equity ETF,NYSE ARCA,Uncategorized
HEDJ,WisdomTree Europe Hedged Equity Fund,NYSE ARCA,Uncategorized
HEEM,iShares Currency Hedged MSCI Emerging Markets ETF,BATS,Uncategorized
HEFA,iShares Currency Hedged MSCI EAFE ETF,BATS,Uncategorized
HEFT,Hedgeye Fourth Turning ETF,NYSE ARCA,Uncategorized
HEGD,Swan Hedged Equity US Large Cap ETF,BATS,Uncategorized
HEI,Heico Corporation,NYSE,Uncategorized
HEI.A,Heico Corporation,NYSE,Uncategorized
HELE,Helen of Troy Limited,NASDAQ,Uncategorized
HELO,JPMorgan Hedged Equity Laddered Overlay ETF,NYSE ARCA,Uncategorized
HELP,Cybin Inc.,NASDAQ,Uncategorized
HELS,Hedgeye 130/30 Equity ETF,NYSE ARCA,Uncategorized
HELX,Franklin Genomic Advancements ETF,BATS,Uncategorized
HEMI,Hartford Equity Premium Income ETF,BATS,Uncategorized
HEPS,D-Market Electronic Services & Trading - American Depositary Shares,NASDAQ,Uncategorized
HEQ,John Hancock Diversified Income Fund Common Shares of Beneficial Interest,NYSE,Uncategorized
HEQQ,JPMorgan Nasdaq Hedged Equity Laddered Overlay ETF,NASDAQ,Uncategorized
HEQT,Simplify Hedged Equity ETF,NYSE ARCA,Uncategorized
HERD,Pacer Cash Cows Fund of Funds ETF,NASDAQ,Uncategorized
HERE,Here Group Limited - American Depositary Shares,NASDAQ,Uncategorized
HERO,Global X Video Games & Esports ETF,NASDAQ,Uncategorized
HERZ,"Herzfeld Credit Income Fund, Inc.  - Closed End Fund",NASDAQ,Uncategorized
HESM,Hess Midstream LP Class A Representing Limited Partner Interests,NYSE,Uncategorized
HEWJ,iShares Currency Hedged MSCI Japan ETF,NYSE ARCA,Uncategorized
HEZU,iShares Currency Hedged MSCI Eurozone ETF,NYSE ARCA,Uncategorized
HF,DGA Core Plus Absolute Return ETF,NYSE,Uncategorized
HFBL,"Home Federal Bancorp, Inc. of Louisiana",NASDAQ,Uncategorized
HFEQ,Unlimited HFEQ Equity Long/Short ETF,NYSE,Uncategorized
HFFG,HF Foods Group Inc.,NASDAQ,Uncategorized
HFGM,Unlimited HFGM Global Macro ETF,NYSE,Uncategorized
HFGO,Hartford Large Cap Growth ETF,BATS,Uncategorized
HFMF,Unlimited HFMF Managed Futures ETF,NYSE,Uncategorized
HFND,Unlimited HFND Multi-Strategy Return Tracker ETF,NYSE,Uncategorized
HFRO,Highland Opportunities and Income Fund Common Shares of Beneficial Interest,NYSE,Uncategorized
HFRO$A,Highland Opportunities and Income Fund 5.375% Series A Cumulative Preferred Shares,NYSE,Uncategorized
HFRO$B,Highland Opportunities and Income Fund 5.375% Series B Cumulative Preferred Shares,NYSE,Uncategorized
HFSI,Hartford Strategic Income ETF,BATS,Uncategorized
HFSP,TradersAI Large Cap Equity & Cash ETF,NASDAQ,Uncategorized
HFWA,Heritage Financial Corporation,NASDAQ,Uncategorized
HFXI,NYLI FTSE International Equity Currency Neutral ETF,NYSE ARCA,Uncategorized
HG,"Hamilton Insurance Group, Ltd. Class B Common Shares",NYSE,Uncategorized
HGBL,Heritage Global Inc.,NASDAQ,Uncategorized
HGER,Harbor Commodity All-Weather Strategy ETF,NYSE,Uncategorized
HGLB,Highland Global Allocation Fund,NYSE,Uncategorized
HGRO,Hedgeye Quality Growth ETF,NYSE ARCA,Uncategorized
HGTY,"Hagerty, Inc. Class A",NYSE,Uncategorized
HGV,Hilton Grand Vacations Inc.,NYSE,Uncategorized
HHH,Howard Hughes Holdings Inc.,NYSE,Uncategorized
HHS,"Harte Hanks, Inc.",NASDAQ,Uncategorized
HIBL,Direxion Daily S&P 500 High Beta Bull 3X Shares,NYSE ARCA,Uncategorized
HIBS,Direxion Daily S&P 500 High Beta Bear 3X Shares,NYSE ARCA,Uncategorized
HIDE,Alpha Architect High Inflation and Deflation ETF,NASDAQ,Uncategorized
HIDV,AB US High Dividend ETF,NYSE ARCA,Uncategorized
HIFS,Hingham Institution for Savings,NASDAQ,Uncategorized
HIG,"The Hartford Insurance Group, Inc.",NYSE,Uncategorized
HIG$G,"The Hartford Insurance Group, Inc. Depositary Shares each representing a 1/1000th interest in a share of 6.000% Non-Cumulative Preferred Stock, Series G",NYSE,Uncategorized
HIGH,Simplify Enhanced Income ETF,NYSE ARCA,Uncategorized
HIHO,Highway Holdings Limited,NASDAQ,Uncategorized
HII,"Huntington Ingalls Industries, Inc.",NYSE,Uncategorized
HIMS,"Hims & Hers Health, Inc. Class A",NYSE,Uncategorized
HIMU,iShares High Yield Muni Active ETF,BATS,Uncategorized
HIMX,"Himax Technologies, Inc. - American depositary shares, each of which represents two ordinary shares.",NASDAQ,Uncategorized
HIMZ,Defiance Daily Target 2X Long HIMS ETF,NASDAQ,Uncategorized
HIND,"Vyome Holdings, Inc.",NASDAQ,Uncategorized
HIO,"Western Asset High Income Opportunity Fund, Inc.",NYSE,Uncategorized
HIPO,Hippo Holdings Inc.,NYSE,Uncategorized
HIPS,GraniteShares HIPS US High Income ETF,NYSE ARCA,Uncategorized
HISF,First Trust High Income Strategic Focus ETF,NASDAQ,Uncategorized
HIT,"Health In Tech, Inc. - Class A",NASDAQ,Uncategorized
HITI,High Tide Inc. - Common Shares,NASDAQ,Uncategorized
HIVE,HIVE Digital Technologies Ltd - Common Shares,NASDAQ,Uncategorized
HIW,"Highwoods Properties, Inc.",NYSE,Uncategorized
HIX,Western Asset High Income Fund II Inc.,NYSE,Uncategorized
HIYY,YieldMax HIMS Option Income Strategy ETF,NYSE ARCA,Uncategorized
HKD,AMTD Digital Inc. American Depositary Shares (every five of which represent two Class A Ordinary Shares),NYSE,Uncategorized
HKIT,Hitek Global Inc.,NASDAQ,Uncategorized
HKPD,"Cellyan Biotechnology Co., Ltd",NASDAQ,Uncategorized
HL,Hecla Mining Company,NYSE,Uncategorized
HL$B,Hecla Mining Company Preferred Stock,NYSE,Uncategorized
HLAL,Wahed FTSE USA Shariah ETF,NASDAQ,Uncategorized
HLF,Herbalife Ltd. Common Shares,NYSE,Uncategorized
HLI,"Houlihan Lokey, Inc. Class A",NYSE,Uncategorized
HLIO,"Helios Technologies, Inc.",NYSE,Uncategorized
HLIT,Harmonic Inc.,NASDAQ,Uncategorized
HLLY,Holley Inc.,NYSE,Uncategorized
HLLY.W,Holley Inc. Warrants,NYSE,Uncategorized
HLMN,Hillman Solutions Corp.,NASDAQ,Uncategorized
HLN,Haleon plc American Depositary Shares (Each representing two Ordinary Shares),NYSE,Uncategorized
HLNE,Hamilton Lane Incorporated - Class A,NASDAQ,Uncategorized
HLP,Hongli Group Inc. - Ordinary Shares,NASDAQ,Uncategorized
HLT,Hilton Worldwide Holdings Inc.,NYSE,Uncategorized
HLX,"Helix Energy Solutions Group, Inc.",NYSE,Uncategorized
HLXC,Helix Acquisition Corp. III,NASDAQ,Uncategorized
HMC,"Honda Motor Company, Ltd.",NYSE,Uncategorized
HMN,Horace Mann Educators Corporation,NYSE,Uncategorized
HMOP,Hartford Municipal Opportunities ETF,NYSE ARCA,Uncategorized
HMR,Heidmar Maritime Holdings Corp.,NASDAQ,Uncategorized
HMY,Harmony Gold Mining Company Limited,NYSE,Uncategorized
HMYY,GraniteShares YieldBoost HIMS ETF,NASDAQ,Uncategorized
HNDL,Strategy Shares Nasdaq 7HANDL Index ETF,NASDAQ,Uncategorized
HNGE,"Hinge Health, Inc. Class A",NYSE,Uncategorized
HNI,HNI Corporation,NYSE,Uncategorized
HNNA,"Hennessy Advisors, Inc.",NASDAQ,Uncategorized
HNNAZ,"Hennessy Advisors, Inc. - 4.875% Notes due 2026",NASDAQ,Uncategorized
HNRG,Hallador Energy Company,NASDAQ,Uncategorized
HNST,"The Honest Company, Inc.",NASDAQ,Uncategorized
HNVR,"Hanover Bancorp, Inc.",NASDAQ,Uncategorized
HODL,VanEck Bitcoin Trust,BATS,Uncategorized
HODU,Direxion Daily HOOD Bull 2X ETF,NASDAQ,Uncategorized
HOFT,Hooker Furnishings Corporation,NASDAQ,Uncategorized
HOG,"Harley-Davidson, Inc.",NYSE,Uncategorized
HOII,REX HOOD Growth & Income ETF,BATS,Uncategorized
HOLA,JPMorgan International Hedged Equity Laddered Overlay ETF,NYSE ARCA,Uncategorized
HOLD,Harbor Alpha Layering ETF,NYSE ARCA,Uncategorized
HOLO,MicroCloud Hologram Inc. - Ordinary Shares,NASDAQ,Uncategorized
HOLOW,MicroCloud Hologram Inc. - Warrant,NASDAQ,Uncategorized
HOLX,"Hologic, Inc.",NASDAQ,Uncategorized
HOMB,"Home BancShares, Inc.",NYSE,Uncategorized
HOMZ,Hoya Capital Housing ETF,NYSE ARCA,Uncategorized
HON,Honeywell International Inc.,NASDAQ,Uncategorized
HOOD,"Robinhood Markets, Inc. - Class A",NASDAQ,Uncategorized
HOOG,Leverage Shares 2X Long HOOD Daily ETF,NASDAQ,Uncategorized
HOOW,Roundhill HOOD WeeklyPay ETF,BATS,Uncategorized
HOOX,Defiance Daily Target 2X Long HOOD ETF,NASDAQ,Uncategorized
HOOY,YieldMax HOOD Option Income Strategy ETF,NYSE ARCA,Uncategorized
HOOZ,Defiance Daily Target 2X Short HOOD ETF,NYSE ARCA,Uncategorized
HOPE,"Hope Bancorp, Inc.",NASDAQ,Uncategorized
HOTH,"Hoth Therapeutics, Inc.",NASDAQ,Uncategorized
HOUR,"Hour Loop, Inc.",NASDAQ,Uncategorized
HOV,"Hovnanian Enterprises, Inc. Class A",NYSE,Uncategorized
HOVNP,Hovnanian Enterprises Inc - Depositary Share representing 1/1000th of 7.625% Series A Preferred Stock,NASDAQ,Uncategorized
HOVR,New Horizon Aircraft Ltd.,NASDAQ,Uncategorized
HOVRW,New Horizon Aircraft Ltd. - Warrant,NASDAQ,Uncategorized
HOWL,"Werewolf Therapeutics, Inc.",NASDAQ,Uncategorized
HOYY,GraniteShares YieldBOOST HOOD ETF,NASDAQ,Uncategorized
HP,"Helmerich & Payne, Inc.",NYSE,Uncategorized
HPAI,Helport AI Limited - Ordinary Shares,NASDAQ,Uncategorized
HPAIW,Helport AI Limited - Warrants,NASDAQ,Uncategorized
HPE,Hewlett Packard Enterprise Company,NYSE,Uncategorized
HPE$C,Hewlett Packard Enterprise Company 7.625% Series C Mandatory Convertible Preferred Stock,NYSE,Uncategorized
HPF,John Hancock Pfd Income Fund II Pfd Income Fund II,NYSE,Uncategorized
HPI,John Hancock Preferred Income Fund Common Shares of Beneficial Interest,NYSE,Uncategorized
HPK,"HighPeak Energy, Inc.",NASDAQ,Uncategorized
HPP,"Hudson Pacific Properties, Inc.",NYSE,Uncategorized
HPP$C,"Hudson Pacific Properties, Inc. 4.750% Series C Cumulative Redeemable Preferred Stock",NYSE,Uncategorized
HPQ,HP Inc.,NYSE,Uncategorized
HPS,John Hancock Preferred Income Fund III Preferred Income Fund III,NYSE,Uncategorized
HQGO,Hartford US Quality Growth ETF,NASDAQ,Uncategorized
HQH,abrdn Healthcare Investors Shares of Beneficial Interest,NYSE,Uncategorized
HQI,"HireQuest, Inc.",NASDAQ,Uncategorized
HQL,abrdn Life Sciences Investors Shares of Beneficial Interest,NYSE,Uncategorized
HQY,"HealthEquity, Inc.",NASDAQ,Uncategorized
HR,Healthcare Realty Trust Incorporated,NYSE,Uncategorized
HRB,"H&R Block, Inc.",NYSE,Uncategorized
HRI,Herc Holdings Inc.,NYSE,Uncategorized
HRL,Hormel Foods Corporation,NYSE,Uncategorized
HRMY,"Harmony Biosciences Holdings, Inc.",NASDAQ,Uncategorized
HROW,"Harrow, Inc.",NASDAQ,Uncategorized
HRTG,"Heritage Insurance Holdings, Inc.",NYSE,Uncategorized
HRTS,Tema Heart & Health ETF,NASDAQ,Uncategorized
HRTX,"Heron Therapeutics, Inc.",NASDAQ,Uncategorized
HRZN,Horizon Technology Finance Corporation,NASDAQ,Uncategorized
HSAI,"Hesai Group - American Depositary Share, each ADS represents one Class B ordinary share",NASDAQ,Uncategorized
HSBC,"HSBC Holdings, plc.",NYSE,Uncategorized
HSBH,HSBC Holdings plc ADRhedged,NYSE ARCA,Uncategorized
HSCS,HeartSciences Inc.,NASDAQ,Uncategorized
HSCSW,HeartSciences Inc. - Warrant,NASDAQ,Uncategorized
HSCZ,iShares Currency Hedged MSCI EAFE Small-Cap ETF,NYSE ARCA,Uncategorized
HSDT,Solana Company - Class A,NASDAQ,Uncategorized
HSHP,Himalaya Shipping Ltd. Common Shares,NYSE,Uncategorized
HSIC,"Henry Schein, Inc.",NASDAQ,Uncategorized
HSMV,First Trust Horizon Managed Volatility Small/Mid ETF,NYSE ARCA,Uncategorized
HSPT,Horizon Space Acquisition II Corp. - Ordinary share,NASDAQ,Uncategorized
HSPTR,Horizon Space Acquisition II Corp. - Right,NASDAQ,Uncategorized
HSPTU,Horizon Space Acquisition II Corp.,NASDAQ,Uncategorized
HST,"Host Hotels & Resorts, Inc.",NASDAQ,Uncategorized
HSTM,"HealthStream, Inc.",NASDAQ,Uncategorized
HSY,The Hershey Company,NYSE,Uncategorized
HTAB,Hartford Schroders Tax-Aware Bond ETF,NYSE ARCA,Uncategorized
HTAX,Nomura National High-Yield Municipal Bond ETF,NYSE ARCA,Uncategorized
HTB,"HomeTrust Bancshares, Inc.",NYSE,Uncategorized
HTBK,Heritage Commerce Corp,NASDAQ,Uncategorized
HTCO,High-Trend International Group,NASDAQ,Uncategorized
HTCR,"Heartcore Enterprises, Inc.",NASDAQ,Uncategorized
HTD,John Hancock Tax Advantaged Dividend Income Fund Common Shares of Beneficial Interest,NYSE,Uncategorized
HTEC,ROBO Global Healthcare Technology and Innovation ETF,NYSE ARCA,Uncategorized
HTFC,Horizon Technology Finance Corporation 6.25% Notes due 2027,NYSE,Uncategorized
HTFL,"Heartflow, Inc.",NASDAQ,Uncategorized
HTGC,"Hercules Capital, Inc.",NYSE,Uncategorized
HTH,Hilltop Holdings Inc.,NYSE,Uncategorized
HTHT,H World Group Limited - American Depositary Shares,NASDAQ,Uncategorized
HTLD,"Heartland Express, Inc.",NASDAQ,Uncategorized
HTLM,HomesToLife Ltd - Ordinary Shares,NASDAQ,Uncategorized
HTO,H2O America,NASDAQ,Uncategorized
HTOO,Fusion Fuel Green PLC - Ordinary Shares,NASDAQ,Uncategorized
HTRB,Hartford Total Return Bond ETF,NYSE ARCA,Uncategorized
HTT,"High Templar Tech Limited American depositary shares, each representing one Class A ordinary share",NYSE,Uncategorized
HTUS,Hull Tactical US ETF,BATS,Uncategorized
HTZ,"Hertz Global Holdings, Inc",NASDAQ,Uncategorized
HTZWW,"Hertz Global Holdings, Inc - Warrant",NASDAQ,Uncategorized
HUBB,Hubbell Inc,NYSE,Uncategorized
HUBC,Hub Cyber Security Ltd. - Ordinary Shares,NASDAQ,Uncategorized
HUBCW,Hub Cyber Security Ltd. - Warrant expiring 2/27/28,NASDAQ,Uncategorized
HUBCZ,Hub Cyber Security Ltd. - Warrant,NASDAQ,Uncategorized
HUBG,"Hub Group, Inc. - Class A",NASDAQ,Uncategorized
HUBS,"HubSpot, Inc.",NYSE,Uncategorized
HUDI,"Huadi International Group Co., Ltd. - Ordinary Shares",NASDAQ,Uncategorized
HUHU,HUHUTECH International Group Inc. - Ordinary Shares,NASDAQ,Uncategorized
HUIZ,Huize Holding Limited - American Depositary Shares,NASDAQ,Uncategorized
HUM,Humana Inc.,NYSE,Uncategorized
HUMA,"Humacyte, Inc.",NASDAQ,Uncategorized
HUMAW,"Humacyte, Inc. - Warrant",NASDAQ,Uncategorized
HUMN,Roundhill Humanoid Robotics ETF,BATS,Uncategorized
HUN,Huntsman Corporation,NYSE,Uncategorized
HURA,"TuHURA Biosciences, Inc.",NASDAQ,Uncategorized
HURC,"Hurco Companies, Inc.",NASDAQ,Uncategorized
HURN,Huron Consulting Group Inc.,NASDAQ,Uncategorized
HUSV,First Trust Horizon Managed Volatility Domestic ETF,NYSE ARCA,Uncategorized
HUT,Hut 8 Corp.,NASDAQ,Uncategorized
HUTG,Leverage Shares 2X Long HUT Daily ETF,NASDAQ,Uncategorized
HUYA,"HUYA Inc. American depositary shares, each  representing one Class A ordinary share",NYSE,Uncategorized
HVAC,AdvisorShares HVAC and Industrials ETF,NYSE ARCA,Uncategorized
HVII,Hennessy Capital Investment Corp. VII - Ordinary Shares,NASDAQ,Uncategorized
HVIIR,Hennessy Capital Investment Corp. VII - Rights,NASDAQ,Uncategorized
HVIIU,Hennessy Capital Investment Corp. VII,NASDAQ,Uncategorized
HVMC,Highview Merger Corp.,NASDAQ,Uncategorized
HVMCU,Highview Merger Corp.,NASDAQ,Uncategorized
HVMCW,Highview Merger Corp. - Warrants,NASDAQ,Uncategorized
HVT,"Haverty Furniture Companies, Inc.",NYSE,Uncategorized
HVT.A,"Haverty Furniture Companies, Inc.",NYSE,Uncategorized
HWAY,Themes US Infrastructure ETF,NASDAQ,Uncategorized
HWBK,"Hawthorn Bancshares, Inc.",NASDAQ,Uncategorized
HWC,Hancock Whitney Corporation,NASDAQ,Uncategorized
HWCPZ,Hancock Whitney Corporation - 6.25% Subordinated Notes due 2060,NASDAQ,Uncategorized
HWH,HWH International Inc.,NASDAQ,Uncategorized
HWKN,"Hawkins, Inc.",NASDAQ,Uncategorized
HWM,Howmet Aerospace Inc.,NYSE,Uncategorized
HWSM,Hotchkis & Wiley SMID Cap Diversified Value Fund,NASDAQ,Uncategorized
HXHX,Haoxin Holdings Limited,NASDAQ,Uncategorized
HXL,Hexcel Corporation,NYSE,Uncategorized
HY,"Hyster-Yale, Inc. Class A",NYSE,Uncategorized
HYAC,Haymaker Acquisition Corp. 4 Class A Ordinary Shares,NYSE,Uncategorized
HYAC.U,"Haymaker Acquisition Corp. 4 Units, each consisting one Class A Ordinary Share and one-half of one redeemable Warrant",NYSE,Uncategorized
HYAC.W,"Haymaker Acquisition Corp. 4 Warrants, each whole warrant exercisable for one Class A ordinary share at an exercise price of $11.50 per share",NYSE,Uncategorized
HYBB,iShares BB Rated Corporate Bond ETF,NYSE ARCA,Uncategorized
HYBI,NEOS Enhanced Income Credit Select ETF,NASDAQ,Uncategorized
HYBL,State Street Blackstone High Income ETF,BATS,Uncategorized
HYBX,TCW High Yield Bond ETF,NYSE,Uncategorized
HYD,VanEck High Yield Muni ETF,BATS,Uncategorized
HYDB,iShares High Yield Systematic Bond ETF,BATS,Uncategorized
HYDR,Global X Hydrogen ETF,NASDAQ,Uncategorized
HYDW,Xtrackers Low Beta High Yield Bond ETF,NYSE ARCA,Uncategorized
HYEM,VanEck Emerging Markets High Yield Bond ETF,NYSE ARCA,Uncategorized
HYFI,AB High Yield ETF,NYSE ARCA,Uncategorized
HYFM,"Hydrofarm Holdings Group, Inc.",NASDAQ,Uncategorized
HYFT,MindWalk Holdings Corp.,NASDAQ,Uncategorized
HYG,iShares iBoxx $ High Yield Corporate Bond ETF,NYSE ARCA,Uncategorized
HYGH,iShares Interest Rate Hedged High Yield Bond ETF,NYSE ARCA,Uncategorized
HYGV,FlexShares High Yield Value-Scored Bond Index Fund,NYSE ARCA,Uncategorized
HYGW,iShares High Yield Corporate Bond BuyWrite Strategy ETF,BATS,Uncategorized
HYHG,ProShares High Yield Interest Rate Hedged,BATS,Uncategorized
HYI,Western Asset High Yield Opportunity Fund Inc.,NYSE,Uncategorized
HYIN,WisdomTree Private Credit and Alternative Income Fund,BATS,Uncategorized
HYKE,Vest 2 Year Interest Rate Hedge ETF,BATS,Uncategorized
HYLB,Xtrackers USD High Yield Corporate Bond ETF,NYSE ARCA,Uncategorized
HYLN,Hyliion Holdings Corp. Class A,NYSE MKT,Uncategorized
HYLS,First Trust Tactical High Yield ETF,NASDAQ,Uncategorized
HYMB,State Street SPDR Nuveen ICE High Yield Municipal Bond ETF,NYSE ARCA,Uncategorized
HYMC,Hycroft Mining Holding Corporation - Class A,NASDAQ,Uncategorized
HYNE,"Hoyne Bancorp, Inc.",NASDAQ,Uncategorized
HYP,Golden Eagle Dynamic Hypergrowth ETF,NASDAQ,Uncategorized
HYPD,"Hyperion DeFi, Inc.",NASDAQ,Uncategorized
HYPR,"Hyperfine, Inc.  - Class A",NASDAQ,Uncategorized
HYRM,Xtrackers Risk Managed USD High Yield Strategy ETF,NYSE ARCA,Uncategorized
HYS,PIMCO 0-5 Year High Yield Corporat Bond Index Exchange-Traded Fund,NYSE ARCA,Uncategorized
HYSA,BondBloxx USD High Yield Bond Sector Rotation ETF,NYSE ARCA,Uncategorized
HYSD,Columbia Short Duration High Yield ETF,NYSE ARCA,Uncategorized
HYT,"Blackrock Corporate High Yield Fund, Inc.",NYSE,Uncategorized
HYTI,FT Vest High Yield & Target Income ETF,NYSE ARCA,Uncategorized
HYTR,Counterpoint High Yield Trend ETF,NYSE,Uncategorized
HYUP,Xtrackers High Beta High Yield Bond ETF,NYSE ARCA,Uncategorized
HYXF,iShares ESG Advanced High Yield Corporate Bond ETF,NASDAQ,Uncategorized
HYZD,WisdomTree Interest Rate Hedged High Yield Bond Fund,NASDAQ,Uncategorized
HZO,"MarineMax, Inc.  (FL)",NYSE,Uncategorized
IAC,IAC Inc.,NASDAQ,Uncategorized
IACOU,Idea Acquisition Corp.,NASDAQ,Uncategorized
IAE,Voya Asia Pacific High Dividend Equity Income Fund ING Asia Pacific High Dividend Equity Income Fund Common Shares of Beneficial Interest,NYSE,Uncategorized
IAF,"abrdn Australia Equity Fund, Inc.",NYSE MKT,Uncategorized
IAG,Iamgold Corporation Ordinary Shares,NYSE,Uncategorized
IAGG,iShares International Aggregate Bond Fund,BATS,Uncategorized
IAI,iShares U.S. Broker-Dealers & Securities Exchanges ETF,NYSE ARCA,Uncategorized
IAK,iShares U.S. Insurance ETF,NYSE ARCA,Uncategorized
IALT,iShares Systematic Alternatives Active ETF,NASDAQ,Uncategorized
IAPR,Innovator International Developed Power Buffer ETF  April,NYSE ARCA,Uncategorized
IART,Integra LifeSciences Holdings Corporation,NASDAQ,Uncategorized
IAT,iShares U.S. Regional Banks ETF,NYSE ARCA,Uncategorized
IAU,iShares Gold Trust Shares,NYSE ARCA,Uncategorized
IAUG,Innovator International Developed Power Buffer ETF  August,NYSE ARCA,Uncategorized
IAUI,NEOS Gold High Income ETF,BATS,Uncategorized
IAUM,iShares Gold Trust Micro Shares,NYSE ARCA,Uncategorized
IAUX,i-80 Gold Corp. Common Shares,NYSE MKT,Uncategorized
IAUX.W,"i-80 Gold Corp. Warrants, each warrant exercisable for one Common Share at an exercise price of $0.70",NYSE MKT,Uncategorized
IBAC,IB Acquisition Corp.,NASDAQ,Uncategorized
IBACR,IB Acquisition Corp. - Right,NASDAQ,Uncategorized
IBAT,iShares Energy Storage & Materials ETF,NASDAQ,Uncategorized
IBB,iShares Biotechnology ETF,NASDAQ,Uncategorized
IBBQ,Invesco Nasdaq Biotechnology ETF,NASDAQ,Uncategorized
IBCA,iShares iBonds Dec 2035 Term Corporate ETF,NYSE ARCA,Uncategorized
IBCP,Independent Bank Corporation,NASDAQ,Uncategorized
IBD,Inspire Corporate Bond ETF,NYSE ARCA,Uncategorized
IBDR,iShares iBonds Dec 2026 Term Corporate ETF,NYSE ARCA,Uncategorized
IBDS,iShares iBonds Dec 2027 Term Corporate ETF,NYSE ARCA,Uncategorized
IBDT,iShares iBonds Dec 2028 Term Corporate ETF,NYSE ARCA,Uncategorized
IBDU,iShares iBonds Dec 2029 Term Corporate ETF,NYSE ARCA,Uncategorized
IBDV,iShares iBonds Dec 2030 Term Corporate ETF,NYSE ARCA,Uncategorized
IBDW,iShares iBonds Dec 2031 Term Corporate ETF,NYSE ARCA,Uncategorized
IBDX,iShares iBonds Dec 2032 Term Corporate ETF,NYSE ARCA,Uncategorized
IBDY,iShares iBonds Dec 2033 Term Corporate ETF,NYSE ARCA,Uncategorized
IBDZ,iShares iBonds Dec 2034 Term Corporate ETF,NYSE ARCA,Uncategorized
IBEX,IBEX Limited - Common Share,NASDAQ,Uncategorized
IBFR,Innovator International Developed Managed 10 Buffer ETF,NYSE ARCA,Uncategorized
IBG,Innovation Beverage Group Limited - Ordinary Shares,NASDAQ,Uncategorized
IBGA,iShares iBonds Dec 2044 Term Treasury ETF,NASDAQ,Uncategorized
IBGB,iShares iBonds Dec 2045 Term Treasury ETF,NASDAQ,Uncategorized
IBGK,iShares iBonds Dec 2054 Term Treasury ETF,NASDAQ,Uncategorized
IBGL,iShares iBonds Dec 2055 Term Treasury ETF,NASDAQ,Uncategorized
IBHF,iShares iBonds 2026 Term High Yield and Income ETF,BATS,Uncategorized
IBHG,iShares iBonds 2027 Term High Yield and Income ETF,BATS,Uncategorized
IBHH,iShares iBonds 2028 Term High Yield and Income ETF,BATS,Uncategorized
IBHI,iShares iBonds 2029 Term High Yield and Income ETF,BATS,Uncategorized
IBHJ,iShares iBonds 2030 Term High Yield and Income ETF,BATS,Uncategorized
IBHK,iShares iBonds 2031 Term High Yield and Income ETF,BATS,Uncategorized
IBHL,iShares iBonds 2032 Term High Yield and Income ETF,BATS,Uncategorized
IBIC,iShares iBonds Oct 2026 Term TIPS ETF,NYSE ARCA,Uncategorized
IBID,iShares iBonds Oct 2027 Term TIPS ETF,NYSE ARCA,Uncategorized
IBIE,iShares iBonds Oct 2028 Term TIPS ETF,NYSE ARCA,Uncategorized
IBIF,iShares iBonds Oct 2029 Term TIPS ETF,NYSE ARCA,Uncategorized
IBIG,iShares iBonds Oct 2030 Term TIPS ETF,NYSE ARCA,Uncategorized
IBIH,iShares iBonds Oct 2031 Term TIPS ETF,NYSE ARCA,Uncategorized
IBII,iShares iBonds Oct 2032 Term TIPS ETF,NYSE ARCA,Uncategorized
IBIJ,iShares iBonds Oct 2033 Term TIPS ETF,NYSE ARCA,Uncategorized
IBIK,iShares iBonds Oct 2034 Term TIPS ETF,NYSE ARCA,Uncategorized
IBIL,iShares iBonds Oct 2035 Term TIPS ETF,NYSE ARCA,Uncategorized
IBIO,"iBio, Inc.",NASDAQ,Uncategorized
IBIT,iShares Bitcoin Trust ETF,NASDAQ,Uncategorized
IBKR,"Interactive Brokers Group, Inc. - Class A",NASDAQ,Uncategorized
IBLC,iShares Blockchain and Tech ETF,NYSE ARCA,Uncategorized
IBM,International Business Machines Corporation,NYSE,Uncategorized
IBMO,iShares iBonds Dec 2026 Term Muni Bond ETF,BATS,Uncategorized
IBMP,iShares iBonds Dec 2027 Term Muni Bond ETF,BATS,Uncategorized
IBMQ,iShares iBonds Dec 2028 Term Muni Bond ETF,BATS,Uncategorized
IBMR,iShares iBonds Dec 2029 Term Muni Bond ETF,BATS,Uncategorized
IBMS,iShares iBonds Dec 2030 Term Muni Bond ETF,BATS,Uncategorized
IBMT,iShares iBonds Dec 2031 Term Muni Bond ETF,BATS,Uncategorized
IBN,ICICI Bank Limited,NYSE,Uncategorized
IBND,SPDR Bloomberg International Corporate Bond ETF,NYSE ARCA,Uncategorized
IBO,"Impact BioMedical, Inc.",NYSE MKT,Uncategorized
IBOC,International Bancshares Corporation,NASDAQ,Uncategorized
IBOT,VanEck Robotics ETF,NASDAQ,Uncategorized
IBP,"Installed Building Products, Inc.",NYSE,Uncategorized
IBRN,iShares Neuroscience and Healthcare ETF,NYSE ARCA,Uncategorized
IBRX,"ImmunityBio, Inc.",NASDAQ,Uncategorized
IBTA,"Ibotta, Inc. Class A",NYSE,Uncategorized
IBTG,iShares iBonds Dec 2026 Term Treasury ETF,NASDAQ,Uncategorized
IBTH,iShares iBonds Dec 2027 Term Treasury ETF,NASDAQ,Uncategorized
IBTI,iShares iBonds Dec 2028 Term Treasury ETF,NASDAQ,Uncategorized
IBTJ,iShares iBonds Dec 2029 Term Treasury ETF,NASDAQ,Uncategorized
IBTK,iShares iBonds Dec 2030 Term Treasury ETF,NASDAQ,Uncategorized
IBTL,iShares iBonds Dec 2031 Term Treasury ETF,NASDAQ,Uncategorized
IBTM,iShares iBonds Dec 2032 Term Treasury ETF,NASDAQ,Uncategorized
IBTO,iShares iBonds Dec 2033 Term Treasury ETF,NASDAQ,Uncategorized
IBTP,iShares iBonds Dec 2034 Term Treasury ETF,NASDAQ,Uncategorized
IBTQ,iShares iBonds Dec 2035 Term Treasury ETF,NASDAQ,Uncategorized
IBUF,Innovator International Developed 10 Buffer ETF - Quarterly,NYSE ARCA,Uncategorized
IBUY,Amplify Online Retail ETF,NYSE ARCA,Uncategorized
ICAP,Infrastructure Capital Equity Income ETF,NYSE ARCA,Uncategorized
ICCC,ImmuCell Corporation,NASDAQ,Uncategorized
ICCM,IceCure Medical Ltd. - Ordinary Shares,NASDAQ,Uncategorized
ICE,Intercontinental Exchange Inc.,NYSE,Uncategorized
ICF,iShares Select U.S. REIT ETF,BATS,Uncategorized
ICFI,"ICF International, Inc.",NASDAQ,Uncategorized
ICG,Intchains Group Limited - American Depositary Shares,NASDAQ,Uncategorized
ICHR,Ichor Holdings - Ordinary Shares,NASDAQ,Uncategorized
ICL,ICL Group Ltd. Ordinary Shares,NYSE,Uncategorized
ICLN,iShares Global Clean Energy ETF,NASDAQ,Uncategorized
ICLO,Invesco AAA CLO Floating Rate Note ETF,BATS,Uncategorized
ICLR,ICON plc - Ordinary Shares,NASDAQ,Uncategorized
ICMB,"Investcorp Credit Management BDC, Inc.",NASDAQ,Uncategorized
ICOI,Bitwise COIN Option Income Strategy ETF,NYSE ARCA,Uncategorized
ICON,Icon Energy Corp.,NASDAQ,Uncategorized
ICOP,iShares Copper and Metals Mining ETF,NASDAQ,Uncategorized
ICOW,Pacer Developed Markets International Cash Cows 100 ETF,BATS,Uncategorized
ICPI,iShares 0-1 Year TIPS Bond ETF,NYSE ARCA,Uncategorized
ICPY,"Tweedy, Browne International Insider + Value ETF",NYSE ARCA,Uncategorized
ICR$A,"InPoint Commercial Real Estate Income, Inc. 6.75% Series A Cumulative Redeemable Preferred Stock",NYSE,Uncategorized
ICRC,Bitwise CRCL Option Income Strategy ETF,NYSE ARCA,Uncategorized
ICSH,iShares Ultra Short Duration Bond Active ETF,BATS,Uncategorized
ICU,SeaStar Medical Holding Corporation,NASDAQ,Uncategorized
ICUCW,SeaStar Medical Holding Corporation - Warrant,NASDAQ,Uncategorized
ICUI,"ICU Medical, Inc.",NASDAQ,Uncategorized
ICVT,iShares Convertible Bond ETF,BATS,Uncategorized
IDA,"IDACORP, Inc.",NYSE,Uncategorized
IDAI,T Stamp Inc. - Class A,NASDAQ,Uncategorized
IDCC,"InterDigital, Inc.",NASDAQ,Uncategorized
IDE,"Voya Infrastructure, Industrials and Materials Fund Common Shares of Beneficial Interest",NYSE,Uncategorized
IDEC,Innovator International Developed Power Buffer ETF  December,NYSE ARCA,Uncategorized
IDEF,iShares Defense Industrials Active ETF,NASDAQ,Uncategorized
IDEQ,Lazard International Dynamic Equity ETF,NYSE ARCA,Uncategorized
IDEV,iShares Core MSCI International Developed Markets ETF,NYSE ARCA,Uncategorized
IDGT,iShares U.S. Digital Infrastructure and Real Estate ETF,NYSE ARCA,Uncategorized
IDHQ,Invesco S&P International Developed Quality ETF,NYSE ARCA,Uncategorized
IDLV,Invesco S&P International Developed Low Volatility ETF,NYSE ARCA,Uncategorized
IDMO,Invesco S&P International Developed Momentum ETF,NYSE ARCA,Uncategorized
IDN,"Intellicheck, Inc.",NASDAQ,Uncategorized
IDNA,iShares Genomics Immunology and Healthcare ETF,NYSE ARCA,Uncategorized
IDOG,ALPS International Sector Dividend Dogs ETF,NYSE ARCA,Uncategorized
IDR,"Idaho Strategic Resources, Inc.",NYSE MKT,Uncategorized
IDRV,iShares Self-Driving EV and Tech ETF,NYSE ARCA,Uncategorized
IDT,IDT Corporation Class B,NYSE,Uncategorized
IDU,iShares U.S. Utilities ETF,NYSE ARCA,Uncategorized
IDUB,Aptus International Enhanced Yield ETF,BATS,Uncategorized
IDV,iShares International Select Dividend ETF,BATS,Uncategorized
IDVO,Amplify CWP International Enhanced Dividend Income ETF,NYSE ARCA,Uncategorized
IDVY,First Trust International Rising Dividend Achievers ETF,NASDAQ,Uncategorized
IDVZ,Polen International Dividend Income Fund,BATS,Uncategorized
IDX,VanEck Indonesia Index ETF,NYSE ARCA,Uncategorized
IDXX,"IDEXX Laboratories, Inc.",NASDAQ,Uncategorized
IDYA,"IDEAYA Biosciences, Inc.",NASDAQ,Uncategorized
IDYN,iShares International Equity Factor Rotation Active ETF,NYSE ARCA,Uncategorized
IE,Ivanhoe Electric Inc.,NYSE MKT,Uncategorized
IEAGU,Infinite Eagle Acquisition Corp.,NASDAQ,Uncategorized
IEDI,iShares U.S. Consumer Focused ETF,BATS,Uncategorized
IEF,iShares 7-10 Year Treasury Bond ETF,NASDAQ,Uncategorized
IEFA,iShares Core MSCI EAFE ETF,BATS,Uncategorized
IEI,iShares 3-7 Year Treasury Bond ETF,NASDAQ,Uncategorized
IEMG,iShares Core MSCI Emerging Markets ETF,NYSE ARCA,Uncategorized
IEO,iShares U.S. Oil & Gas Exploration & Production ETF,BATS,Uncategorized
IEP,Icahn Enterprises L.P. - Depositary Units representing Limited Partner Interests,NASDAQ,Uncategorized
IESC,"IES Holdings, Inc.",NASDAQ,Uncategorized
IETC,iShares U.S. Tech Independence Focused ETF,BATS,Uncategorized
IETH,Bitwise Ethereum Option Income Strategy ETF,NYSE ARCA,Uncategorized
IEUR,iShares Core MSCI Europe ETF,NYSE ARCA,Uncategorized
IEUS,iShares MSCI Europe Small-Cap ETF,NASDAQ,Uncategorized
IEV,iShares Europe ETF,NYSE ARCA,Uncategorized
IEX,IDEX Corporation,NYSE,Uncategorized
IEZ,iShares U.S. Oil Equipment & Services ETF,NYSE ARCA,Uncategorized
IFBD,"Infobird Co., Ltd - Ordinary Shares",NASDAQ,Uncategorized
IFEB,Innovator International Developed Power Buffer ETF  February,NYSE ARCA,Uncategorized
IFED,ETRACS IFED Invest with the Fed TR Index ETN,NYSE ARCA,Uncategorized
IFF,"International Flavors & Fragrances, Inc.",NYSE,Uncategorized
IFGL,iShares International Developed Real Estate ETF,NASDAQ,Uncategorized
IFLN,Invesco Bloomberg Enhanced Fallen Angels ETF,NYSE ARCA,Uncategorized
IFLO,VictoryShares International Free Cash Flow ETF,NASDAQ,Uncategorized
IFLR,Innovator International Developed Managed Floor ETF,NYSE ARCA,Uncategorized
IFN,"India Fund, Inc. (The)",NYSE,Uncategorized
IFRA,iShares U.S. Infrastructure ETF,BATS,Uncategorized
IFRX,InflaRx N.V.,NASDAQ,Uncategorized
IFS,Intercorp Financial Services Inc. Common Shares,NYSE,Uncategorized
IFV,First Trust Dorsey Wright International Focus 5 ETF,NASDAQ,Uncategorized
IG,Principal Investment Grade Corporate Active ETF,NYSE ARCA,Uncategorized
IGA,Voya Global Advantage and Premium Opportunity Fund Common Shares of Beneficial Interest,NYSE,Uncategorized
IGAC,Invest Green Acquisition Corporation,NASDAQ,Uncategorized
IGACR,Invest Green Acquisition Corporation - Rights,NASDAQ,Uncategorized
IGACU,Invest Green Acquisition Corporation,NASDAQ,Uncategorized
IGBH,iShares Interest Rate Hedged Long-Term Corporate Bond ETF,NYSE ARCA,Uncategorized
IGC,"IGC Pharma, Inc.",NYSE MKT,Uncategorized
IGCB,TCW Corporate Bond ETF,NYSE,Uncategorized
IGD,Voya Global Equity Dividend and Premium Opportunity Fund,NYSE,Uncategorized
IGE,iShares North American Natural Resources ETF,BATS,Uncategorized
IGEB,iShares Investment Grade Systematic Bond ETF,BATS,Uncategorized
IGF,iShares Global Infrastructure ETF,NASDAQ,Uncategorized
IGGY,AB International Growth ETF,NYSE ARCA,Uncategorized
IGHG,ProShares Investment Grade-Interest Rate Hedged,BATS,Uncategorized
IGI,Western Asset Investment Grade Opportunity Trust Inc.,NYSE,Uncategorized
IGIB,iShares 5-10 Year Investment Grade Corporate Bond ETF,NASDAQ,Uncategorized
IGIC,International General Insurance Holdings Ltd. - Ordinary Shares,NASDAQ,Uncategorized
IGLB,iShares 10  Year Investment Grade Corporate Bond ETF,NYSE ARCA,Uncategorized
IGLD,FT Vest Gold Strategy Target Income ETF,BATS,Uncategorized
IGM,iShares Expanded Tech Sector ETF,NYSE ARCA,Uncategorized
IGME,Bitwise GME Option Income Strategy ETF,NYSE ARCA,Uncategorized
IGOV,iShares International Treasury Bond ETF,NASDAQ,Uncategorized
IGPT,Invesco AI and Next Gen Software ETF,NYSE ARCA,Uncategorized
IGR,CBRE Global Real Estate Income Fund Common Shares of Beneficial Interest,NYSE,Uncategorized
IGRO,iShares International Dividend Growth ETF,BATS,Uncategorized
IGSB,iShares 1-5 Year Investment Grade Corporate Bond ETF,NASDAQ,Uncategorized
IGTR,Innovator Gradient Tactical Rotation Strategy ETF,NYSE ARCA,Uncategorized
IGV,iShares Expanded Tech-Software Sector ETF,BATS,Uncategorized
IH,"iHuman Inc. American depositary shares, each representing five Class A ordinary shares",NYSE,Uncategorized
IHAK,iShares Cybersecurity and Tech ETF,NYSE ARCA,Uncategorized
IHD,Voya Emerging Markets High Income Dividend Equity Fund Common Shares,NYSE,Uncategorized
IHDG,WisdomTree International Hedged Quality Dividend Growth Fund,NYSE ARCA,Uncategorized
IHE,iShares U.S. Pharmaceutical ETF,NYSE ARCA,Uncategorized
IHF,iShares U.S. Health Care Providers ETF,NYSE ARCA,Uncategorized
IHG,Intercontinental Hotels Group American Depositary Shares (Each representing one Ordinary Share),NYSE,Uncategorized
IHI,iShares U.S. Medical Devices ETF,NYSE ARCA,Uncategorized
IHRT,"iHeartMedia, Inc. - Class A",NASDAQ,Uncategorized
IHS,IHS Holding Limited Ordinary Shares,NYSE,Uncategorized
IHT,InnSuites Hospitality Trust Shares of Beneficial Interest,NYSE MKT,Uncategorized
IHY,VanEck International High Yield Bond ETF,NYSE ARCA,Uncategorized
IIF,"Morgan Stanley India Investment Fund, Inc.",NYSE,Uncategorized
IIGD,Invesco Investment Grade Defensive ETF,NYSE ARCA,Uncategorized
III,"Information Services Group, Inc.",NASDAQ,Uncategorized
IIIN,"Insteel Industries, Inc.",NYSE,Uncategorized
IIIV,"i3 Verticals, Inc.",NASDAQ,Uncategorized
IIM,Invesco Value Municipal Income Trust,NYSE,Uncategorized
IINN,Inspira Technologies Oxy B.H.N. Ltd. - Ordinary Shares,NASDAQ,Uncategorized
IINNW,Inspira Technologies Oxy B.H.N. Ltd. - Warrant,NASDAQ,Uncategorized
IIPR,"Innovative Industrial Properties, Inc.",NYSE,Uncategorized
IIPR$A,"Innovative Industrial Properties, Inc. 9.00% Series A Cumulative Redeemable Preferred Stock",NYSE,Uncategorized
IJAN,Innovator International Developed Power Buffer ETF January,NYSE ARCA,Uncategorized
IJH,iShares Core S&P Mid-Cap ETF,NYSE ARCA,Uncategorized
IJJ,iShares S&P Mid-Cap 400 Value ETF,NYSE ARCA,Uncategorized
IJK,iShares S&P Mid-Cap 400 Growth ETF,NYSE ARCA,Uncategorized
IJR,iShares Core S&P Small-Cap ETF,NYSE ARCA,Uncategorized
IJS,iShares S&P SmallCap 600 Value ETF,NYSE ARCA,Uncategorized
IJT,iShares S&P SmallCap 600 Growth ETF,NASDAQ,Uncategorized
IJUL,Innovator International Developed Power Buffer ETF  July,NYSE ARCA,Uncategorized
IJUN,Innovator International Developed Power Buffer ETF June,NYSE ARCA,Uncategorized
IKT,"Inhibikase Therapeutics, Inc.",NASDAQ,Uncategorized
ILAG,Intelligent Living Application Group Inc. - Ordinary Shares,NASDAQ,Uncategorized
ILCB,iShares Morningstar Large-Cap ETF,NYSE ARCA,Uncategorized
ILCG,iShares Morningstar Large-Cap Growth ETF,NYSE ARCA,Uncategorized
ILCV,iShares Morningstar Large-Cap  Value ETF,NYSE ARCA,Uncategorized
ILDR,First Trust Innovation Leaders ETF,NYSE ARCA,Uncategorized
ILF,iShares Latin America 40 ETF,NYSE ARCA,Uncategorized
ILIT,iShares Lithium Miners and Producers ETF,NASDAQ,Uncategorized
ILLUU,Illumination Acquisition Corp I,NASDAQ,Uncategorized
ILMN,"Illumina, Inc.",NASDAQ,Uncategorized
ILOW,AB International Low Volatility Equity ETF,NYSE ARCA,Uncategorized
ILPT,Industrial Logistics Properties Trust - Common Shares of Beneficial Interest,NASDAQ,Uncategorized
ILS,Brookmont Catastrophic Bond ETF,NYSE ARCA,Uncategorized
ILTB,iShares Core 10  Year USD Bond ETF,NYSE ARCA,Uncategorized
IMA,"ImageneBio, Inc.",NASDAQ,Uncategorized
IMAR,Innovator International Developed Power Buffer ETF  March,NYSE ARCA,Uncategorized
IMAX,Imax Corporation,NYSE,Uncategorized
IMAY,Innovator International Developed Power Buffer ETF - May,NYSE ARCA,Uncategorized
IMCB,iShares Morningstar Mid-Cap ETF,NYSE ARCA,Uncategorized
IMCC,IM Cannabis Corp. - Common Shares,NASDAQ,Uncategorized
IMCG,iShares Morningstar Mid-Cap Growth ETF,NYSE ARCA,Uncategorized
IMCR,Immunocore Holdings plc - American Depositary Shares,NASDAQ,Uncategorized
IMCV,iShares Morningstar Mid-Cap Value ETF,NASDAQ,Uncategorized
IMDX,Insight Molecular Diagnostics Inc.,NASDAQ,Uncategorized
IMF,Invesco Managed Futures Strategy ETF,BATS,Uncategorized
IMFL,Invesco International Developed Dynamic Multifactor ETF,BATS,Uncategorized
IMG,CIMG Inc.,NASDAQ,Uncategorized
IMKTA,"Ingles Markets, Incorporated - Class A",NASDAQ,Uncategorized
IMMP,Immutep Limited - American Depositary Shares,NASDAQ,Uncategorized
IMMR,Immersion Corporation,NASDAQ,Uncategorized
IMMX,"Immix Biopharma, Inc.",NASDAQ,Uncategorized
IMNM,"Immunome, Inc.",NASDAQ,Uncategorized
IMNN,"Imunon, Inc.",NASDAQ,Uncategorized
IMO,Imperial Oil Limited,NYSE MKT,Uncategorized
IMOM,Alpha Architect International Quantitative Momentum ETF,NASDAQ,Uncategorized
IMOS,ChipMOS TECHNOLOGIES INC. - American Depositary Shares,NASDAQ,Uncategorized
IMPP,Imperial Petroleum Inc. - Common Shares,NASDAQ,Uncategorized
IMPPP,Imperial Petroleum Inc. - 8.75% Series A Cumulative Redeemable Perpetual Preferred Shares,NASDAQ,Uncategorized
IMRA,Bitwise MARA Option Income Strategy ETF,NYSE ARCA,Uncategorized
IMRN,Immuron Limited - American Depositary Shares,NASDAQ,Uncategorized
IMRX,Immuneering Corporation - Class A,NASDAQ,Uncategorized
IMSR,Terrestrial Energy Inc.,NASDAQ,Uncategorized
IMSRW,Terrestrial Energy Inc. - Warrant,NASDAQ,Uncategorized
IMST,Bitwise MSTR Option Income Strategy ETF,NYSE ARCA,Uncategorized
IMTB,iShares Core 5-10 Year USD Bond ETF,NYSE ARCA,Uncategorized
IMTE,Integrated Media Technology Limited - Ordinary Shares,NASDAQ,Uncategorized
IMTG,Invesco Agency MBS ETF,BATS,Uncategorized
IMTM,iShares MSCI Intl Momentum Factor ETF,NYSE ARCA,Uncategorized
IMTX,Immatics N.V. - Ordinary Shares,NASDAQ,Uncategorized
IMUX,"Immunic, Inc.",NASDAQ,Uncategorized
IMVP,Invesco India ETF,NYSE ARCA,Uncategorized
IMVT,"Immunovant, Inc.",NASDAQ,Uncategorized
IMXI,"International Money Express, Inc.",NASDAQ,Uncategorized
INAB,"IN8bio, Inc.",NASDAQ,Uncategorized
INAC,Indigo Acquisition Corp. - Ordinary Shares,NASDAQ,Uncategorized
INACR,Indigo Acquisition Corp. - Right,NASDAQ,Uncategorized
INACU,Indigo Acquisition Corp.,NASDAQ,Uncategorized
INBK,First Internet Bancorp,NASDAQ,Uncategorized
INBKZ,First Internet Bancorp - Fixed-to-Floating Rate Subordinated Notes Due 2029,NASDAQ,Uncategorized
INBS,Intelligent Bio Solutions Inc.,NASDAQ,Uncategorized
INBX,"Inhibrx Biosciences, Inc.",NASDAQ,Uncategorized
INCE,Franklin Income Equity Focus ETF,NYSE ARCA,Uncategorized
INCM,Franklin Income Focus ETF,NYSE ARCA,Uncategorized
INCO,Columbia India Consumer ETF,NYSE ARCA,Uncategorized
INCR,Intercure Ltd. - ordinary shares,NASDAQ,Uncategorized
INCY,Incyte Corporation,NASDAQ,Uncategorized
IND,Xtrackers Nifty 500 India ETF,NASDAQ,Uncategorized
INDA,iShares MSCI India ETF,BATS,Uncategorized
INDB,Independent Bank Corp.,NASDAQ,Uncategorized
INDE,Matthews India Active ETF,NYSE ARCA,Uncategorized
INDH,WisdomTree India Hedged Equity Fund,NASDAQ,Uncategorized
INDI,"indie Semiconductor, Inc. - Class A",NASDAQ,Uncategorized
INDL,Direxion Daily MSCI India Bull 2X Shares,NYSE ARCA,Uncategorized
INDO,Indonesia Energy Corporation Limited Ordinary Shares,NYSE MKT,Uncategorized
INDP,"Indaptus Therapeutics, Inc.",NASDAQ,Uncategorized
INDS,Pacer Industrial Real Estate ETF,NYSE ARCA,Uncategorized
INDV,"Indivior Pharmaceuticals, Inc.",NASDAQ,Uncategorized
INDY,iShares India 50 ETF,NASDAQ,Uncategorized
INDZ,VanEck India Select ETF,NYSE ARCA,Uncategorized
INEO,INNEOVA Holdings Limited,NASDAQ,Uncategorized
INEQ,Columbia International Equity Income ETF,NYSE ARCA,Uncategorized
INFL,Horizon Kinetics Inflation Beneficiaries ETF,NYSE ARCA,Uncategorized
INFO,Harbor PanAgora Dynamic Large Cap Core ETF,NYSE,Uncategorized
INFQ,"Infleqtion, Inc.",NYSE,Uncategorized
INFQ.W,"Infleqtion, Inc. Warrants, each whole warrant exercisable for one share of Common Stock at an exercise price of $11.50 per share",NYSE,Uncategorized
INFU,"InfuSystems Holdings, Inc.",NYSE MKT,Uncategorized
INFY,Infosys Limited American Depositary Shares,NYSE,Uncategorized
ING,"ING Group, N.V.",NYSE,Uncategorized
INGM,Ingram Micro Holding Corporation,NYSE,Uncategorized
INGN,"Inogen, Inc",NASDAQ,Uncategorized
INGR,Ingredion Incorporated,NYSE,Uncategorized
INHD,Inno Holdings Inc.,NASDAQ,Uncategorized
INKM,State Street Income Allocation ETF,NYSE ARCA,Uncategorized
INKT,"MiNK Therapeutics, Inc.",NASDAQ,Uncategorized
INLF,INLIF LIMITED,NASDAQ,Uncategorized
INLX,"Intellinetics, Inc.",NYSE MKT,Uncategorized
INM,InMed Pharmaceuticals Inc. - Common Shares,NASDAQ,Uncategorized
INMB,INmune Bio Inc.,NASDAQ,Uncategorized
INMD,InMode Ltd.  - Ordinary Shares,NASDAQ,Uncategorized
INMU,iShares Intermediate Muni Income Active ETF,NYSE ARCA,Uncategorized
INN,"Summit Hotel Properties, Inc.",NYSE,Uncategorized
INN$E,"Summit Hotel Properties, Inc. 6.250% Series E Cumulative Redeemable Preferred Stock",NYSE,Uncategorized
INN$F,"Summit Hotel Properties, Inc. 5.875% Series F Cumulative Redeemable Preferred Stock, $0.01 par value per share",NYSE,Uncategorized
INNV,InnovAge Holding Corp.,NASDAQ,Uncategorized
INO,"Inovio Pharmaceuticals, Inc.",NASDAQ,Uncategorized
INOD,Innodata Inc.,NASDAQ,Uncategorized
INOV,Innovator International Developed Power Buffer ETF  November,NYSE ARCA,Uncategorized
INQQ,INQQ The India Internet ETF,NYSE ARCA,Uncategorized
INR,"Infinity Natural Resources, Inc. Class A",NYSE,Uncategorized
INRO,iShares U.S. Industry Rotation Active ETF,NASDAQ,Uncategorized
INSE,"Inspired Entertainment, Inc.",NASDAQ,Uncategorized
INSG,Inseego Corp.,NASDAQ,Uncategorized
INSM,Insmed Incorporated,NASDAQ,Uncategorized
INSP,"Inspire Medical Systems, Inc.",NYSE,Uncategorized
INSW,"International Seaways, Inc.",NYSE,Uncategorized
INTA,"Intapp, Inc.",NASDAQ,Uncategorized
INTC,Intel Corporation,NASDAQ,Uncategorized
INTF,iShares International Equity Factor ETF,NYSE ARCA,Uncategorized
INTG,The Intergroup Corporation,NASDAQ,Uncategorized
INTJ,Intelligent Group Limited,NASDAQ,Uncategorized
INTL,Main International ETF,BATS,Uncategorized
INTM,Invesco Intermediate Municipal ETF,BATS,Uncategorized
INTR,Inter & Co. Inc.,NASDAQ,Uncategorized
INTS,"Intensity Therapeutics, Inc.",NASDAQ,Uncategorized
INTT,inTest Corporation,NYSE MKT,Uncategorized
INTU,Intuit Inc.,NASDAQ,Uncategorized
INTW,GraniteShares 2x Long INTC Daily ETF,NASDAQ,Uncategorized
INTZ,Intrusion Inc.,NASDAQ,Uncategorized
INUV,"Inuvo, Inc.",NYSE MKT,Uncategorized
INV,"Innventure, Inc.",NASDAQ,Uncategorized
INVA,"Innoviva, Inc.",NASDAQ,Uncategorized
INVE,"Identiv, Inc.",NASDAQ,Uncategorized
INVG,GMO Systematic Investment Grade Credit ETF,NYSE ARCA,Uncategorized
INVH,Invitation Homes Inc.,NYSE,Uncategorized
INVN,Alger Russell Innovation ETF,NYSE ARCA,Uncategorized
INVX,"Innovex International, Inc.",NYSE,Uncategorized
INVZ,Innoviz Technologies Ltd. - Ordinary shares,NASDAQ,Uncategorized
INVZW,Innoviz Technologies Ltd. - Warrant,NASDAQ,Uncategorized
IOBT,"IO Biotech, Inc.",NASDAQ,Uncategorized
IOCT,Innovator International Developed Power Buffer ETF - October,NYSE ARCA,Uncategorized
ION,ProShares S&P Global Core Battery Metals ETF,NYSE ARCA,Uncategorized
IONL,GraniteShares 2x Long IONQ Daily ETF,NASDAQ,Uncategorized
IONQ,"IonQ, Inc.",NYSE,Uncategorized
IONQ.W,"IonQ, Inc. Redeemable warrants, each whole warrant exercisable for one share of Common Stock, each at an exercise price of $11.50 per share",NYSE,Uncategorized
IONR,ioneer Ltd - American Depositary Shares,NASDAQ,Uncategorized
IONS,"Ionis Pharmaceuticals, Inc.",NASDAQ,Uncategorized
IONX,Defiance Daily Target 2X Long IONQ ETF,NASDAQ,Uncategorized
IONZ,Defiance Daily Target 2x Short IONQ ETF,NASDAQ,Uncategorized
IOO,iShares Global 100 ETF,NYSE ARCA,Uncategorized
IOPP,Simplify Tara India Opportunities ETF,NYSE ARCA,Uncategorized
IOR,"Income Opportunity Realty Investors, Inc.",NYSE MKT,Uncategorized
IOSP,Innospec Inc.,NASDAQ,Uncategorized
IOT,Samsara Inc. Class A,NYSE,Uncategorized
IOTR,iOThree Limited - Ordinary Shares,NASDAQ,Uncategorized
IOVA,"Iovance Biotherapeutics, Inc.",NASDAQ,Uncategorized
IOYY,GraniteShares YieldBOOST IONQ ETF,NASDAQ,Uncategorized
IP,International Paper Company,NYSE,Uncategorized
IPAC,iShares Core MSCI Pacific ETF,NYSE ARCA,Uncategorized
IPAR,"Interparfums, Inc.",NASDAQ,Uncategorized
IPAV,Global X Infrastructure Development ex-U.S. ETF,BATS,Uncategorized
IPAY,Amplify Digital Payments ETF,NYSE ARCA,Uncategorized
IPB,"Merrill Lynch & Co., Inc. 6.0518% Index Plus Trust Certificates Series 2003-1",NYSE,Uncategorized
IPCX,Inflection Point Acquisition Corp. III,NASDAQ,Uncategorized
IPCXR,Inflection Point Acquisition Corp. III - Rights,NASDAQ,Uncategorized
IPCXU,Inflection Point Acquisition Corp. III,NASDAQ,Uncategorized
IPDN,"Professional Diversity Network, Inc.",NASDAQ,Uncategorized
IPEX,Inflection Point Acquisition Corp.,NASDAQ,Uncategorized
IPEXR,Inflection Point Acquisition Corp. - Right,NASDAQ,Uncategorized
IPEXU,Inflection Point Acquisition Corp.,NASDAQ,Uncategorized
IPGP,IPG Photonics Corporation,NASDAQ,Uncategorized
IPHA,Innate Pharma S.A. - American Depositary Shares,NASDAQ,Uncategorized
IPI,"Intrepid Potash, Inc",NYSE,Uncategorized
IPKW,Invesco International BuyBack Achievers ETF,NASDAQ,Uncategorized
IPM,Intelligent Protection Management Corp.,NASDAQ,Uncategorized
IPO,Renaissance IPO ETF,NYSE ARCA,Uncategorized
IPOD,Dune Acquisition Corporation II,NASDAQ,Uncategorized
IPODU,Dune Acquisition Corporation II,NASDAQ,Uncategorized
IPODW,Dune Acquisition Corporation II - Warrants,NASDAQ,Uncategorized
IPOS,Renaissance Capital Greenwich Fund,NYSE ARCA,Uncategorized
IPSC,"Century Therapeutics, Inc.",NASDAQ,Uncategorized
IPST,"IP Strategy Holdings, Inc.",NASDAQ,Uncategorized
IPW,iPower Inc.,NASDAQ,Uncategorized
IPWR,Ideal Power Inc.,NASDAQ,Uncategorized
IPX,IperionX Limited - American Depositary Share,NASDAQ,Uncategorized
IQ,"iQIYI, Inc. - American Depositary Shares",NASDAQ,Uncategorized
IQDF,FlexShares International Quality Dividend Index Fund,NYSE ARCA,Uncategorized
IQDG,WisdomTree International Quality Dividend Growth Fund,BATS,Uncategorized
IQDY,FlexShares International Quality Dividend Dynamic Index Fund,NYSE ARCA,Uncategorized
IQHI,NYLI MacKay High Income ETF,NYSE ARCA,Uncategorized
IQI,Invesco Quality Municipal Income Trust,NYSE,Uncategorized
IQLT,iShares MSCI Intl Quality Factor ETF,NYSE ARCA,Uncategorized
IQM,Franklin Intelligent Machines ETF,BATS,Uncategorized
IQMM,ProShares GENIUS Money Market ETF,NYSE ARCA,Uncategorized
IQQQ,ProShares Nasdaq-100 High Income ETF,NASDAQ,Uncategorized
IQRA,NYLI CBRE Real Assets ETF,NYSE ARCA,Uncategorized
IQSI,NYLI Candriam International Equity ETF,NYSE ARCA,Uncategorized
IQSM,NYLI Candriam U.S. Mid Cap Equity ETF,NYSE ARCA,Uncategorized
IQST,iQSTEL Inc.,NASDAQ,Uncategorized
IQSU,NYLI Candriam U.S. Large Cap Equity ETF,NYSE ARCA,Uncategorized
IQSZ,Invesco Global Equity Net Zero ETF,NYSE ARCA,Uncategorized
IQV,"IQVIA Holdings, Inc.",NYSE,Uncategorized
IR,Ingersoll Rand Inc.,NYSE,Uncategorized
IRAB,Iris Acquisition Corp II Class A Ordinary Shares,NYSE,Uncategorized
IRAB.U,"Iris Acquisition Corp II Units, each consisting of one Class A Ordinary Share and one-half of one redeemable Warrant",NYSE,Uncategorized
IRAB.W,"Iris Acquisition Corp II Redeemable Warrants, each whole warrant exercisable for one Class A Ordinary Share at an exercise price of $11.50 per share",NYSE,Uncategorized
IRD,"Opus Genetics, Inc.",NASDAQ,Uncategorized
IRDM,Iridium Communications Inc,NASDAQ,Uncategorized
IRE,Defiance Daily Target 2X Long IREN ETF,NYSE ARCA,Uncategorized
IREG,Leverage Shares 2X Long IREN Daily ETF,NASDAQ,Uncategorized
IREN,IREN Limited - Ordinary Shares,NASDAQ,Uncategorized
IRET,iREIT - MarketVector Quality REIT Index ETF,NYSE ARCA,Uncategorized
IREX,Tradr 2X Long IREN Daily ETF,BATS,Uncategorized
IREZ,Tradr 2X Short IREN Daily ETF,BATS,Uncategorized
IRHO,Iron Horse Acquisitions II Corp.,NASDAQ,Uncategorized
IRHOR,Iron Horse Acquisitions II Corp. - Rights,NASDAQ,Uncategorized
IRHOU,Iron Horse Acquisitions II Corp.,NASDAQ,Uncategorized
IRIX,IRIDEX Corporation,NASDAQ,Uncategorized
IRM,Iron Mountain Incorporated (Delaware)Common Stock REIT,NYSE,Uncategorized
IRMD,iRadimed Corporation,NASDAQ,Uncategorized
IROC,Invesco Rochester High Yield Municipal ETF,BATS,Uncategorized
IRON,"Disc Medicine, Inc.",NASDAQ,Uncategorized
IROQ,"IF Bancorp, Inc.",NASDAQ,Uncategorized
IRS,IRSA Inversiones Y Representaciones S.A. Global Depositary Shares (Each representing ten shares of Common Stock),NYSE,Uncategorized
IRS.W,IRSA Inversiones Y Representaciones S.A. Warrants to purchase Common Shares,NYSE,Uncategorized
IRT,"Independence Realty Trust, Inc.",NYSE,Uncategorized
IRTC,"iRhythm Holdings, Inc.",NASDAQ,Uncategorized
IRTR,iShares LifePath Retirement ETF,NYSE ARCA,Uncategorized
IRVH,Global X Interest Rate Volatility & Inflation Hedge ETF,NYSE ARCA,Uncategorized
IRWD,"Ironwood Pharmaceuticals, Inc. - Class A",NASDAQ,Uncategorized
ISBA,Isabella Bank Corporation,NASDAQ,Uncategorized
ISBG,IncomeSTKd 1x Bitcoin & 1x Gold Premium ETF,BATS,Uncategorized
ISCB,iShares Morningstar Small-Cap ETF,NYSE ARCA,Uncategorized
ISCF,iShares International Small-Cap Equity Factor ETF,NYSE ARCA,Uncategorized
ISCG,iShares Morningstar Small-Cap Growth ETF,NYSE ARCA,Uncategorized
ISCV,iShares Morningstar Small-Cap Value ETF,NYSE ARCA,Uncategorized
ISD,"PGIM High Yield Bond Fund, Inc.",NYSE,Uncategorized
ISEP,Innovator International Developed Power Buffer ETF  September,NYSE ARCA,Uncategorized
ISHG,iShares 1-3 Year International Treasury Bond ETF,NASDAQ,Uncategorized
ISHP,First Trust S-Network E-Commerce ETF,NASDAQ,Uncategorized
ISMD,Inspire Small/Mid Cap ETF,NYSE ARCA,Uncategorized
ISMF,iShares Managed Futures Active ETF,BATS,Uncategorized
ISOU,IsoEnergy Ltd. Common Shares,NYSE MKT,Uncategorized
ISPC,iSpecimen Inc.,NASDAQ,Uncategorized
ISPR,Ispire Technology Inc.,NASDAQ,Uncategorized
ISPY,ProShares S&P 500 High Income ETF,BATS,Uncategorized
ISRA,VanEck Israel ETF,NYSE ARCA,Uncategorized
ISRG,"Intuitive Surgical, Inc.",NASDAQ,Uncategorized
ISSB,IncomeSTKd 1x US Stocks & 1x Bitcoin Premium ETF,BATS,Uncategorized
ISSC,"Innovative Solutions and Support, Inc.",NASDAQ,Uncategorized
ISTB,iShares Core 1-5 Year USD Bond ETF,NASDAQ,Uncategorized
ISTR,Investar Holding Corporation,NASDAQ,Uncategorized
ISUL,GraniteShares 2x Long ISRG Daily ETF,NASDAQ,Uncategorized
ISVL,iShares International Developed Small Cap Value Factor ETF,BATS,Uncategorized
ISWN,Amplify BlackSwan ISWN ETF,NYSE ARCA,Uncategorized
IT,"Gartner, Inc.",NYSE,Uncategorized
ITA,iShares U.S. Aerospace & Defense ETF,BATS,Uncategorized
ITAN,Sparkline Intangible Value ETF,NYSE ARCA,Uncategorized
ITB,iShares U.S. Home Construction ETF,BATS,Uncategorized
ITDB,iShares LifePath Target Date 2030 ETF,NYSE ARCA,Uncategorized
ITDC,iShares LifePath Target Date 2035 ETF,NYSE ARCA,Uncategorized
ITDD,iShares LifePath Target Date 2040 ETF,NYSE ARCA,Uncategorized
ITDE,iShares LifePath Target Date 2045 ETF,NYSE ARCA,Uncategorized
ITDF,iShares LifePath Target Date 2050 ETF,NYSE ARCA,Uncategorized
ITDG,iShares LifePath Target Date 2055 ETF,NYSE ARCA,Uncategorized
ITDH,iShares LifePath Target Date 2060 ETF,NYSE ARCA,Uncategorized
ITDI,iShares LifePath Target Date 2065 ETF,NYSE ARCA,Uncategorized
ITDJ,iShares LifePath Target Date 2070 ETF,NYSE ARCA,Uncategorized
ITEQ,Amplify BlueStar Israel Technology ETF,NYSE ARCA,Uncategorized
ITGR,Integer Holdings Corporation,NYSE,Uncategorized
ITHA,ITHAX Acquisition Corp III,NASDAQ,Uncategorized
ITHAU,ITHAX Acquisition Corp III,NASDAQ,Uncategorized
ITHAW,ITHAX Acquisition Corp III - Warrants,NASDAQ,Uncategorized
ITIC,Investors Title Company,NASDAQ,Uncategorized
ITM,VanEck Intermediate Muni ETF,BATS,Uncategorized
ITOC,iTonic Holdings Ltd,NASDAQ,Uncategorized
ITOL,Tema International Durable Quality ETF,BATS,Uncategorized
ITOT,iShares Core S&P Total U.S. Stock Market ETF,NYSE ARCA,Uncategorized
ITP,"IT Tech Packaging, Inc.",NYSE MKT,Uncategorized
ITRG,Integra Resources Corp. Common Shares,NYSE MKT,Uncategorized
ITRI,"Itron, Inc.",NASDAQ,Uncategorized
ITRM,Iterum Therapeutics plc - Ordinary Share,NASDAQ,Uncategorized
ITRN,Ituran Location and Control Ltd. - Ordinary Shares,NASDAQ,Uncategorized
ITT,ITT Inc.,NYSE,Uncategorized
ITUB,Itau Unibanco Banco Holding SA American Depositary Shares (Each repstg 500 Preferred shares),NYSE,Uncategorized
ITW,Illinois Tool Works Inc.,NYSE,Uncategorized
ITWO,ProShares Russell 2000 High Income ETF,BATS,Uncategorized
IUS,Invesco RAFI Strategic US ETF,NASDAQ,Uncategorized
IUSB,iShares Core Universal USD Bond ETF,NASDAQ,Uncategorized
IUSG,iShares Core S&P U.S. Growth ETF,NASDAQ,Uncategorized
IUSV,iShares Core S&P U.S. Value ETF,NASDAQ,Uncategorized
IVA,Inventiva S.A. - American Depository Shares,NASDAQ,Uncategorized
IVAL,Alpha Architect International Quantitative Value ETF,NASDAQ,Uncategorized
IVDA,"Iveda Solutions, Inc.",NASDAQ,Uncategorized
IVDAW,"Iveda Solutions, Inc. - Warrant",NASDAQ,Uncategorized
IVE,iShares S&P 500 Value ETF,NYSE ARCA,Uncategorized
IVES,Dan IVES Wedbush AI Revolution ETF,NYSE ARCA,Uncategorized
IVF,"INVO Fertility, Inc.",NASDAQ,Uncategorized
IVLU,iShares MSCI Intl Value Factor ETF,NYSE ARCA,Uncategorized
IVOG,Vanguard S&P Mid-Cap 400 Growth ETF,NYSE ARCA,Uncategorized
IVOL,Quadratic Interest Rate Volatility and Inflation Hedge ETF,NYSE ARCA,Uncategorized
IVOO,Vanguard S&P Mid-Cap 400 ETF,NYSE ARCA,Uncategorized
IVOV,Vanguard S&P Mid-Cap 400 Value ETF,NYSE ARCA,Uncategorized
IVR,INVESCO MORTGAGE CAPITAL INC,NYSE,Uncategorized
IVR$C,"INVESCO MORTGAGE CAPITAL INC 7.5% Fixed-to-Floating Series C Cumulative Redeemable Preferred Stock, Liquation Preference $25.00 per Share",NYSE,Uncategorized
IVRS,iShares Future Metaverse Tech and Communications ETF,NYSE ARCA,Uncategorized
IVSI,Applied Finance IVS International Large ETF,NASDAQ,Uncategorized
IVSS,Applied Finance IVS US SMID ETF,NASDAQ,Uncategorized
IVSX,Applied Finance IVS International SMID ETF,NASDAQ,Uncategorized
IVT,InvenTrust Properties Corp.,NYSE,Uncategorized
IVV,iShares Core S&P 500 ETF,NYSE ARCA,Uncategorized
IVVB,iShares Large Cap Deep Quarterly Laddered ETF,BATS,Uncategorized
IVVD,"Invivyd, Inc.",NASDAQ,Uncategorized
IVVM,iShares Large Cap Moderate Quarterly Laddered ETF,BATS,Uncategorized
IVVW,iShares S&P 500 BuyWrite ETF,BATS,Uncategorized
IVW,iShares S&P 500 Growth ETF,NYSE ARCA,Uncategorized
IVZ,Invesco Ltd,NYSE,Uncategorized
IWB,iShares Russell 1000 ETF,NYSE ARCA,Uncategorized
IWC,iShares Microcap ETF,NYSE ARCA,Uncategorized
IWD,iShares Russell 1000 Value ETF,NYSE ARCA,Uncategorized
IWDL,ETRACS 2x Leveraged US Value Factor TR ETN,NYSE ARCA,Uncategorized
IWF,iShares Russell 1000 Growth Fund,NYSE ARCA,Uncategorized
IWFG,NYLI Winslow Focused Large Cap Growth ETF,NYSE ARCA,Uncategorized
IWFL,ETRACS 2x Leveraged US Growth Factor TR ETN,NYSE ARCA,Uncategorized
IWL,iShares Russell Top 200 ETF,NYSE ARCA,Uncategorized
IWLG,NYLI Winslow Large Cap Growth ETF,NYSE ARCA,Uncategorized
IWM,iShares Russell 2000 ETF,NYSE ARCA,Uncategorized
IWMI,NEOS Russell 2000 High Income ETF,BATS,Uncategorized
IWML,ETRACS 2x Leveraged US Size Factor TR ETN,NYSE ARCA,Uncategorized
IWMW,iShares Russell 2000 BuyWrite ETF,BATS,Uncategorized
IWMY,Defiance R2000 Weekly Distribution ETF,NYSE ARCA,Uncategorized
IWN,iShares Russell 2000 Value ETF,NYSE ARCA,Uncategorized
IWO,iShares Russell 2000 Growth Fund,NYSE ARCA,Uncategorized
IWP,iShares Russell Midcap Growth ETF,NYSE ARCA,Uncategorized
IWR,iShares Russell Mid-Cap ETF,NYSE ARCA,Uncategorized
IWS,iShares Russell Mid-Cap Value ETF,NYSE ARCA,Uncategorized
IWV,iShares Russell 3000 Fund,NYSE ARCA,Uncategorized
IWX,iShares Russell Top 200 Value ETF,NYSE ARCA,Uncategorized
IWY,iShares Russell Top 200 Growth ETF,NYSE ARCA,Uncategorized
IX,ORIX Corporation American Depositary Shares,NYSE,Uncategorized
IXC,iShares Global Energy ETF,NYSE ARCA,Uncategorized
IXG,iShares Global Financial ETF,NYSE ARCA,Uncategorized
IXHL,Incannex Healthcare Inc.,NASDAQ,Uncategorized
IXJ,iShares Global Healthcare ETF,NYSE ARCA,Uncategorized
IXN,iShares Global Tech ETF,NYSE ARCA,Uncategorized
IXP,iShares Global Comm Services ETF,NYSE ARCA,Uncategorized
IXUS,iShares Core MSCI Total International Stock ETF,NASDAQ,Uncategorized
IYC,iShares U.S. Consumer Discretionary ETF,NYSE ARCA,Uncategorized
IYE,iShares U.S. Energy ETF,NYSE ARCA,Uncategorized
IYF,iShares U.S. Financial ETF,NYSE ARCA,Uncategorized
IYG,iShares U.S. Financial Services ETF,NYSE ARCA,Uncategorized
IYH,iShares U.S. Healthcare ETF,NYSE ARCA,Uncategorized
IYJ,iShares U.S. Industrials ETF,BATS,Uncategorized
IYK,iShares U.S. Consumer Staples ETF,NYSE ARCA,Uncategorized
IYLD,iShares Morningstar Multi-Asset Income ETF,BATS,Uncategorized
IYM,iShares U.S. Basic Materials ETF,NYSE ARCA,Uncategorized
IYR,iShares U.S. Real Estate ETF,NYSE ARCA,Uncategorized
IYRI,NEOS Real Estate High Income ETF,BATS,Uncategorized
IYT,iShares U.S. Transportation ETF,BATS,Uncategorized
IYW,iShares U.S. Technology ETF,NYSE ARCA,Uncategorized
IYY,iShares Dow Jones U.S. ETF,NYSE ARCA,Uncategorized
IYZ,iShares U.S. Telecommunications ETF,BATS,Uncategorized
IZEA,"IZEA Worldwide, Inc.",NASDAQ,Uncategorized
IZM,ICZOOM Group Inc.,NASDAQ,Uncategorized
IZRL,ARK Israel Innovative Technology ETF,BATS,Uncategorized
J,Jacobs Solutions Inc.,NYSE,Uncategorized
JA,Janus Henderson AA-A CLO ETF,NYSE ARCA,Uncategorized
JAAA,Janus Henderson AAA CLO ETF,NYSE ARCA,Uncategorized
JABS,Janus Henderson Asset-Backed Securities ETF,NYSE ARCA,Uncategorized
JACK,Jack In The Box Inc.,NASDAQ,Uncategorized
JACS,Jackson Acquisition Company II Class A Ordinary Shares,NYSE,Uncategorized
JACS.R,"Jackson Acquisition Company II Rights, each right to acquire one-tenth (1/10) of one Class A ordinary share",NYSE,Uncategorized
JACS.U,"Jackson Acquisition Company II Units, each consisting of one Class A ordinary share and one right to acquire one-tenth (1/10) of one Class A ordinary share",NYSE,Uncategorized
JADE,JPMorgan Active Developing Markets Equity ETF,NYSE ARCA,Uncategorized
JAGU,Jaguar Uranium Corp. Class A Common Shares,NYSE MKT,Uncategorized
JAGX,"Jaguar Health, Inc.",NASDAQ,Uncategorized
JAJL,Innovator Equity Defined Protection ETF - 6mo Jan/Jul,BATS,Uncategorized
JAKK,"JAKKS Pacific, Inc.",NASDAQ,Uncategorized
JANB,Aptus January Buffer ETF,BATS,Uncategorized
JANH,Innovator Premium Income 20 Barrier ETF - January,BATS,Uncategorized
JANI,AllianzIM International Equity Buffer15 Uncapped Jan ETF,BATS,Uncategorized
JANJ,Innovator Premium Income 30 Barrier ETF - January,BATS,Uncategorized
JANM,FT Vest U.S. Equity Max Buffer ETF - January,BATS,Uncategorized
JANP,PGIM S&P 500 Buffer 12 ETF - January,BATS,Uncategorized
JANT,AllianzIM U.S. Large Cap Buffer10 Jan ETF,BATS,Uncategorized
JANU,AllianzIM U.S. Equity Buffer15 Uncapped Jan ETF,BATS,Uncategorized
JANW,AllianzIM U.S. Large Cap Buffer20 Jan ETF,BATS,Uncategorized
JANX,"Janux Therapeutics, Inc.",NASDAQ,Uncategorized
JANZ,TrueShares Structured Outcome (January) ETF,BATS,Uncategorized
JAPN,Horizon Kinetics Japan Owner Operator ETF,NASDAQ,Uncategorized
JAVA,JPMorgan Active Value ETF,NYSE ARCA,Uncategorized
JAZZ,Jazz Pharmaceuticals plc - Ordinary Shares,NASDAQ,Uncategorized
JBBB,Janus Henderson B-BBB CLO ETF,BATS,Uncategorized
JBDI,JBDI Holdings Limited - Ordinary Shares,NASDAQ,Uncategorized
JBGS,JBG SMITH Properties Common Shares,NYSE,Uncategorized
JBHT,"J.B. Hunt Transport Services, Inc.",NASDAQ,Uncategorized
JBI,"Janus International Group, Inc.",NYSE,Uncategorized
JBIO,"Jade Biosciences, Inc.",NASDAQ,Uncategorized
JBK,Lehman ABS 3.50 3.50% Adjustable Corp Backed Tr Certs GS Cap I,NYSE,Uncategorized
JBL,Jabil Inc.,NYSE,Uncategorized
JBLU,JetBlue Airways Corporation,NASDAQ,Uncategorized
JBND,JPMorgan Active Bond ETF,NYSE,Uncategorized
JBS,JBS N.V. Class A Common Shares,NYSE,Uncategorized
JBSS,"John B. Sanfilippo & Son, Inc.",NASDAQ,Uncategorized
JBTM,JBT Marel Corporation,NYSE,Uncategorized
JCAP,"Jefferson Capital, Inc.",NASDAQ,Uncategorized
JCE,Nuveen Core Equity Alpha Fund Common Shares of Beneficial Interest,NYSE,Uncategorized
JCHI,JPMorgan Active China ETF,NYSE ARCA,Uncategorized
JCI,Johnson Controls International plc Ordinary Share,NYSE,Uncategorized
JCPB,JPMorgan Core Plus Bond ETF,BATS,Uncategorized
JCPI,JPMorgan Inflation Managed Bond ETF,BATS,Uncategorized
JCSE,JE Cleantech Holdings Limited - Ordinary Shares,NASDAQ,Uncategorized
JCTC,Jewett-Cameron Trading Company - Common Shares,NASDAQ,Uncategorized
JD,"JD.com, Inc. - American Depositary Shares",NASDAQ,Uncategorized
JDIV,JPMorgan Dividend Leaders ETF,NYSE ARCA,Uncategorized
JDOC,JPMorgan Healthcare Leaders ETF,NASDAQ,Uncategorized
JDST,Direxion Daily Junior Gold Miners Index Bear 2X Shares,NYSE ARCA,Uncategorized
JDVI,John Hancock Disciplined Value International Select ETF,NYSE ARCA,Uncategorized
JDVL,John Hancock Disciplined Value Select ETF,NYSE ARCA,Uncategorized
JDZG,JIADE LIMITED,NASDAQ,Uncategorized
JEDI,Defiance Drone and Modern Warfare ETF,NYSE ARCA,Uncategorized
JEF,Jefferies Financial Group Inc.,NYSE,Uncategorized
JELD,"JELD-WEN Holding, Inc.",NYSE,Uncategorized
JEM,707 Cayman Holdings Limited - Ordinary Shares,NASDAQ,Uncategorized
JEMA,JPMorgan ActiveBuilders Emerging Markets Equity ETF,BATS,Uncategorized
JEMB,Janus Henderson Emerging Markets Debt Hard Currency ETF,NYSE ARCA,Uncategorized
JENA,Jena Acquisition Corporation II Class A Ordinary Shares,NYSE,Uncategorized
JENA.R,"Jena Acquisition Corporation II Rights, each right to acquire one-twentieth (1/20) of one Class A ordinary share",NYSE,Uncategorized
JENA.U,"Jena Acquisition Corporation II Units, each consisting of one Class A ordinary share and one right",NYSE,Uncategorized
JEPI,JPMorgan Equity Premium Income ETF,NYSE ARCA,Uncategorized
JEPQ,JPMorgan Nasdaq Equity Premium Income ETF,NASDAQ,Uncategorized
JETD,MAX Airlines -3X Inverse Leveraged ETNs,NYSE ARCA,Uncategorized
JETS,U.S. Global Jets ETF,NYSE ARCA,Uncategorized
JETU,MAX Airlines 3X Leveraged ETNs,NYSE ARCA,Uncategorized
JF,J and Friends Holdings Limited - American Depositary Shares,NASDAQ,Uncategorized
JFB,JFB Construction Holdings - Class A,NASDAQ,Uncategorized
JFBR,Jeffs' Brands Ltd - Ordinary Shares,NASDAQ,Uncategorized
JFBRW,Jeffs' Brands Ltd - Warrant,NASDAQ,Uncategorized
JFIN,Jiayin Group Inc. - American Depositary Shares,NASDAQ,Uncategorized
JFLI,JPMorgan Flexible Income ETF,NYSE ARCA,Uncategorized
JFLX,JPMorgan Flexible Debt ETF,NYSE ARCA,Uncategorized
JFR,Nuveen Floating Rate Income Fund,NYSE,Uncategorized
JFU,9F Inc. - American Depositary Shares,NASDAQ,Uncategorized
JG,Aurora Mobile Limited - American Depositary Shares,NASDAQ,Uncategorized
JGH,Nuveen Global High Income Fund Common Shares of Beneficial Interest,NYSE,Uncategorized
JGLO,JPMorgan Global Select Equity ETF,NASDAQ,Uncategorized
JGRO,JPMorgan Active Growth ETF,NYSE ARCA,Uncategorized
JGRW,Jensen Quality Growth ETF,NYSE ARCA,Uncategorized
JHAC,John Hancock Fundamental All Cap Core ETF,NYSE ARCA,Uncategorized
JHAI,Janus Henderson Global Artificial Intelligence ETF,NASDAQ,Uncategorized
JHCB,John Hancock Corporate Bond ETF,NYSE ARCA,Uncategorized
JHCP,John Hancock Core Plus Bond ETF,NYSE ARCA,Uncategorized
JHCR,John Hancock Core Bond ETF,NYSE ARCA,Uncategorized
JHDV,John Hancock U.S. High Dividend ETF,NYSE ARCA,Uncategorized
JHEM,John Hancock Multifactor Emerging Markets ETF,NYSE ARCA,Uncategorized
JHG,Janus Henderson Group plc Ordinary Shares,NYSE,Uncategorized
JHHY,John Hancock High Yield ETF,NYSE ARCA,Uncategorized
JHI,John Hancock Investors Trust,NYSE,Uncategorized
JHID,John Hancock International High Dividend ETF,NYSE ARCA,Uncategorized
JHLN,John Hancock Global Senior Loan ETF,NYSE ARCA,Uncategorized
JHMB,John Hancock Mortgage-Backed Securities ETF,NYSE ARCA,Uncategorized
JHMD,John Hancock Multifactor Developed International ETF,NYSE ARCA,Uncategorized
JHML,John Hancock Multifactor Large Cap ETF,NYSE ARCA,Uncategorized
JHMM,John Hancock Multifactor Mid Cap ETF,NYSE ARCA,Uncategorized
JHMU,John Hancock Dynamic Municipal Bond ETF,NYSE ARCA,Uncategorized
JHPI,John Hancock Preferred Income ETF,NYSE ARCA,Uncategorized
JHS,John Hancock Income Securities Trust,NYSE,Uncategorized
JHSC,John Hancock Multifactor Small Cap ETF,NYSE ARCA,Uncategorized
JHX,James Hardie Industries plc. Ordinary Shares,NYSE,Uncategorized
JIDE,JPMorgan International Dynamic ETF,NYSE ARCA,Uncategorized
JIG,JPMorgan International Growth ETF,NYSE ARCA,Uncategorized
JIII,Janus Henderson Income ETF,NYSE ARCA,Uncategorized
JILL,"J. Jill, Inc.",NYSE,Uncategorized
JIRE,JPMorgan International Research Enhanced Equity ETF,NYSE ARCA,Uncategorized
JIVE,JPMorgan International Value ETF,NASDAQ,Uncategorized
JJSF,J & J Snack Foods Corp.,NASDAQ,Uncategorized
JKHY,"Jack Henry & Associates, Inc.",NASDAQ,Uncategorized
JKS,JinkoSolar Holding Company Limited American Depositary Shares (each representing 4 Common Shares),NYSE,Uncategorized
JL,J-Long Group Limited,NASDAQ,Uncategorized
JLHL,Julong Holding Limited,NASDAQ,Uncategorized
JLL,Jones Lang LaSalle Incorporated,NYSE,Uncategorized
JLQD,Janus Henderson Corporate Bond ETF,NYSE ARCA,Uncategorized
JLS,Nuveen Mortgage and Income Fund,NYSE,Uncategorized
JMBS,Janus Henderson Mortgage-Backed Securities ETF,NYSE ARCA,Uncategorized
JMEE,JPMorgan Small & Mid Cap Enhanced Equity ETF,NYSE ARCA,Uncategorized
JMG,JM Group Limited Ordinary Shares,NYSE MKT,Uncategorized
JMHI,JPMorgan High Yield Municipal ETF,NYSE ARCA,Uncategorized
JMIA,"Jumia Technologies AG American Depositary Shares, each representing two Ordinary Shares",NYSE,Uncategorized
JMID,Janus Henderson Mid Cap Growth Alpha ETF,NASDAQ,Uncategorized
JMM,Nuveen Multi-Market Income Fund (MA),NYSE,Uncategorized
JMMF,JPMorgan 100% U.S. Treasury Securities Money Market ETF,NYSE ARCA,Uncategorized
JMOM,JPMorgan U.S. Momentum Factor ETF,NYSE ARCA,Uncategorized
JMSB,"John Marshall Bancorp, Inc.",NASDAQ,Uncategorized
JMSI,JPMorgan Sustainable Municipal Income ETF,NYSE ARCA,Uncategorized
JMST,JPMorgan Ultra-Short Municipal Income ETF,BATS,Uncategorized
JMTG,JPMorgan Mortgage-Backed Securities ETF,NYSE ARCA,Uncategorized
JMUB,JPMorgan Municipal ETF,BATS,Uncategorized
JNEU,AllianzIM U.S. Equity Buffer15 Uncapped June ETF,BATS,Uncategorized
JNJ,Johnson & Johnson,NYSE,Uncategorized
JNK,State Street SPDR Bloomberg High Yield Bond ETF,NYSE ARCA,Uncategorized
JNUG,Direxion Daily Junior Gold Miners Index Bull 2X Shares,NYSE ARCA,Uncategorized
JOB,GEE Group Inc.,NYSE MKT,Uncategorized
JOBX,Tradr 2X Long JOBY Daily ETF,BATS,Uncategorized
JOBY,"Joby Aviation, Inc.",NYSE,Uncategorized
JOBY.W,"Joby Aviation, Inc. Warrants",NYSE,Uncategorized
JOE,St. Joe Company (The),NYSE,Uncategorized
JOET,Virtus Terranova U.S. Quality Momentum ETF,NYSE ARCA,Uncategorized
JOF,Japan Smaller Capitalization Fund Inc,NYSE,Uncategorized
JOJO,ATAC Credit Rotation ETF,NYSE ARCA,Uncategorized
JOUT,Johnson Outdoors Inc. - Class A,NASDAQ,Uncategorized
JOYT,JPMorgan Equity and Options Total Return ETF,BATS,Uncategorized
JOYY,JOYY Inc. - American Depositary Shares,NASDAQ,Uncategorized
JPAN,Matthews Japan Active ETF,NYSE ARCA,Uncategorized
JPC,Nuveen Preferred & Income Opportunities Fund,NYSE,Uncategorized
JPEF,JPMorgan Equity Focus ETF,NASDAQ,Uncategorized
JPEM,JPMorgan Diversified Return Emerging Markets Equity ETF,NYSE ARCA,Uncategorized
JPHY,JPMorgan Active High Yield ETF,BATS,Uncategorized
JPIB,JPMorgan International Bond Opportunities ETF,BATS,Uncategorized
JPIE,JPMorgan Income ETF,NYSE ARCA,Uncategorized
JPIN,JPMorgan Diversified Return International Equity ETF,NYSE ARCA,Uncategorized
JPLD,JPMorgan Limited Duration Bond ETF,BATS,Uncategorized
JPM,JP Morgan Chase & Co.,NYSE,Uncategorized
JPM$C,"J P Morgan Chase & Co Depositary Shares, each representing a 1/400th interest in a share of 6.00% Non-Cumulative  Preferred Stock, Series EE",NYSE,Uncategorized
JPM$D,"J P Morgan Chase & Co Depositary Shares, each representing a 1/400th  interest in a share of 5.75% Non-Cumulative  Preferred Stock, Series DD",NYSE,Uncategorized
JPM$J,"J P Morgan Chase & Co Depositary Shares, each representing a 1/400th interest in a share of JPMorgan Chase & Co. 4.75% Non-Cumulative Preferred Stock, Series GG",NYSE,Uncategorized
JPM$K,"J P Morgan Chase & Co Depositary Shares, each representing a 1/400th interest in a share of 4.55% Non-Cumulative Preferred Stock, Series JJ",NYSE,Uncategorized
JPM$L,"J P Morgan Chase & Co Depositary Shares, each representing a 1/400th interest in a share of 4.625% Non-Cumulative Preferred Stock, Series LL",NYSE,Uncategorized
JPM$M,"J P Morgan Chase & Co Depositary Shares, each representing a 1/400th interest in a share of 4.20% Non-Cumulative Preferred Stock, Series MM",NYSE,Uncategorized
JPMB,JPMorgan USD Emerging Markets Sovereign Bond ETF,NYSE ARCA,Uncategorized
JPME,JPMorgan Diversified Return U.S. Mid Cap Equity ETF,NYSE ARCA,Uncategorized
JPMO,YieldMax JPM Option Income Strategy ETF,NYSE ARCA,Uncategorized
JPRE,JPMorgan Realty Income ETF,NYSE ARCA,Uncategorized
JPSE,JPMorgan Diversified Return U.S. Small Cap Equity ETF,NYSE ARCA,Uncategorized
JPST,JPMorgan Ultra-Short Income ETF,NYSE ARCA,Uncategorized
JPSV,JPMorgan Active Small Cap Value ETF,NYSE ARCA,Uncategorized
JPUS,JPMorgan Diversified Return U.S. Equity ETF,NYSE ARCA,Uncategorized
JPXN,iShares JPX-Nikkei 400 ETF,NYSE ARCA,Uncategorized
JPY,Lazard Japanese Equity ETF,NASDAQ,Uncategorized
JQC,Nuveen Credit Strategies Income Fund Shares of Beneficial Interest,NYSE,Uncategorized
JQUA,JPMorgan U.S. Quality Factor ETF,NYSE ARCA,Uncategorized
JRE,Janus Henderson U.S. Real Estate ETF,NYSE ARCA,Uncategorized
JRI,Nuveen Real Asset Income and Growth Fund Common Shares of Beneficial Interest,NYSE,Uncategorized
JRI.R,"Nuveen Real Asset Income and Growth Fund Rights (expiring March 9, 2026) Rights",NYSE,Uncategorized
JRS,Nuveen Real Estate Income Fund Common Shares of Beneficial Interest,NYSE,Uncategorized
JRSH,"Jerash Holdings (US), Inc.",NASDAQ,Uncategorized
JRVR,"James River Group Holdings, Inc.",NASDAQ,Uncategorized
JSCP,JPMorgan Short Duration Core Plus ETF,NYSE ARCA,Uncategorized
JSI,Janus Henderson Securitized Income ETF,NYSE ARCA,Uncategorized
JSM,"Navient Corporation - 6% Senior Notes due December 15, 2043",NASDAQ,Uncategorized
JSMD,Janus Henderson Small/Mid Cap Growth Alpha ETF,NASDAQ,Uncategorized
JSML,Janus Henderson Small Cap Growth Alpha ETF,NASDAQ,Uncategorized
JSPR,"Jasper Therapeutics, Inc. - Class A",NASDAQ,Uncategorized
JSPRW,"Jasper Therapeutics, Inc. - Warrant",NASDAQ,Uncategorized
JSTC,Adasina Social Justice All Cap Global ETF,NYSE ARCA,Uncategorized
JTAI,Jet.AI Inc.,NASDAQ,Uncategorized
JTEK,JPMorgan U.S. Tech Leaders ETF,NASDAQ,Uncategorized
JUCY,Aptus Enhanced Yield ETF,BATS,Uncategorized
JULB,Aptus July Buffer ETF,BATS,Uncategorized
JULH,Innovator Premium Income 20 Barrier ETF - July,BATS,Uncategorized
JULJ,Innovator Premium Income 30 Barrier ETF - July,BATS,Uncategorized
JULM,FT Vest U.S. Equity Max Buffer ETF - July,BATS,Uncategorized
JULP,PGIM S&P 500 Buffer 12 ETF - July,BATS,Uncategorized
JULT,AllianzIM U.S. Large Cap Buffer10 Jul ETF,BATS,Uncategorized
JULU,AllianzIM U.S. Equity Buffer15 Uncapped Jul ETF,BATS,Uncategorized
JULW,AllianzIM U.S. Large Cap Buffer20 Jul ETF,BATS,Uncategorized
JULZ,TrueShares Structured Outcome (July) ETF,BATS,Uncategorized
JUNM,FT Vest U.S. Equity Max Buffer ETF - June,BATS,Uncategorized
JUNP,PGIM S&P 500 Buffer 12 ETF - June,BATS,Uncategorized
JUNS,"Jupiter Neurosciences, Inc.",NASDAQ,Uncategorized
JUNT,AllianzIM U.S. Large Cap Buffer10 Jun ETF,BATS,Uncategorized
JUNW,AllianzIM U.S. Large Cap Buffer20 Jun ETF,BATS,Uncategorized
JUNZ,TrueShares Structured Outcome (June) ETF,BATS,Uncategorized
JUSA,JPMorgan U.S. Research Enhanced Large Cap ETF,NYSE ARCA,Uncategorized
JUST,Goldman Sachs JUST U.S. Large Cap Equity ETF,NYSE ARCA,Uncategorized
JVA,"Coffee Holding Co., Inc.",NASDAQ,Uncategorized
JVAL,JPMorgan U.S. Value Factor ETF,NYSE ARCA,Uncategorized
JWEL,Jowell Global Ltd. - Ordinary Shares,NASDAQ,Uncategorized
JXG,JX Luxventure Group Inc.,NASDAQ,Uncategorized
JXI,iShares Global Utilities ETF,NYSE ARCA,Uncategorized
JXN,Jackson Financial Inc. Class A,NYSE,Uncategorized
JXN$A,"Jackson Financial Inc. Depositary Shares, each representing a 1/1,000th interest in a share of Fixed-Rate Reset Noncumulative Perpetual Preferred Stock, Series A",NYSE,Uncategorized
JXX,Janus Henderson Transformational Growth ETF,BATS,Uncategorized
JYD,Jayud Global Logistics Limited,NASDAQ,Uncategorized
JYNT,The Joint Corp.,NASDAQ,Uncategorized
JZ,Jianzhi Education Technology Group Company Limited - American Depositary Shares,NASDAQ,Uncategorized
JZXN,"Jiuzi Holdings, Inc. - Ordinary Shares",NASDAQ,Uncategorized
KAI,Kadant Inc,NYSE,Uncategorized
KALA,"KALA BIO, Inc.",NASDAQ,Uncategorized
KALU,Kaiser Aluminum Corporation,NASDAQ,Uncategorized
KALV,"KalVista Pharmaceuticals, Inc.",NASDAQ,Uncategorized
KAMO,Kensington Credit Opportunities ETF,BATS,Uncategorized
KAPA,"Kairos Pharma, Ltd.",NYSE MKT,Uncategorized
KAPR,Innovator U.S. Small Cap Power Buffer ETF - April,BATS,Uncategorized
KARO,Karooooo Ltd. - Ordinary shares,NASDAQ,Uncategorized
KARS,KraneShares Electric Vehicles and Future Mobility Index ETF,NYSE ARCA,Uncategorized
KAT,Scharf ETF,NASDAQ,Uncategorized
KAUG,Innovator US Small Cap Power Buffer ETF - August,BATS,Uncategorized
KB,KB Financial Group Inc,NYSE,Uncategorized
KBA,KraneShares Bosera MSCI China A 50 Connect Index ETF,NYSE ARCA,Uncategorized
KBAB,KraneShares 2x Long BABA Daily ETF,NASDAQ,Uncategorized
KBDC,"Kayne Anderson BDC, Inc.",NYSE,Uncategorized
KBDU,KraneShares 2x Long BIDU Daily ETF,NASDAQ,Uncategorized
KBE,State Street SPDR S&P Bank ETF,NYSE ARCA,Uncategorized
KBFR,Innovator U.S. Small Cap Managed 10 Buffer ETF,NYSE ARCA,Uncategorized
KBH,KB Home,NYSE,Uncategorized
KBON,Karbon Capital Partners Corp.,NASDAQ,Uncategorized
KBONU,Karbon Capital Partners Corp.,NASDAQ,Uncategorized
KBONW,Karbon Capital Partners Corp. - Warrant,NASDAQ,Uncategorized
KBR,"KBR, Inc.",NYSE,Uncategorized
KBSX,FST Corp. - Ordinary Shares,NASDAQ,Uncategorized
KBUF,KraneShares 90% KWEB Defined Outcome January 2027 ETF,NYSE ARCA,Uncategorized
KBWB,Invesco KBW Bank ETF,NASDAQ,Uncategorized
KBWD,Invesco KBW High Dividend Yield Financial ETF,NASDAQ,Uncategorized
KBWP,Invesco KBW Property & Casualty Insurance ETF,NASDAQ,Uncategorized
KBWY,Invesco KBW Premium Yield Equity REIT ETF,NASDAQ,Uncategorized
KC,Kingsoft Cloud Holdings Limited - American Depositary Shares,NASDAQ,Uncategorized
KCAI,KraneShares China Alpha Index ETF,NYSE ARCA,Uncategorized
KCCA,KraneShares California Carbon Allowance Strategy ETF,NYSE ARCA,Uncategorized
KCE,State Street SPDR S&P Capital Markets ETF,NYSE ARCA,Uncategorized
KCHV,Kochav Defense Acquisition Corp.,NASDAQ,Uncategorized
KCHVR,Kochav Defense Acquisition Corp. - Right,NASDAQ,Uncategorized
KCHVU,Kochav Defense Acquisition Corp.,NASDAQ,Uncategorized
KCOP,Kurv Copper & Mining Enhanced Income ETF,BATS,Uncategorized
KCSH,KraneShares Sustainable Ultra Short Duration Index ETF,NYSE ARCA,Uncategorized
KD,"Kyndryl Holdings, Inc.",NYSE,Uncategorized
KDEC,Innovator U.S. Small Cap Power Buffer ETF - December,BATS,Uncategorized
KDEF,PLUS Korea Defense Industry Index ETF,NYSE ARCA,Uncategorized
KDK,"Kodiak AI, Inc.",NASDAQ,Uncategorized
KDKRW,"Kodiak AI, Inc. - Warrant",NASDAQ,Uncategorized
KDP,Keurig Dr Pepper Inc.,NASDAQ,Uncategorized
KDRN,Kingsbarn Tactical Bond ETF,NYSE ARCA,Uncategorized
KDVD,Keeley Dividend ETF,NYSE ARCA,Uncategorized
KE,"Kimball Electronics, Inc.",NASDAQ,Uncategorized
KEAT,Keating Active ETF,NASDAQ,Uncategorized
KELYA,"Kelly Services, Inc. - Class A",NASDAQ,Uncategorized
KELYB,"Kelly Services, Inc. - Class B",NASDAQ,Uncategorized
KEMQ,KraneShares Emerging Markets Consumer Technology Index ETF,NYSE ARCA,Uncategorized
KEMX,KraneShares MSCI Emerging Markets ex China Index ETF,NYSE ARCA,Uncategorized
KEN,Kenon Holdings Ltd. Ordinary Shares,NYSE,Uncategorized
KEP,Korea Electric Power Corporation,NYSE,Uncategorized
KEQU,Kewaunee Scientific Corporation,NASDAQ,Uncategorized
KEUA,KraneShares European Carbon Allowance Strategy ETF,NYSE ARCA,Uncategorized
KEX,Kirby Corporation,NYSE,Uncategorized
KEY,KeyCorp,NYSE,Uncategorized
KEY$I,"KeyCorp Depositary Shares Each Representing a 1/40th Ownership Interest in a Share of Fixed-to-Floating Rate Perpetual Non-Cumulative Preferred Stock, Series E",NYSE,Uncategorized
KEY$J,"KeyCorp Depositary Shares each representing a 1/40th ownership interest in a share of Fixed Rate Perpetual Non-Cumulative Preferred Stock, Series F",NYSE,Uncategorized
KEY$K,"KeyCorp Depositary Shares, each representing a 1/40th ownership interest in a share of Fixed Rate Perpetual Non-Cumulative Preferred Stock, Series G",NYSE,Uncategorized
KEY$L,"KeyCorp Depositary Shares each representing a 1/40th ownership interest in a share of Fixed Rate Perpetual Non-Cumulative Preferred Stock, Series H",NYSE,Uncategorized
KEYS,Keysight Technologies Inc.,NYSE,Uncategorized
KF,"Korea Fund, Inc. (The) New",NYSE,Uncategorized
KFEB,Innovator U.S. Small Cap Power Buffer ETF - February,BATS,Uncategorized
KFFB,Kentucky First Federal Bancorp,NASDAQ,Uncategorized
KFII,K&F Growth Acquisition Corp. II,NASDAQ,Uncategorized
KFIIR,K&F Growth Acquisition Corp. II - Rights,NASDAQ,Uncategorized
KFIIU,K&F Growth Acquisition Corp. II,NASDAQ,Uncategorized
KFRC,"Kforce, Inc.",NYSE,Uncategorized
KFS,"Kingsway Financial Services, Inc. Common Stock (DE)",NYSE,Uncategorized
KFY,Korn Ferry,NYSE,Uncategorized
KG,"Kestrel Group, Ltd.",NASDAQ,Uncategorized
KGC,Kinross Gold Corporation,NYSE,Uncategorized
KGEI,Kolibri Global Energy Inc.,NASDAQ,Uncategorized
KGLD,Kurv Gold Enhanced Income ETF,BATS,Uncategorized
KGRN,KraneShares MSCI China Clean Technology Index ETF,NYSE ARCA,Uncategorized
KGS,"Kodiak Gas Services, Inc.",NYSE,Uncategorized
KHC,The Kraft Heinz Company,NASDAQ,Uncategorized
KHPI,Managed Portfolio Series Kensington Hedged Premium Income ETF,BATS,Uncategorized
KHYB,KraneShares Asia Pacific High Income USD Bond ETF,NYSE ARCA,Uncategorized
KIDS,OrthoPediatrics Corp.,NASDAQ,Uncategorized
KIDZ,"Classover Holdings, Inc. - Class B",NASDAQ,Uncategorized
KIDZW,"Classover Holdings, Inc. - Warrants",NASDAQ,Uncategorized
KIE,State Street SPDR S&P Insurance ETF,NYSE ARCA,Uncategorized
KIM,Kimco Realty Corporation (HC),NYSE,Uncategorized
KIM$L,"Kimco Realty Corporation Class L Depositary Shares, each of which represents a one-one thousandth fractional interest in a share of 5.125% Class L Cumulative Redeemable Preferred Stock, liquidation preference $25,000.00 per share",NYSE,Uncategorized
KIM$M,"Kimco Realty Corporation Class M Depositary Shares, each of which represents a one-one thousandth fractional interest in a share of 5.25% Class M Cumulative Redeemable Preferred Stock, liquidation preference $25,000.00 per share",NYSE,Uncategorized
KIM$N,"Kimco Realty Corporation Depositary Shares, each representing 1/1,000th interest in a share of 7.25% Class N Cumulative Convertible Perpetual Preferred Stock",NYSE,Uncategorized
KINS,"Kingstone Companies, Inc",NASDAQ,Uncategorized
KIO,KKR Income Opportunities Fund Common Shares,NYSE,Uncategorized
KIQQ,KraneShares InspereX Nasdaq Dynamic Buffered High Income Index ETF,NASDAQ,Uncategorized
KITT,"Nauticus Robotics, Inc.",NASDAQ,Uncategorized
KITTW,"Nauticus Robotics, Inc. - Warrant",NASDAQ,Uncategorized
KJAN,Innovator U.S. Small Cap Power Buffer ETF - January,BATS,Uncategorized
KJD,KraneShares 2x Long JD Daily ETF,NASDAQ,Uncategorized
KJUL,Innovator U.S. Small Cap Power Buffer ETF - July,BATS,Uncategorized
KJUN,Innovator U.S. Small Cap Power Buffer ETF - June,BATS,Uncategorized
KKR,KKR & Co. Inc.,NYSE,Uncategorized
KKR$D,KKR & Co. Inc. 6.25% Series D Mandatory Convertible Preferred Stock,NYSE,Uncategorized
KKRS,KKR Group Finance Co. IX LLC 4.625% Subordinated Notes due 2061,NYSE,Uncategorized
KKRT,KKR & Co. Inc. 6.875% Subordinated Notes due 2065,NYSE,Uncategorized
KLAC,KLA Corporation,NASDAQ,Uncategorized
KLAG,Leverage Shares 2x Long KLAC Daily ETF,NASDAQ,Uncategorized
KLAR,Klarna Group plc Ordinary Shares,NYSE,Uncategorized
KLC,"KinderCare Learning Companies, Inc.",NYSE,Uncategorized
KLIC,"Kulicke and Soffa Industries, Inc.",NASDAQ,Uncategorized
KLIP,KraneShares KWEB Covered Call Strategy ETF,NYSE ARCA,Uncategorized
KLMN,Invesco MSCI North America Climate ETF,NYSE ARCA,Uncategorized
KLMT,Invesco MSCI Global Climate 500 ETF,NYSE ARCA,Uncategorized
KLRS,"Kalaris Therapeutics, Inc.",NASDAQ,Uncategorized
KLTO,"Klotho Neurosciences, Inc.",NASDAQ,Uncategorized
KLTOW,"Klotho Neurosciences, Inc. - Warrants",NASDAQ,Uncategorized
KLTR,"Kaltura, Inc.",NASDAQ,Uncategorized
KLXE,"KLX Energy Services Holdings, Inc.",NASDAQ,Uncategorized
KLXY,KraneShares Global Luxury Index ETF,NYSE ARCA,Uncategorized
KMAR,Innovator U.S. Small Cap Power Buffer ETF - March,BATS,Uncategorized
KMAY,Innovator U.S. Small Cap Power Buffer ETF - May,BATS,Uncategorized
KMB,Kimberly-Clark Corporation,NASDAQ,Uncategorized
KMDA,Kamada Ltd. - Ordinary Shares,NASDAQ,Uncategorized
KMI,"Kinder Morgan, Inc.",NYSE,Uncategorized
KMID,Virtus KAR Mid-Cap ETF,NYSE ARCA,Uncategorized
KMLI,KraneShares 2x Long MELI Daily ETF,NASDAQ,Uncategorized
KMLM,KraneShares Mount Lucas Managed Futures Index Strategy ETF,NYSE ARCA,Uncategorized
KMPB,Kemper Corporation 5.875% Fixed-Rate Reset Junior Subordinated Debentures due 2062,NYSE,Uncategorized
KMPR,Kemper Corporation,NYSE,Uncategorized
KMRK,K-Tech Solutions Company Limited,NASDAQ,Uncategorized
KMT,Kennametal Inc.,NYSE,Uncategorized
KMTS,"Kestra Medical Technologies, Ltd.",NASDAQ,Uncategorized
KMX,CarMax Inc,NYSE,Uncategorized
KN,Knowles Corporation,NYSE,Uncategorized
KNCT,Invesco Next Gen Connectivity ETF,NYSE ARCA,Uncategorized
KNDI,"Kandi Technologies Group, Inc. - Ordinary Shares",NASDAQ,Uncategorized
KNF,Knife Riv Holding Co.,NYSE,Uncategorized
KNG,FT Vest S&P 500 Dividend Aristocrats Target Income ETF,BATS,Uncategorized
KNGZ,First Trust S&P 500 Diversified Dividend Aristocrats ETF,NASDAQ,Uncategorized
KNO,AXS Knowledge Leaders ETF,NYSE ARCA,Uncategorized
KNOP,KNOT Offshore Partners LP Common Units representing Limited Partner Interests,NYSE,Uncategorized
KNOV,Innovator U.S. Small Cap Power Buffer ETF - November,BATS,Uncategorized
KNOW,Fundamentals First ETF Fundamentals First ETF,BATS,Uncategorized
KNRG,Simplify Kayne Anderson Energy and Infrastructure Credit ETF,NYSE ARCA,Uncategorized
KNRX,KNOREX LTD. Class A Ordinary Shares,NYSE MKT,Uncategorized
KNSA,"Kiniksa Pharmaceuticals International, plc",NASDAQ,Uncategorized
KNSL,"Kinsale Capital Group, Inc.",NYSE,Uncategorized
KNTK,Kinetik Holdings Inc. Class A,NYSE,Uncategorized
KNX,Knight-Swift Transportation Holdings Inc.,NYSE,Uncategorized
KO,Coca-Cola Company (The),NYSE,Uncategorized
KOCT,Innovator U.S. Small Cap Power Buffer ETF - October,BATS,Uncategorized
KOD,Kodiak Sciences Inc,NASDAQ,Uncategorized
KODK,Eastman Kodak Company Common New,NYSE,Uncategorized
KOF,"Coca Cola Femsa S.A.B. de C.V.  American Depositary Shares, each representing 10 Units (each Unit consists of 3 Series B Shares and 5 Series L Shares)",NYSE,Uncategorized
KOID,KraneShares Global Humanoid and Embodied Intelligence Index ETF,NASDAQ,Uncategorized
KOKU,Xtrackers MSCI Kokusai Equity ETF,NYSE ARCA,Uncategorized
KOLD,ProShares UltraShort Bloomberg Natural Gas,NYSE ARCA,Uncategorized
KOMP,State Street SPDR S&P Kensho New Economies Composite ETF,NYSE ARCA,Uncategorized
KONG,Formidable Fortress ETF,BATS,Uncategorized
KOOL,North Shore Equity Rotation ETF,NYSE ARCA,Uncategorized
KOP,Koppers Holdings Inc.,NYSE,Uncategorized
KOPN,Kopin Corporation,NASDAQ,Uncategorized
KORE,"KORE Group Holdings, Inc.",NYSE,Uncategorized
KORP,American Century Diversified Corporate Bond ETF,NYSE ARCA,Uncategorized
KORU,Direxion Daily South Korea Bull 3X Shares,NYSE ARCA,Uncategorized
KOS,Kosmos Energy Ltd. Common Shares (DE),NYSE,Uncategorized
KOSS,Koss Corporation,NASDAQ,Uncategorized
KOYN,CSLM Digital Asset Acquisition Corp III,NASDAQ,Uncategorized
KOYNU,CSLM Digital Asset Acquisition Corp III,NASDAQ,Uncategorized
KOYNW,CSLM Digital Asset Acquisition Corp III - Warrants,NASDAQ,Uncategorized
KPDD,KraneShares 2x Long PDD Daily ETF,NASDAQ,Uncategorized
KPHO,KraneShares Dragon Capital Vietnam Growth Index ETF,NYSE ARCA,Uncategorized
KPLT,"Katapult Holdings, Inc.",NASDAQ,Uncategorized
KPLTW,"Katapult Holdings, Inc. - Warrant",NASDAQ,Uncategorized
KPRO,KraneShares 100% KWEB Defined Outcome January 2027 ETF,NYSE ARCA,Uncategorized
KPRX,"Kiora Pharmaceuticals, Inc.",NASDAQ,Uncategorized
KPTI,Karyopharm Therapeutics Inc.,NASDAQ,Uncategorized
KQQQ,Kurv Technology Titans Select ETF,NASDAQ,Uncategorized
KR,Kroger Company (The),NYSE,Uncategorized
KRAQU,KRAKacquisition Corp,NASDAQ,Uncategorized
KRBN,KraneShares Global Carbon Strategy ETF,NYSE ARCA,Uncategorized
KRC,Kilroy Realty Corporation,NYSE,Uncategorized
KRE,State Street SPDR S&P Regional Banking ETF,NYSE ARCA,Uncategorized
KREF,KKR Real Estate Finance Trust Inc.,NYSE,Uncategorized
KREF$A,KKR Real Estate Finance Trust Inc. 6.50% Series A Cumulative Redeemable Preferred Stock,NYSE,Uncategorized
KRG,Kite Realty Group Trust,NYSE,Uncategorized
KRKR,36Kr Holdings Inc. - American Depositary Shares,NASDAQ,Uncategorized
KRMA,Global X Conscious Companies ETF,NASDAQ,Uncategorized
KRMD,"KORU Medical Systems, Inc.",NASDAQ,Uncategorized
KRMN,Karman Holdings Inc.,NYSE,Uncategorized
KRNT,Kornit Digital Ltd. - Ordinary Shares,NASDAQ,Uncategorized
KRNY,Kearny Financial,NASDAQ,Uncategorized
KRO,Kronos Worldwide Inc,NYSE,Uncategorized
KROP,Global X AgTech & Food Innovation ETF,NASDAQ,Uncategorized
KROS,"Keros Therapeutics, Inc.",NASDAQ,Uncategorized
KRP,Kimbell Royalty Partners Common Units Representing Limited Partner Interests,NYSE,Uncategorized
KRRO,"Korro Bio, Inc.",NASDAQ,Uncategorized
KRSP,Rice Acquisition Corporation 3 Class A Ordinary Shares,NYSE,Uncategorized
KRSP.U,"Rice Acquisition Corporation 3 Units, each consisting of one Class A ordinary share, and one-sixth of one redeemable warrant",NYSE,Uncategorized
KRSP.W,"Rice Acquisition Corporation 3 Redeemable warrants, each whole warrant exercisable for one Class A ordinary share at an exercise price of $11.50",NYSE,Uncategorized
KRT,Karat Packaging Inc.,NASDAQ,Uncategorized
KRUS,"Kura Sushi USA, Inc. - Class A",NASDAQ,Uncategorized
KRYP,ProShares CoinDesk 20 Crypto ETF,NYSE ARCA,Uncategorized
KRYS,"Krystal Biotech, Inc.",NASDAQ,Uncategorized
KSA,iShares MSCI Saudi Arabia ETF,NYSE ARCA,Uncategorized
KSCP,"Knightscope, Inc. - Class A",NASDAQ,Uncategorized
KSEP,Innovator U.S. Small Cap Power Buffer ETF - September,BATS,Uncategorized
KSLV,Kurv Silver Enhanced Income ETF,BATS,Uncategorized
KSPI,Joint Stock Company Kaspi.kz - American Depository Shares,NASDAQ,Uncategorized
KSPY,KraneShares Hedgeye Hedged Equity Index ETF,NYSE ARCA,Uncategorized
KSS,Kohl's Corporation,NYSE,Uncategorized
KSTR,KraneShares SSE STAR Market 50 Index ETF,NYSE ARCA,Uncategorized
KT,KT Corporation,NYSE,Uncategorized
KTB,"Kontoor Brands, Inc.",NYSE,Uncategorized
KTCC,Key Tronic Corporation,NASDAQ,Uncategorized
KTEC,KraneShares Hang Seng TECH Index ETF,NYSE ARCA,Uncategorized
KTF,DWS Municipal Income Trust,NYSE,Uncategorized
KTH,Structures Products Cp 8% CorTS Issued by Peco Energy Cap Tr II Preferred Stock,NYSE,Uncategorized
KTN,Structured Products Corp 8.205% CorTS 8.205% Corporate Backed Trust Securities (CorTS),NYSE,Uncategorized
KTOS,"Kratos Defense & Security Solutions, Inc.",NASDAQ,Uncategorized
KTTA,Pasithea Therapeutics Corp.,NASDAQ,Uncategorized
KTTAW,Pasithea Therapeutics Corp. - Warrant,NASDAQ,Uncategorized
KTUP,T-REX 2X Long KTOS Daily Target ETF,BATS,Uncategorized
KTWO,K2 Capital Acquisition Corporation,NASDAQ,Uncategorized
KTWOR,K2 Capital Acquisition Corporation - Rights,NASDAQ,Uncategorized
KTWOU,K2 Capital Acquisition Corporation,NASDAQ,Uncategorized
KULR,"KULR Technology Group, Inc.",NYSE MKT,Uncategorized
KURA,"Kura Oncology, Inc.",NASDAQ,Uncategorized
KURE,KraneShares MSCI All China Health Care Index ETF,NYSE ARCA,Uncategorized
KUST,"Kustom Entertainment, Inc.",NASDAQ,Uncategorized
KVAC,Keen Vision Acquisition Corporation - Ordinary Shares,NASDAQ,Uncategorized
KVACU,Keen Vision Acquisition Corporation,NASDAQ,Uncategorized
KVACW,Keen Vision Acquisition Corporation - Warrant,NASDAQ,Uncategorized
KVHI,"KVH Industries, Inc.",NASDAQ,Uncategorized
KVLE,KraneShares Value Line Dynamic Dividend Equity Index ETF,NYSE ARCA,Uncategorized
KVUE,Kenvue Inc.,NYSE,Uncategorized
KVYO,"Klaviyo, Inc. Series A",NYSE,Uncategorized
KW,Kennedy-Wilson Holdings Inc.,NYSE,Uncategorized
KWEB,KraneShares CSI China Internet ETF,NYSE ARCA,Uncategorized
KWIN,KraneShares Wahed Alternative Income Index ETF,NYSE ARCA,Uncategorized
KWM,"K Wave Media, Ltd. - Ordinary Shares",NASDAQ,Uncategorized
KWMWW,"K Wave Media, Ltd. - Warrant",NASDAQ,Uncategorized
KWR,Quaker Houghton,NYSE,Uncategorized
KWT,iShares MSCI Kuwait ETF,BATS,Uncategorized
KXI,iShares Global Consumer Staples ETF,NYSE ARCA,Uncategorized
KXIN,Kaixin Holdings - Ordinary Shares,NASDAQ,Uncategorized
KYIV,Kyivstar Group Ltd. - Common Shares,NASDAQ,Uncategorized
KYIVW,Kyivstar Group Ltd. - Warrant,NASDAQ,Uncategorized
KYLD,Kurv High Income ETF,BATS,Uncategorized
KYMR,"Kymera Therapeutics, Inc.",NASDAQ,Uncategorized
KYN,"Kayne Anderson Energy Infrastructure Fund, Inc.",NYSE,Uncategorized
KYNB,"Kyntra Bio, Inc.",NASDAQ,Uncategorized
KYTX,"Kyverna Therapeutics, Inc.",NASDAQ,Uncategorized
KZIA,Kazia Therapeutics Limited - American Depositary Shares,NASDAQ,Uncategorized
KZR,"Kezar Life Sciences, Inc.",NASDAQ,Uncategorized
L,Loews Corporation,NYSE,Uncategorized
LAB,Standard BioTools Inc.,NASDAQ,Uncategorized
LABD,Direxion Daily S&P Biotech Bear 3X Shares,NYSE ARCA,Uncategorized
LABU,Direxion Daily S&P Biotech Bull 3X Shares,NYSE ARCA,Uncategorized
LABX,Tradr 2X Long ALAB Daily ETF,BATS,Uncategorized
LAC,Lithium Americas Corp. Common Shares,NYSE,Uncategorized
LACG,Leverage Shares 2X Long LAC Daily ETF,NASDAQ,Uncategorized
LAD,"Lithia Motors, Inc.",NYSE,Uncategorized
LADR,Ladder Capital Corp Class A,NYSE,Uncategorized
LAES,SEALSQ Corp - Ordinary Shares,NASDAQ,Uncategorized
LAFA,LaFayette Acquisition Corp. - Ordinary Share,NASDAQ,Uncategorized
LAFAR,LaFayette Acquisition Corp. - Rights,NASDAQ,Uncategorized
LAFAU,LaFayette Acquisition Corp.,NASDAQ,Uncategorized
LAKE,"Lakeland Industries, Inc.",NASDAQ,Uncategorized
LALT,First Trust Multi-Strategy Alternative ETF,NYSE ARCA,Uncategorized
LAMR,Lamar Advertising Company - Class A,NASDAQ,Uncategorized
LAND,Gladstone Land Corporation,NASDAQ,Uncategorized
LANDO,Gladstone Land Corporation - 6.00% Series B Cumulative Redeemable Preferred Stock,NASDAQ,Uncategorized
LANDP,Gladstone Land Corporation - 6.00% Series C Cumulative Redeemable Preferred Stock,NASDAQ,Uncategorized
LANV,Lanvin Group Holdings Limited Ordinary Shares,NYSE,Uncategorized
LANV.W,"Lanvin Group Holdings Limited Redeemable Warrants, each whole warrant exercisable for one Ordinary Share at an exercise price of $11.50",NYSE,Uncategorized
LAPR,Innovator Premium Income 15 Buffer ETF - April,BATS,Uncategorized
LAR,Lithium Argentina AG Common Shares,NYSE,Uncategorized
LARK,Landmark Bancorp Inc.,NASDAQ,Uncategorized
LASE,Laser Photonics Corporation,NASDAQ,Uncategorized
LASR,"nLIGHT, Inc.",NASDAQ,Uncategorized
LATA,Galata Acquisition Corp. II,NASDAQ,Uncategorized
LATAU,Galata Acquisition Corp. II,NASDAQ,Uncategorized
LATAW,Galata Acquisition Corp. II - Warrant,NASDAQ,Uncategorized
LAUR,"Laureate Education, Inc.",NASDAQ,Uncategorized
LAW,"CS Disco, Inc.",NYSE,Uncategorized
LAWR,"Robot Consulting Co., Ltd. - ADS",NASDAQ,Uncategorized
LAYS,STKd 100% NVDA & 100% AMD ETF,NASDAQ,Uncategorized
LAZ,"Lazard, Inc.",NYSE,Uncategorized
LB,LandBridge Company LLC Class A Shares Representing Limited Liability Company Interests,NYSE,Uncategorized
LBAY,Leatherback Long/Short Alternative Yield ETF,NYSE ARCA,Uncategorized
LBGJ,Li Bang International Corporation Inc.,NASDAQ,Uncategorized
LBO,WHITEWOLF Publicly Listed Private Equity ETF,BATS,Uncategorized
LBRDA,Liberty Broadband Corporation - Class A,NASDAQ,Uncategorized
LBRDK,Liberty Broadband Corporation - Class C,NASDAQ,Uncategorized
LBRDP,Liberty Broadband Corporation - Series A Cumulative Redeemable Preferred Stock,NASDAQ,Uncategorized
LBRT,Liberty Energy Inc. Class A,NYSE,Uncategorized
LBRX,LB Pharmaceuticals Inc,NASDAQ,Uncategorized
LBTYA,Liberty Global Ltd.,NASDAQ,Uncategorized
LBTYB,Liberty Global Ltd.,NASDAQ,Uncategorized
LBTYK,Liberty Global Ltd. - Class C Common Shares,NASDAQ,Uncategorized
LC,LendingClub Corporation,NYSE,Uncategorized
LCAP,Principal Capital Appreciation Select ETF,BATS,Uncategorized
LCCC,Lakeshore Acquisition III Corp. - Ordinary Shares,NASDAQ,Uncategorized
LCCCR,Lakeshore Acquisition III Corp. - Rights,NASDAQ,Uncategorized
LCCCU,Lakeshore Acquisition III Corp.,NASDAQ,Uncategorized
LCDL,GraniteShares 2x Long LCID Daily ETF,NASDAQ,Uncategorized
LCDS,JPMorgan Fundamental Data Science Large Core ETF,NASDAQ,Uncategorized
LCF,Touchstone US Large Cap Focused ETF,BATS,Uncategorized
LCFY,Locafy Limited - Ordinary Share,NASDAQ,Uncategorized
LCFYW,Locafy Limited - Warrant,NASDAQ,Uncategorized
LCID,"Lucid Group, Inc.",NASDAQ,Uncategorized
LCII,LCI Industries,NYSE,Uncategorized
LCIZ,Tradr 2X Short LCID Daily ETF,BATS,Uncategorized
LCLG,Logan Capital Broad Innovative Growth ETF,NYSE ARCA,Uncategorized
LCNB,LCNB Corporation,NASDAQ,Uncategorized
LCO,LOGIQ Contrarian Opportunities ETF,NYSE ARCA,Uncategorized
LCOW,Pacer S&P 500 Quality FCF Aristocrats ETF,BATS,Uncategorized
LCR,Leuthold Core ETF,NYSE ARCA,Uncategorized
LCTD,iShares World ex U.S. Carbon Transition Readiness Aware Active ETF,NYSE ARCA,Uncategorized
LCTU,iShares U.S. Carbon Transition Readiness Aware Active ETF,NYSE ARCA,Uncategorized
LCTX,"Lineage Cell Therapeutics, Inc.",NYSE MKT,Uncategorized
LCUT,"Lifetime Brands, Inc.",NASDAQ,Uncategorized
LDDR,LifeX 2035 Income Bucket ETF,BATS,Uncategorized
LDEM,iShares ESG MSCI EM Leaders ETF,NASDAQ,Uncategorized
LDI,"loanDepot, Inc. Class A",NYSE,Uncategorized
LDOS,"Leidos Holdings, Inc.",NYSE,Uncategorized
LDP,"Cohen & Steers Limited Duration Preferred and Income Fund, Inc.",NYSE,Uncategorized
LDRC,iShares iBonds 1-5 Year Corporate Ladder ETF,NYSE ARCA,Uncategorized
LDRH,iShares iBonds 1-5 Year High Yield and Income Ladder ETF,NYSE ARCA,Uncategorized
LDRI,iShares iBonds 1-5 Year TIPS Ladder ETF,NYSE ARCA,Uncategorized
LDRT,iShares iBonds 1-5 Year Treasury Ladder ETF,NYSE ARCA,Uncategorized
LDRX,SGI Enhanced Market Leaders ETF,NASDAQ,Uncategorized
LDSF,First Trust Low Duration Strategic Focus ETF,NASDAQ,Uncategorized
LDUR,PIMCO Enhanced Low Duration Active Exchange-Traded Fund,NYSE ARCA,Uncategorized
LE,"Lands' End, Inc.",NASDAQ,Uncategorized
LEA,Lear Corporation,NYSE,Uncategorized
LEAD,Siren DIVCON Leaders Dividend ETF,BATS,Uncategorized
LECO,"Lincoln Electric Holdings, Inc. - Common Shares",NASDAQ,Uncategorized
LEDS,SemiLEDS Corporation,NASDAQ,Uncategorized
LEE,"Lee Enterprises, Incorporated",NASDAQ,Uncategorized
LEG,"Leggett & Platt, Incorporated",NYSE,Uncategorized
LEGH,Legacy Housing Corporation,NASDAQ,Uncategorized
LEGN,Legend Biotech Corporation - American Depositary Shares,NASDAQ,Uncategorized
LEGO.U,"Legato Merger Corp. IV Units, each consisting of one ordinary share and one-third of one redeemable warrant",NYSE MKT,Uncategorized
LEGR,First Trust Indxx Innovative Transaction & Process ETF,NASDAQ,Uncategorized
LEGT,Legato Merger Corp. III Ordinary Shares,NYSE MKT,Uncategorized
LEGT.U,"Legato Merger Corp. III Units, each consisting of one Ordinary Share and one-half of one warrant",NYSE MKT,Uncategorized
LEGT.W,"Legato Merger Corp. III Redeemable Warrants, each whole warrant exercisable for one ordinary share at an exercise price of $11.50 per share",NYSE MKT,Uncategorized
LEMB,iShares J.P. Morgan EM Local Currency Bond,NYSE ARCA,Uncategorized
LEN,Lennar Corporation Class A,NYSE,Uncategorized
LEN.B,Lennar Corporation Class B,NYSE,Uncategorized
LENS,Sarmaya Thematic ETF,BATS,Uncategorized
LENZ,"LENZ Therapeutics, Inc.",NASDAQ,Uncategorized
LEO,"BNY Mellon Strategic Municipals, Inc.",NYSE,Uncategorized
LESL,"Leslie's, Inc.",NASDAQ,Uncategorized
LEU,Centrus Energy Corp. Class A,NYSE,Uncategorized
LEUX,Tradr 2X Long LEU Daily ETF,BATS,Uncategorized
LEVI,Levi Strauss & Co Class A,NYSE,Uncategorized
LEXI,Alexis Practical Tactical ETF,NASDAQ,Uncategorized
LEXX,Lexaria Bioscience Corp.,NASDAQ,Uncategorized
LFAC,Leapfrog Acquisition Corporation,NASDAQ,Uncategorized
LFACU,Leapfrog Acquisition Corporation,NASDAQ,Uncategorized
LFACW,Leapfrog Acquisition Corporation - Warrants,NASDAQ,Uncategorized
LFAI,LifeX 2050 Longevity Income ETF,BATS,Uncategorized
LFAO,LifeX 2055 Longevity Income ETF,BATS,Uncategorized
LFAW,LifeX 2060 Longevity Income ETF,BATS,Uncategorized
LFBE,LifeX 2065 Longevity Income ETF,BATS,Uncategorized
LFCR,"Lifecore Biomedical, Inc.",NASDAQ,Uncategorized
LFDR,LifeX Durable Income ETF,BATS,Uncategorized
LFEQ,VanEck Long/Flat Trend ETF,NYSE ARCA,Uncategorized
LFGY,YieldMax Crypto Industry & Tech Portfolio Option Income ETF,NYSE ARCA,Uncategorized
LFMD,"LifeMD, Inc.",NASDAQ,Uncategorized
LFMDP,"LifeMD, Inc. - 8.875% Series A Cumulative Perpetual Preferred Stock",NASDAQ,Uncategorized
LFS,"LEIFRAS Co., Ltd. - American Depositary Shares",NASDAQ,Uncategorized
LFSC,F/m Emerald Life Sciences Innovation ETF,NASDAQ,Uncategorized
LFST,"LifeStance Health Group, Inc.",NASDAQ,Uncategorized
LFT,"Lument Finance Trust, Inc.",NYSE,Uncategorized
LFT$A,"Lument Finance Trust, Inc. 7.875% Series A Cumulative Redeemable Preferred Stock",NYSE,Uncategorized
LFUS,"Littelfuse, Inc.",NASDAQ,Uncategorized
LFVN,Lifevantage Corporation,NASDAQ,Uncategorized
LFWD,Lifeward Ltd. - Ordinary Shares,NASDAQ,Uncategorized
LGCB,Linkage Global Inc,NASDAQ,Uncategorized
LGCF,Themes US Cash Flow Champions ETF,NASDAQ,Uncategorized
LGCL,Lucas GC Limited,NASDAQ,Uncategorized
LGCY,Legacy Education Inc.,NYSE MKT,Uncategorized
LGDX,Intech S&P Large Cap Diversified Alpha ETF,NYSE ARCA,Uncategorized
LGH,HCM Defender 500 Index ETF,NYSE ARCA,Uncategorized
LGHL,Lion Group Holding Ltd. - American Depositary Share,NASDAQ,Uncategorized
LGHT,Langar Global HealthTech ETF,NYSE ARCA,Uncategorized
LGI,Lazard Global Total Return and Income Fund,NYSE,Uncategorized
LGIH,"LGI Homes, Inc.",NASDAQ,Uncategorized
LGL,"LGL Group, Inc. (The)",NYSE MKT,Uncategorized
LGLV,State Street SPDR US Large Cap Low Volatility Index ETF,NYSE ARCA,Uncategorized
LGN,Legence Corp. - Class A,NASDAQ,Uncategorized
LGND,Ligand Pharmaceuticals Incorporated,NASDAQ,Uncategorized
LGO,Largo Inc. - Common Shares,NASDAQ,Uncategorized
LGOV,First Trust Long Duration Opportunities ETF,NYSE ARCA,Uncategorized
LGPS,LogProstyle Inc. Common Shares,NYSE MKT,Uncategorized
LGRO,Level Four Large Cap Growth Active ETF,NASDAQ,Uncategorized
LGVN,Longeveron Inc. - Class A,NASDAQ,Uncategorized
LH,Labcorp Holdings Inc.,NYSE,Uncategorized
LHAI,Linkhome Holdings Inc.,NASDAQ,Uncategorized
LHSW,Lianhe Sowell International Group Ltd,NASDAQ,Uncategorized
LHX,"L3Harris Technologies, Inc.",NYSE,Uncategorized
LI,Li Auto Inc. - American Depositary Shares,NASDAQ,Uncategorized
LIAE,LifeX 2050 Inflation-Protected Longevity Income ETF,BATS,Uncategorized
LIAM,LifeX 2055 Inflation-Protected Longevity Income ETF,BATS,Uncategorized
LIAU,LifeX 2060 Inflation-Protected Longevity Income ETF,BATS,Uncategorized
LIBD,LifeX 2065 Inflation-Protected Longevity Income ETF,BATS,Uncategorized
LICN,Lichen International Limited,NASDAQ,Uncategorized
LIDR,"AEye, Inc. - Class A",NASDAQ,Uncategorized
LIDRW,"AEye, Inc. - Warrant",NASDAQ,Uncategorized
LIEN,"Chicago Atlantic BDC, Inc.",NASDAQ,Uncategorized
LIF,"Life360, Inc.",NASDAQ,Uncategorized
LIFE,Ethos Technologies Inc. - Class A,NASDAQ,Uncategorized
LIFT,LifeX 2028 Income Bucket ETF,BATS,Uncategorized
LII,"Lennox International, Inc.",NYSE,Uncategorized
LILA,Liberty Latin America Ltd. - Class A,NASDAQ,Uncategorized
LILAK,Liberty Latin America Ltd. - Class C,NASDAQ,Uncategorized
LIMI,Themes Lithium & Battery Metal Miners ETF,BATS,Uncategorized
LIMN,"Liminatus Pharma, Inc. - Class A",NASDAQ,Uncategorized
LIMNW,"Liminatus Pharma, Inc. - Warrants",NASDAQ,Uncategorized
LIN,Linde plc - Ordinary Shares,NASDAQ,Uncategorized
LINC,Lincoln Educational Services Corporation,NASDAQ,Uncategorized
LIND,Lindblad Expeditions Holdings Inc.,NASDAQ,Uncategorized
LINE,"Lineage, Inc.",NASDAQ,Uncategorized
LINK,"Interlink Electronics, Inc.",NASDAQ,Uncategorized
LINT,Direxion Daily INTC Bull 2X ETF,NASDAQ,Uncategorized
LION,Lionsgate Studios Corp Common Shares,NYSE,Uncategorized
LIQT,"LiqTech International, Inc.",NASDAQ,Uncategorized
LIT,Global X Lithium & Battery Tech ETF,NYSE ARCA,Uncategorized
LITB,"LightInTheBox Holding Co., Ltd. American Depositary Shares, each representing twelve ordinary shares",NYSE,Uncategorized
LITE,Lumentum Holdings Inc.,NASDAQ,Uncategorized
LITL,Simplify Piper Sandler US Small-Cap PLUS Income ETF,NYSE ARCA,Uncategorized
LITM,Snow Lake Resources Ltd. - Common Shares,NASDAQ,Uncategorized
LITP,Sprott Lithium Miners ETF,NASDAQ,Uncategorized
LITS,"Lite Strategy, Inc.",NASDAQ,Uncategorized
LITX,Tradr 2X Long LITE Daily ETF,BATS,Uncategorized
LIVE,Live Ventures Incorporated,NASDAQ,Uncategorized
LIVN,LivaNova PLC - Ordinary Shares,NASDAQ,Uncategorized
LIXT,"Lixte Biotechnology Holdings, Inc.",NASDAQ,Uncategorized
LJAN,Innovator Premium Income 15 Buffer ETF - January,BATS,Uncategorized
LJUL,Innovator Premium Income 15 Buffer ETF - July,BATS,Uncategorized
LKFN,Lakeland Financial Corporation,NASDAQ,Uncategorized
LKOR,FlexShares Credit-Scored US Long Corporate Bond Index Fund,BATS,Uncategorized
LKQ,LKQ Corporation,NASDAQ,Uncategorized
LKSP,Lake Superior Acquisition Corp.,NASDAQ,Uncategorized
LKSPR,Lake Superior Acquisition Corp. - Rights,NASDAQ,Uncategorized
LKSPU,Lake Superior Acquisition Corp.,NASDAQ,Uncategorized
LLDR,Global X Long-Term Treasury Ladder ETF,NYSE ARCA,Uncategorized
LLII,REX LLY Growth & Income ETF,BATS,Uncategorized
LLY,Eli Lilly and Company,NYSE,Uncategorized
LLYVA,"Liberty Live Holdings, Inc. - Series A Liberty Live Group",NASDAQ,Uncategorized
LLYVK,"Liberty Live Holdings, Inc. - Series C Liberty Live Group",NASDAQ,Uncategorized
LLYX,Defiance Daily Target 2X Long LLY ETF,NYSE ARCA,Uncategorized
LMAT,"LeMaitre Vascular, Inc.",NASDAQ,Uncategorized
LMB,"Limbach Holdings, Inc.",NASDAQ,Uncategorized
LMBO,Direxion Daily Crypto Industry Bull 2X Shares,NYSE ARCA,Uncategorized
LMBS,First Trust Low Duration Opportunities ETF,NASDAQ,Uncategorized
LMFA,"LM Funding America, Inc.",NASDAQ,Uncategorized
LMND,"Lemonade, Inc.",NYSE,Uncategorized
LMNR,Limoneira Co,NASDAQ,Uncategorized
LMNX,Defiance Daily Target 2x Long LMND ETF,NASDAQ,Uncategorized
LMRI,"Lumexa Imaging Holdings, Inc.",NASDAQ,Uncategorized
LMT,Lockheed Martin Corporation,NYSE,Uncategorized
LMTL,Direxion Daily LMT Bull 2X ETF,NASDAQ,Uncategorized
LMTS,Direxion Daily LMT Bear 1X ETF,NASDAQ,Uncategorized
LMUB,iShares Long-Term National Muni Bond ETF,NYSE ARCA,Uncategorized
LNAI,Lunai Bioworks Inc.,NASDAQ,Uncategorized
LNC,Lincoln National Corporation,NYSE,Uncategorized
LNC$D,"Lincoln National Corporation Depositary Shares Each Representing a 1/1,000th Interest in a Share of 9.000% Non-Cumulative Preferred Stock, Series D",NYSE,Uncategorized
LND,Brasilagro Brazilian Agric Real Estate Co Sponsored ADR (Brazil),NYSE,Uncategorized
LNG,"Cheniere Energy, Inc.",NYSE,Uncategorized
LNGX,Global X U.S. Natural Gas ETF,NYSE ARCA,Uncategorized
LNKB,"LINKBANCORP, Inc.",NASDAQ,Uncategorized
LNKS,Linkers Industries Limited,NASDAQ,Uncategorized
LNN,Lindsay Corporation,NYSE,Uncategorized
LNOK,Defiance Daily Target 2X Long NOK ETF,BATS,Uncategorized
LNSR,"LENSAR, Inc.",NASDAQ,Uncategorized
LNT,Alliant Energy Corporation,NASDAQ,Uncategorized
LNTH,"Lantheus Holdings, Inc.",NASDAQ,Uncategorized
LNZA,"LanzaTech Global, Inc.",NASDAQ,Uncategorized
LNZAW,"LanzaTech Global, Inc. - Warrant",NASDAQ,Uncategorized
LOAN,"Manhattan Bridge Capital, Inc",NASDAQ,Uncategorized
LOAR,Loar Holdings Inc.,NYSE,Uncategorized
LOB,"Live Oak Bancshares, Inc.",NYSE,Uncategorized
LOB$A,"Live Oak Bancshares, Inc. Depositary Shares, Each Representing a 1/40th Interest in a Share of 8.375% Fixed Rate Series A Non-Cumulative Perpetual Preferred Stock",NYSE,Uncategorized
LOBO,LOBO TECHNOLOGIES LTD.,NASDAQ,Uncategorized
LOCL,Local Bounti Corporation,NYSE,Uncategorized
LOCO,"El Pollo Loco Holdings, Inc.",NASDAQ,Uncategorized
LOCT,Innovator Premium Income 15 Buffer ETF - October,BATS,Uncategorized
LODE,Comstock Inc.,NYSE MKT,Uncategorized
LODI,AAM SLC Low Duration Income ETF,NYSE ARCA,Uncategorized
LOGI,Logitech International S.A. - Registered Shares,NASDAQ,Uncategorized
LOGO,Alpha Brands Consumption Leaders ETF,NASDAQ,Uncategorized
LOKV,Live Oak Acquisition Corp. V,NASDAQ,Uncategorized
LOKVU,Live Oak Acquisition Corp. V,NASDAQ,Uncategorized
LOKVW,Live Oak Acquisition Corp. V - Warrants,NASDAQ,Uncategorized
LOMA,Loma Negra Compania Industrial Argentina Sociedad Anonima ADS,NYSE,Uncategorized
LONA,"LeonaBio, Inc.",NASDAQ,Uncategorized
LONZ,PIMCO Senior Loan Active Exchange-Traded Fund,NYSE ARCA,Uncategorized
LOOP,"Loop Industries, Inc.",NASDAQ,Uncategorized
LOPE,"Grand Canyon Education, Inc.",NASDAQ,Uncategorized
LOPP,Gabelli Love Our Planet & People ETF Gabelli Love Our Planet & People ETF,NYSE ARCA,Uncategorized
LOT,Lotus Technology Inc. - American Depositary Shares,NASDAQ,Uncategorized
LOTI,Liberty One Tactical Income ETF,NASDAQ,Uncategorized
LOTWW,Lotus Technology Inc. - Warrants,NASDAQ,Uncategorized
LOUP,Innovator Deepwater Frontier Tech ETF,NYSE ARCA,Uncategorized
LOVE,The Lovesac Company,NASDAQ,Uncategorized
LOW,"Lowe's Companies, Inc.",NYSE,Uncategorized
LOWV,AB US Low Volatility Equity ETF,NYSE ARCA,Uncategorized
LPA,Logistic Properties of the Americas Ordinary Shares,NYSE MKT,Uncategorized
LPAA,Launch One Acquisition Corp.,NASDAQ,Uncategorized
LPAAU,Launch One Acquisition Corp.,NASDAQ,Uncategorized
LPAAW,Launch One Acquisition Corp. - Warrant,NASDAQ,Uncategorized
LPBB,Launch Two Acquisition Corp.,NASDAQ,Uncategorized
LPBBU,Launch Two Acquisition Corp.,NASDAQ,Uncategorized
LPBBW,Launch Two Acquisition Corp. - Warrant,NASDAQ,Uncategorized
LPCN,Lipocine Inc.,NASDAQ,Uncategorized
LPCV,Launchpad Cadenza Acquisition Corp I,NASDAQ,Uncategorized
LPCVU,Launchpad Cadenza Acquisition Corp I,NASDAQ,Uncategorized
LPCVW,Launchpad Cadenza Acquisition Corp I - Warrant,NASDAQ,Uncategorized
LPG,Dorian LPG Ltd.,NYSE,Uncategorized
LPL,"LG Display Co, Ltd AMERICAN DEPOSITORY SHARES",NYSE,Uncategorized
LPLA,LPL Financial Holdings Inc.,NASDAQ,Uncategorized
LPRE,Long Pond Real Estate Select ETF,NYSE ARCA,Uncategorized
LPRO,Open Lending Corporation,NASDAQ,Uncategorized
LPSN,"LivePerson, Inc.",NASDAQ,Uncategorized
LPTH,"LightPath Technologies, Inc. - Class A",NASDAQ,Uncategorized
LPX,Louisiana-Pacific Corporation,NYSE,Uncategorized
LQAI,LG QRAFT AI-Powered U.S. Large Cap Core ETF,NYSE ARCA,Uncategorized
LQD,iShares iBoxx $ Investment Grade Corporate Bond ETF,NYSE ARCA,Uncategorized
LQDA,Liquidia Corporation,NASDAQ,Uncategorized
LQDB,iShares BBB Rated Corporate Bond ETF,NYSE ARCA,Uncategorized
LQDH,iShares Interest Rate Hedged Corporate Bond ETF,NYSE ARCA,Uncategorized
LQDI,iShares Inflation Hedged Corporate Bond ETF,BATS,Uncategorized
LQDT,"Liquidity Services, Inc.",NASDAQ,Uncategorized
LQDW,iShares Investment Grade Corporate Bond BuyWrite Strategy ETF,BATS,Uncategorized
LQIG,State Street SPDR MarketAxess Investment Grade 400 Corporate Bond ETF,NYSE ARCA,Uncategorized
LQPE,PEO AlphaQuest Thematic PE ETF,NYSE ARCA,Uncategorized
LQTI,FT Vest Investment Grade & Target Income ETF,NYSE ARCA,Uncategorized
LRCU,Tradr 2X Long LRCX Daily ETF,BATS,Uncategorized
LRCX,Lam Research Corporation,NASDAQ,Uncategorized
LRE,"Lead Real Estate Co., Ltd - American Depositary Shares",NASDAQ,Uncategorized
LRGC,AB US Large Cap Strategic Equities ETF,NYSE ARCA,Uncategorized
LRGE,ClearBridge Large Cap Growth Select ETF,NASDAQ,Uncategorized
LRGF,iShares U.S. Equity Factor ETF,NYSE ARCA,Uncategorized
LRGG,Nomura Focused Large Growth ETF,NYSE ARCA,Uncategorized
LRHC,La Rosa Holdings Corp.,NASDAQ,Uncategorized
LRMR,"Larimar Therapeutics, Inc.",NASDAQ,Uncategorized
LRN,"Stride, Inc.",NYSE,Uncategorized
LRND,NYLI U.S. Large Cap R&D Leaders ETF,NASDAQ,Uncategorized
LRNZ,"TrueShares Technology, AI & Deep Learning ETF",NYSE ARCA,Uncategorized
LSAF,LeaderShares AlphaFactor US Core Equity ETF,NYSE ARCA,Uncategorized
LSAK,"Lesaka Technologies, Inc.",NASDAQ,Uncategorized
LSAT,LeaderShares AlphaFactor Tactical Focused ETF,NYSE ARCA,Uncategorized
LSBK,"Lake Shore Bancorp, Inc.",NASDAQ,Uncategorized
LSCC,Lattice Semiconductor Corporation,NASDAQ,Uncategorized
LSE,"Leishen Energy Holding Co., Ltd.",NASDAQ,Uncategorized
LSEQ,Harbor Long-Short Equity ETF,NYSE ARCA,Uncategorized
LSF,"Laird Superfood, Inc.",NYSE MKT,Uncategorized
LSGR,Natixis Loomis Sayles Focused Growth ETF,NYSE ARCA,Uncategorized
LSH,Lakeside Holding Limited,NASDAQ,Uncategorized
LSPD,Lightspeed Commerce Inc. Subordinate Voting Shares,NYSE,Uncategorized
LST,Leuthold Select Industries ETF,NYSE ARCA,Uncategorized
LSTA,"Lisata Therapeutics, Inc.",NASDAQ,Uncategorized
LSTR,"Landstar System, Inc.",NASDAQ,Uncategorized
LSVD,LSV Disciplined Value ETF,NYSE ARCA,Uncategorized
LTAX,Nomura Tax-Free USA ETF,NYSE ARCA,Uncategorized
LTBR,Lightbridge Corporation,NASDAQ,Uncategorized
LTC,"LTC Properties, Inc.",NYSE,Uncategorized
LTCC,Canary Litecoin ETF,NASDAQ,Uncategorized
LTH,"Life Time Group Holdings, Inc.",NYSE,Uncategorized
LTL,ProShares Ultra Communication Services,NYSE ARCA,Uncategorized
LTM,"LATAM Airlines Group S.A. American Depositary Shares (each representing two thousand (2,000) shares of Common Stock)",NYSE,Uncategorized
LTPZ,Pimco 15  Year U.S. TIPS Index Exchange-Traded Fund,NYSE ARCA,Uncategorized
LTRN,Lantern Pharma Inc.,NASDAQ,Uncategorized
LTRX,"Lantronix, Inc.",NASDAQ,Uncategorized
LTRYW,Sports Entertainment Gaming Global Corporation  - Warrant,NASDAQ,Uncategorized
LTTI,FT Vest 20+ Year Treasury & Target Income ETF,NYSE ARCA,Uncategorized
LU,"Lufax Holding Ltd American Depositary Shares, each representing two (2) Ordinary Shares",NYSE,Uncategorized
LUCD,Lucid Diagnostics Inc.,NASDAQ,Uncategorized
LUCK,Lucky Strike Entertainment Corporation Class A,NYSE,Uncategorized
LUCY,"Innovative Eyewear, Inc.",NASDAQ,Uncategorized
LUCYW,"Innovative Eyewear, Inc. - Warrants",NASDAQ,Uncategorized
LUD,Luda Technology Group Limited Ordinary Shares,NYSE MKT,Uncategorized
LULG,Leverage Shares 2X Long LULU Daily ETF,NASDAQ,Uncategorized
LULU,lululemon athletica inc.,NASDAQ,Uncategorized
LUMN,"Lumen Technologies, Inc.",NYSE,Uncategorized
LUNG,Pulmonx Corporation,NASDAQ,Uncategorized
LUNL,Defiance Daily Target 2X Long LUNR ETF,BATS,Uncategorized
LUNR,"Intuitive Machines, Inc. - Class A",NASDAQ,Uncategorized
LUV,Southwest Airlines Company,NYSE,Uncategorized
LUXE,"LuxExperience B.V. American Depositary Shares, each representing one Ordinary Share",NYSE,Uncategorized
LVDS,JPMorgan Fundamental Data Science Large Value ETF,BATS,Uncategorized
LVHD,Franklin U.S. Low Volatility High Dividend Index ETF,NASDAQ,Uncategorized
LVHI,Franklin International Low Volatility High Dividend Index ETF,BATS,Uncategorized
LVLN,State Street SPDR S&P Leveraged Loan ETF,NYSE ARCA,Uncategorized
LVLU,"Lulu's Fashion Lounge Holdings, Inc.",NASDAQ,Uncategorized
LVO,"LiveOne, Inc.",NASDAQ,Uncategorized
LVS,Las Vegas Sands Corp.,NYSE,Uncategorized
LVWR,"LiveWire Group, Inc.",NYSE,Uncategorized
LVWR.W,"LiveWire Group, Inc. Warrants, each exercisable for one share of Common Stock at an exercise price of $11.50 per share",NYSE,Uncategorized
LW,"Lamb Weston Holdings, Inc.",NYSE,Uncategorized
LWAC,LightWave Acquisition Corp.,NASDAQ,Uncategorized
LWACU,LightWave Acquisition Corp.,NASDAQ,Uncategorized
LWACW,LightWave Acquisition Corp. - Warrants,NASDAQ,Uncategorized
LWAY,"Lifeway Foods, Inc.",NASDAQ,Uncategorized
LWLG,"Lightwave Logic, Inc.",NASDAQ,Uncategorized
LX,LexinFintech Holdings Ltd. - American Depositary Shares,NASDAQ,Uncategorized
LXEH,"Lixiang Education Holding Co., Ltd. - American Depositary Shares",NASDAQ,Uncategorized
LXEO,"Lexeo Therapeutics, Inc.",NASDAQ,Uncategorized
LXFR,Luxfer Holdings PLC Ordinary Shares,NYSE,Uncategorized
LXP,LXP Industrial Trust Common Stock (Maryland REIT),NYSE,Uncategorized
LXP$C,LXP Industrial Trust 6.5% Series C Cumulative Convertible Preferred Stock,NYSE,Uncategorized
LXRX,"Lexicon Pharmaceuticals, Inc.",NASDAQ,Uncategorized
LXU,"LSB Industries, Inc.",NYSE,Uncategorized
LYB,LyondellBasell Industries NV Ordinary Shares Class A (Netherlands),NYSE,Uncategorized
LYEL,"Lyell Immunopharma, Inc.",NASDAQ,Uncategorized
LYFT,"Lyft, Inc. - Class A",NASDAQ,Uncategorized
LYG,Lloyds Banking Group Plc American Depositary Shares,NYSE,Uncategorized
LYLD,Cambria Large Cap Shareholder Yield ETF,BATS,Uncategorized
LYRA,"Lyra Therapeutics, Inc.",NASDAQ,Uncategorized
LYTS,LSI Industries Inc.,NASDAQ,Uncategorized
LYV,"Live Nation Entertainment, Inc.",NYSE,Uncategorized
LZ,"LegalZoom.com, Inc.",NASDAQ,Uncategorized
LZB,La-Z-Boy Incorporated,NYSE,Uncategorized
LZM,Lifezone Metals Limited Ordinary Shares,NYSE,Uncategorized
LZM.W,Lifezone Metals Limited Warrants,NYSE,Uncategorized
LZMH,LZ Technology Holdings Limited,NASDAQ,Uncategorized
M,Macy's Inc,NYSE,Uncategorized
MA,Mastercard Incorporated,NYSE,Uncategorized
MAA,"Mid-America Apartment Communities, Inc.",NYSE,Uncategorized
MAA$I,"Mid-America Apartment Communities, Inc. 8.50% Series I Cumulative Redeemable Preferred Stock",NYSE,Uncategorized
MAAS,Maase Inc.,NASDAQ,Uncategorized
MAAY,GraniteShares YieldBOOST MARA ETF,NASDAQ,Uncategorized
MAC,Macerich Company (The),NYSE,Uncategorized
MACI,Melar Acquisition Corp. I,NASDAQ,Uncategorized
MACIU,Melar Acquisition Corp. I,NASDAQ,Uncategorized
MACIW,Melar Acquisition Corp. I - Warrant,NASDAQ,Uncategorized
MADE,iShares U.S. Manufacturing ETF,NYSE ARCA,Uncategorized
MAGA,Point Bridge America First ETF,BATS,Uncategorized
MAGC,Roundhill China Magnificent Seven ETF,BATS,Uncategorized
MAGG,Madison Aggregate Bond ETF,NYSE ARCA,Uncategorized
MAGH,Magnitude International Ltd - Ordinary Shares,NASDAQ,Uncategorized
MAGN,Magnera Corporation,NYSE,Uncategorized
MAGO,Tuttle Capital Magnificent 7 Income Blast ETF,BATS,Uncategorized
MAGS,Roundhill Magnificent Seven ETF,BATS,Uncategorized
MAGX,Roundhill Daily 2X Long Magnificent Seven ETF,BATS,Uncategorized
MAGY,Roundhill Magnificent Seven Covered Call ETF,BATS,Uncategorized
MAIA,"MAIA Biotechnology, Inc.",NYSE MKT,Uncategorized
MAIN,Main Street Capital Corporation,NYSE,Uncategorized
MAKX,ProShares S&P Kensho Smart Factories ETF,NYSE ARCA,Uncategorized
MAMA,"Mama's Creations, Inc.",NASDAQ,Uncategorized
MAMB,Monarch Ambassador Income Index ETF,BATS,Uncategorized
MAMK,MaxsMaking Inc.,NASDAQ,Uncategorized
MAMO,Massimo Group,NASDAQ,Uncategorized
MAN,ManpowerGroup,NYSE,Uncategorized
MANE,"Veradermics, Incorporated",NYSE,Uncategorized
MANH,"Manhattan Associates, Inc.",NASDAQ,Uncategorized
MANI,Man Active Income ETF,NYSE ARCA,Uncategorized
MANU,Manchester United Ltd. Class A Ordinary Shares,NYSE,Uncategorized
MAPP,Harbor Multi-Asset Explorer ETF,NYSE ARCA,Uncategorized
MAPS,"WM Technology, Inc. - Class A",NASDAQ,Uncategorized
MAPSW,"WM Technology, Inc. - Warrants",NASDAQ,Uncategorized
MAR,Marriott International - Class A,NASDAQ,Uncategorized
MARA,"MARA Holdings, Inc.",NASDAQ,Uncategorized
MARB,First Trust Merger Arbitrage ETF,NYSE ARCA,Uncategorized
MARM,FT Vest U.S. Equity Max Buffer ETF - March,BATS,Uncategorized
MARO,YieldMax MARA Option Income Strategy ETF,NYSE ARCA,Uncategorized
MARPS,Marine Petroleum Trust - Units of Beneficial Interest,NASDAQ,Uncategorized
MART,AllianzIM U.S. Large Cap Buffer10 Mar ETF,BATS,Uncategorized
MARU,AllianzIM U.S. Equity Buffer15 Uncapped Mar ETF,BATS,Uncategorized
MARW,AllianzIM U.S. Large Cap Buffer20 Mar ETF,BATS,Uncategorized
MARZ,TrueShares Structured Outcome (March) ETF,BATS,Uncategorized
MAS,Masco Corporation,NYSE,Uncategorized
MASI,Masimo Corporation,NASDAQ,Uncategorized
MASK,3 E Network Technology Group Ltd,NASDAQ,Uncategorized
MASS,908 Devices Inc.,NASDAQ,Uncategorized
MAT,"Mattel, Inc.",NASDAQ,Uncategorized
MATE,Man Active Trend Enhanced ETF,NASDAQ,Uncategorized
MATH,Metalpha Technology Holding Limited - Ordinary Shares,NASDAQ,Uncategorized
MATV,"Mativ Holdings, Inc.",NYSE,Uncategorized
MATW,Matthews International Corporation - Class A,NASDAQ,Uncategorized
MATX,"Matson, Inc.",NYSE,Uncategorized
MAVF,Matrix Advisors Value ETF,NYSE ARCA,Uncategorized
MAX,"MediaAlpha, Inc. Class A",NYSE,Uncategorized
MAXI,Simplify Bitcoin Strategy PLUS Income ETF,NASDAQ,Uncategorized
MAXJ,iShares Large Cap Max Buffer Jun ETF,BATS,Uncategorized
MAXN,"Maxeon Solar Technologies, Ltd. - Ordinary Shares",NASDAQ,Uncategorized
MAYM,FT Vest U.S. Equity Max Buffer ETF - May,BATS,Uncategorized
MAYP,PGIM S&P 500 Buffer 12 ETF - May,BATS,Uncategorized
MAYS,"J. W. Mays, Inc.",NASDAQ,Uncategorized
MAYT,AllianzIM U.S. Large Cap Buffer10 May ETF,BATS,Uncategorized
MAYU,AllianzIM U.S. Equity Buffer15 Uncapped May ETF,BATS,Uncategorized
MAYW,AllianzIM U.S. Large Cap Buffer20 May ETF,BATS,Uncategorized
MAYZ,TrueShares Structured Outcome (May) ETF,BATS,Uncategorized
MAZE,"Maze Therapeutics, Inc.",NASDAQ,Uncategorized
MB,MasterBeef Group - Ordinary Shares,NASDAQ,Uncategorized
MBAI,Check-Cap Ltd. - Ordinary Share,NASDAQ,Uncategorized
MBAV,M3-Brigade Acquisition V Corp.,NASDAQ,Uncategorized
MBAVU,M3-Brigade Acquisition V Corp.,NASDAQ,Uncategorized
MBAVW,M3-Brigade Acquisition V Corp. - Warrant,NASDAQ,Uncategorized
MBB,iShares MBS ETF,NASDAQ,Uncategorized
MBBA,iShares Mortgage-Backed Securities Active ETF,BATS,Uncategorized
MBBB,VanEck Moody's Analytics BBB Corporate Bond ETF,BATS,Uncategorized
MBBC,"Marathon Bancorp, Inc.",NASDAQ,Uncategorized
MBC,"MasterBrand, Inc.",NYSE,Uncategorized
MBCC,Monarch Blue Chips Core Index ETF,BATS,Uncategorized
MBCN,Middlefield Banc Corp.,NASDAQ,Uncategorized
MBI,MBIA Inc.,NYSE,Uncategorized
MBIN,Merchants Bancorp,NASDAQ,Uncategorized
MBINL,"Merchants Bancorp - Depositary Shares, Each Representing a 1/40th Interest in a Share of 7.625% Fixed Rate Series E Non-Cumulative Perpetual Preferred Stock, without par value",NASDAQ,Uncategorized
MBINM,"Merchants Bancorp - Depositary Shares, Each Representing a 1/40th Interest in a Share of 8.25% Fixed-Rate Reset Series D Non-Cumulative Perpetual Preferred Stock",NASDAQ,Uncategorized
MBINN,Merchants Bancorp - Depositary Shares 6.00% Fixed Rate Series C Non-Cumulative Perpetual Preferred Stock,NASDAQ,Uncategorized
MBIO,"Mustang Bio, Inc.",NASDAQ,Uncategorized
MBLY,Mobileye Global Inc. - Class A,NASDAQ,Uncategorized
MBND,State Street Nuveen Municipal Bond ETF,BATS,Uncategorized
MBNE,State Street Nuveen Municipal Bond ESG ETF,BATS,Uncategorized
MBNKO,"Medallion Bank - Fixed-Rate Reset Non-Cumulative Perpetual Preferred Stock, Series G, par value $1.00 per share",NASDAQ,Uncategorized
MBOT,Microbot Medical Inc.,NASDAQ,Uncategorized
MBOX,Freedom Day Dividend ETF,NYSE ARCA,Uncategorized
MBRX,"Moleculin Biotech, Inc.",NASDAQ,Uncategorized
MBS,Angel Oak Mortgage-Backed Securities ETF,NASDAQ,Uncategorized
MBSD,FlexShares Disciplined Duration MBS Index Fund,NYSE ARCA,Uncategorized
MBSF,Regan Floating Rate MBS ETF,NYSE ARCA,Uncategorized
MBSX,Regan Fixed Rate MBS ETF,NYSE ARCA,Uncategorized
MBUU,"Malibu Boats, Inc.",NASDAQ,Uncategorized
MBVI,M3-Brigade Acquisition VI Corp.,NASDAQ,Uncategorized
MBVIU,M3-Brigade Acquisition VI Corp.,NASDAQ,Uncategorized
MBVIW,M3-Brigade Acquisition VI Corp. - Warrant,NASDAQ,Uncategorized
MBWM,Mercantile Bank Corporation,NASDAQ,Uncategorized
MBX,"MBX Biosciences, Inc.",NASDAQ,Uncategorized
MC,Moelis & Company Class A,NYSE,Uncategorized
MCB,Metropolitan Bank Holding Corp.,NYSE,Uncategorized
MCBS,"MetroCity Bankshares, Inc.",NASDAQ,Uncategorized
MCD,McDonald's Corporation,NYSE,Uncategorized
MCDS,JPMorgan Fundamental Data Science Mid Core ETF,NASDAQ,Uncategorized
MCFT,"MasterCraft Boat Holdings, Inc.",NASDAQ,Uncategorized
MCGA,Yorkville Acquisition Corp.,NASDAQ,Uncategorized
MCGAU,Yorkville Acquisition Corp.,NASDAQ,Uncategorized
MCGAW,Yorkville Acquisition Corp. - Warrant,NASDAQ,Uncategorized
MCH,Matthews China Active ETF,NYSE ARCA,Uncategorized
MCHB,Mechanics Bancorp - Class A,NASDAQ,Uncategorized
MCHI,iShares MSCI China ETF,NASDAQ,Uncategorized
MCHP,Microchip Technology Incorporated,NASDAQ,Uncategorized
MCHPP,Microchip Technology Incorporated - Depositary Shares Each Representing a 1/20th Interest in a Share of 7.50% Series A Mandatory Convertible Preferred Stock,NASDAQ,Uncategorized
MCHS,Matthews China Discovery Active ETF,NASDAQ,Uncategorized
MCHX,"Marchex, Inc. - Class B",NASDAQ,Uncategorized
MCI,Barings Corporate Investors,NYSE,Uncategorized
MCK,McKesson Corporation,NYSE,Uncategorized
MCN,XAI Madison Equity Premium Income Fund Common Shares,NYSE,Uncategorized
MCO,Moody's Corporation,NYSE,Uncategorized
MCOW,Pacer S&P MidCap 400 Quality FCF Aristocrats ETF,BATS,Uncategorized
MCR,MFS Charter Income Trust,NYSE,Uncategorized
MCRB,"Seres Therapeutics, Inc.",NASDAQ,Uncategorized
MCRI,"Monarch Casino & Resort, Inc.",NASDAQ,Uncategorized
MCRP,Micropolis AI Robotics Ordinary Shares,NYSE MKT,Uncategorized
MCS,Marcus Corporation (The),NYSE,Uncategorized
MCTA,Charming Medical Limited,NASDAQ,Uncategorized
MCW,"Mister Car Wash, Inc.",NASDAQ,Uncategorized
MCY,Mercury General Corporation,NYSE,Uncategorized
MD,"Pediatrix Medical Group, Inc.",NYSE,Uncategorized
MDAA,Myriad Dynamic Asset Allocation ETF,NYSE ARCA,Uncategorized
MDAI,"Spectral AI, Inc. - Class A",NASDAQ,Uncategorized
MDAIW,"Spectral AI, Inc. - Warrants",NASDAQ,Uncategorized
MDB,"MongoDB, Inc. - Class A",NASDAQ,Uncategorized
MDBH,"MDB Capital Holdings, LLC",NASDAQ,Uncategorized
MDBX,Tradr 2X Long MDB Daily ETF,BATS,Uncategorized
MDCX,Medicus Pharma Ltd.,NASDAQ,Uncategorized
MDCXW,Medicus Pharma Ltd. - Warrant,NASDAQ,Uncategorized
MDEV,First Trust Indxx Medical Devices ETF,BATS,Uncategorized
MDGL,"Madrigal Pharmaceuticals, Inc.",NASDAQ,Uncategorized
MDIA,Mediaco Holding Inc. - Class A,NASDAQ,Uncategorized
MDIV,Multi-Asset Diversified Income Index Fund,NASDAQ,Uncategorized
MDLN,Medline Inc. - Class A,NASDAQ,Uncategorized
MDLV,Morgan Dempsey Large Cap Value ETF,BATS,Uncategorized
MDLZ,"Mondelez International, Inc. - Class A",NASDAQ,Uncategorized
MDPL,Monarch Dividend Plus Index ETF,BATS,Uncategorized
MDRR,"Medalist Diversified REIT, Inc.",NASDAQ,Uncategorized
MDST,Westwood Salient Enhanced Midstream Income ETF,NYSE,Uncategorized
MDT,Medtronic plc. Ordinary Shares,NYSE,Uncategorized
MDU,"MDU Resources Group, Inc. Common Stock (Holding Company)",NYSE,Uncategorized
MDV,"Modiv Industrial, Inc. Class C",NYSE,Uncategorized
MDV$A,"Modiv Industrial, Inc. 7.375% Series A Cumulative Redeemable Perpetual Preferred Stock",NYSE,Uncategorized
MDWD,MediWound Ltd. - Ordinary Shares,NASDAQ,Uncategorized
MDXG,"MiMedx Group, Inc",NASDAQ,Uncategorized
MDXH,MDxHealth SA - Ordinary Shares,NASDAQ,Uncategorized
MDY,State Street SPDR S&P MIDCAP 400 ETF Trust,NYSE ARCA,Uncategorized
MDYG,State Street SPDR S&P 400 Mid Cap Growth ETF,NYSE ARCA,Uncategorized
MDYV,State Street SPDR S&P 400 Mid Cap Value ETF,NYSE ARCA,Uncategorized
MEAR,iShares Short Maturity Municipal Bond Active ETF,BATS,Uncategorized
MEC,"Mayville Engineering Company, Inc.",NYSE,Uncategorized
MED,MEDIFAST INC,NYSE,Uncategorized
MEDI,Harbor Health Care ETF,NYSE ARCA,Uncategorized
MEDP,"Medpace Holdings, Inc.",NASDAQ,Uncategorized
MEDX,Horizon Kinetics Medical ETF,NASDAQ,Uncategorized
MEG,"Montrose Environmental Group, Inc.",NYSE,Uncategorized
MEGI,NYLI CBRE Global Infrastructure Megatrends Term Fund Common Shares,NYSE,Uncategorized
MEGL,Magic Empire Global Limited,NASDAQ,Uncategorized
MEHA,"Functional Brands, Inc.",NASDAQ,Uncategorized
MEI,"Methode Electronics, Inc.",NYSE,Uncategorized
MELI,"MercadoLibre, Inc.",NASDAQ,Uncategorized
MEM,Matthews Emerging Markets Equity Active ETF,NYSE ARCA,Uncategorized
MEMA,Man Active Emerging Markets Alternative ETF,NASDAQ,Uncategorized
MEME,Roundhill Meme Stock ETF,NYSE ARCA,Uncategorized
MEMS,Matthews Emerging Markets Discovery Active ETF,NASDAQ,Uncategorized
MEMX,Matthews Emerging Markets ex China Active ETF,NYSE ARCA,Uncategorized
MEMY,Tuttle Capital Meme Stock Income Blast ETF,BATS,Uncategorized
MENS,Jyong Biotech Ltd. - Ordinary shares,NASDAQ,Uncategorized
MEOH,Methanex Corporation,NASDAQ,Uncategorized
MER$K,"Bank of America Corporation Income Capital Obligation Notes initially due December 15, 2066",NYSE,Uncategorized
MERC,Mercer International Inc.,NASDAQ,Uncategorized
MESH,Meshflow Acquisition Corp.,NASDAQ,Uncategorized
MESHU,Meshflow Acquisition Corp.,NASDAQ,Uncategorized
MESHW,Meshflow Acquisition Corp. - Warrants,NASDAQ,Uncategorized
MESO,Mesoblast Limited - American Depositary Shares,NASDAQ,Uncategorized
MET,"MetLife, Inc.",NYSE,Uncategorized
MET$A,"MetLife, Inc. Preferred Series A Floating Rate",NYSE,Uncategorized
MET$E,"MetLife, Inc. Depositary Shares",NYSE,Uncategorized
MET$F,"MetLife, Inc. Depositary Shares, each representing a 1/1,000th interest in a share of 4.75% Non-Cumulative Preferred Stock, Series F",NYSE,Uncategorized
META,"Meta Platforms, Inc. - Class A",NASDAQ,Uncategorized
METC,"Ramaco Resources, Inc. - Class A",NASDAQ,Uncategorized
METCB,"Ramaco Resources, Inc. - Class B",NASDAQ,Uncategorized
METCI,"Ramaco Resources, Inc. - 8.250% Senior Notes due 2030",NASDAQ,Uncategorized
METCZ,"Ramaco Resources, Inc. - 8.375% Senior Notes due 2029",NASDAQ,Uncategorized
METD,Direxion Daily META Bear 1X Shares,NASDAQ,Uncategorized
METL,Sprott Active Metals & Miners ETF,NASDAQ,Uncategorized
METU,Direxion Daily META Bull 2X Shares,NASDAQ,Uncategorized
METV,Roundhill Ball Metaverse ETF,NYSE ARCA,Uncategorized
METW,Roundhill META WeeklyPay ETF,BATS,Uncategorized
MEVO,M Evo Global Acquisition Corp II,NASDAQ,Uncategorized
MEVOU,M Evo Global Acquisition Corp II,NASDAQ,Uncategorized
MEVOW,M Evo Global Acquisition Corp II - Warrants,NASDAQ,Uncategorized
MEXX,Direxion Daily MSCI Mexico Bull 3X Shares,NYSE ARCA,Uncategorized
MFA,"MFA Financial, Inc.",NYSE,Uncategorized
MFA$B,"MFA Financial, Inc. Preferred Series B",NYSE,Uncategorized
MFA$C,"MFA Financial, Inc. 6.50% Series C Fixed-to-Floating Rate Cumulative Redeemable Preferred Stock",NYSE,Uncategorized
MFAN,"MFA Financial, Inc. 8.875% Senior Notes due 2029",NYSE,Uncategorized
MFAO,"MFA Financial, Inc. 9.000% Senior Notes due 2029",NYSE,Uncategorized
MFC,Manulife Financial Corporation,NYSE,Uncategorized
MFDX,PIMCO RAFI Dynamic Multi-Factor International Equity ETF,NYSE ARCA,Uncategorized
MFEM,PIMCO RAFI Dynamic Multi-Factor Emerging Markets Equity ETF,NYSE ARCA,Uncategorized
MFG,"Mizuho Financial Group, Inc. Sponosred ADR (Japan)",NYSE,Uncategorized
MFI,mF International Limited,NASDAQ,Uncategorized
MFIC,MidCap Financial Investment Corporation - Closed End Fund,NASDAQ,Uncategorized
MFICL,MidCap Financial Investment Corporation - 8.00% Notes due 2028,NASDAQ,Uncategorized
MFIG,Motley Fool Innovative Growth ETF,NASDAQ,Uncategorized
MFIN,Medallion Financial Corp.,NASDAQ,Uncategorized
MFLX,First Trust Flexible Municipal High Income ETF,NASDAQ,Uncategorized
MFM,MFS Municipal Income Trust,NYSE,Uncategorized
MFMO,Motley Fool Momentum Factor ETF,NASDAQ,Uncategorized
MFSB,MFS Active Core Plus Bond ETF,NYSE,Uncategorized
MFSG,MFS Active Growth ETF,NYSE,Uncategorized
MFSI,MFS Active International ETF,NYSE,Uncategorized
MFSM,MFS Active Intermediate Muni Bond ETF,NYSE,Uncategorized
MFSV,MFS Active Value ETF,NYSE,Uncategorized
MFUL,Mindful Conservative ETF,BATS,Uncategorized
MFUS,PIMCO RAFI Dynamic Multi-Factor U.S. Equity ETF,NYSE ARCA,Uncategorized
MFUT,Cambria Chesapeake Pure Trend ETF,BATS,Uncategorized
MFVL,Motley Fool Value Factor ETF,NASDAQ,Uncategorized
MG,Mistras Group Inc,NYSE,Uncategorized
MGA,"Magna International, Inc.",NYSE,Uncategorized
MGC,Vanguard Mega Cap ETF,NYSE ARCA,Uncategorized
MGEE,MGE Energy Inc.,NASDAQ,Uncategorized
MGF,MFS Government Markets Income Trust,NYSE,Uncategorized
MGIH,Millennium Group International Holdings Limited - Ordinary Shares,NASDAQ,Uncategorized
MGK,Vanguard Mega Cap Growth ETF,NYSE ARCA,Uncategorized
MGLD,"The Marygold Companies, Inc.",NYSE MKT,Uncategorized
MGM,MGM Resorts International,NYSE,Uncategorized
MGMT,Ballast Small/Mid Cap ETF,NYSE ARCA,Uncategorized
MGN,Megan Holdings Limited,NASDAQ,Uncategorized
MGNI,"Magnite, Inc.",NASDAQ,Uncategorized
MGNR,American Beacon Select Funds American Beacon GLG Natural Resources ETF,NYSE ARCA,Uncategorized
MGNX,"MacroGenics, Inc.",NASDAQ,Uncategorized
MGOV,First Trust Intermediate Government Opportunities ETF,NYSE ARCA,Uncategorized
MGPI,"MGP Ingredients, Inc.",NASDAQ,Uncategorized
MGR,"Affiliated Managers Group, Inc. 5.875% Junior Subordinated Notes due 2059",NYSE,Uncategorized
MGRB,"Affiliated Managers Group, Inc. 4.750% Junior Subordinated Notes due 2060",NYSE,Uncategorized
MGRC,McGrath RentCorp,NASDAQ,Uncategorized
MGRD,"Affiliated Managers Group, Inc. 4.200% Junior Subordinated Notes due 2061",NYSE,Uncategorized
MGRE,"Affiliated Managers Group, Inc. 6.750% Junior Subordinated Notes due 2064",NYSE,Uncategorized
MGRT,Mega Fortune Company Limited - Ordinary Shares,NASDAQ,Uncategorized
MGRX,"Mangoceuticals, Inc.",NASDAQ,Uncategorized
MGTX,MeiraGTx Holdings plc - Ordinary Shares,NASDAQ,Uncategorized
MGV,Vanguard Mega Cap Value ETF,NYSE ARCA,Uncategorized
MGX,"Metagenomi Therapeutics, Inc.",NASDAQ,Uncategorized
MGY,Magnolia Oil & Gas Corporation Class A,NYSE,Uncategorized
MGYR,"Magyar Bancorp, Inc.",NASDAQ,Uncategorized
MH,"McGraw Hill, Inc.",NYSE,Uncategorized
MHD,"Blackrock MuniHoldings Fund, Inc.",NYSE,Uncategorized
MHF,"Western Asset Municipal High Income Fund, Inc.",NYSE,Uncategorized
MHH,"Mastech Digital, Inc",NYSE MKT,Uncategorized
MHK,"Mohawk Industries, Inc.",NYSE,Uncategorized
MHLA,"Maiden Holdings, Ltd. 6.625% Notes due 2046",NYSE,Uncategorized
MHNC,"Maiden Holdings North America, Ltd. 7.75% Notes due 2043",NYSE,Uncategorized
MHO,"M/I Homes, Inc.",NYSE,Uncategorized
MHY,Man Active High Yield ETF,NYSE ARCA,Uncategorized
MI,NFT Limited Class A Ordinary Share,NYSE MKT,Uncategorized
MIAX,"Miami International Holdings, Inc.",NYSE,Uncategorized
MICC,The Magnum Ice Cream Company N.V. Ordinary Shares,NYSE,Uncategorized
MID,American Century Mid Cap Growth Impact ETF,NYSE ARCA,Uncategorized
MIDD,The Middleby Corporation,NASDAQ,Uncategorized
MIDE,Xtrackers S&P MidCap 400 Scored & Screened ETF,NYSE ARCA,Uncategorized
MIDU,Direxion Mid Cap Bull 3X Shares,NYSE ARCA,Uncategorized
MIG,VanEck Moody's Analytics IG Corporate Bond ETF,BATS,Uncategorized
MIGI,Mawson Infrastructure Group Inc.,NASDAQ,Uncategorized
MIGO,MIG Core ETF,NYSE ARCA,Uncategorized
MILK,Pacer US Cash Cows Bond ETF,BATS,Uncategorized
MILN,Global X Millennial Consumer ETF,NASDAQ,Uncategorized
MIMI,Mint Incorporation Limited,NASDAQ,Uncategorized
MIN,MFS Intermediate Income Trust,NYSE,Uncategorized
MIND,"MIND Technology, Inc.",NASDAQ,Uncategorized
MINE,Mayfair Gold Corp. Common Shares,NYSE MKT,Uncategorized
MINN,Mairs & Power Minnesota Municipal Bond ETF,BATS,Uncategorized
MINO,PIMCO Municipal Income Opportunities Active Exchange-Traded Fund,NYSE ARCA,Uncategorized
MINT,PIMCO Enhanced Short Maturity Active Exchange-Traded Fund,NYSE ARCA,Uncategorized
MINV,Matthews Asia Innovators Active ETF,NYSE ARCA,Uncategorized
MINY,YieldMax Strategic Metals & Mining Portfolio Option Income ETF,NYSE ARCA,Uncategorized
MIR,"Mirion Technologies, Inc. Class A",NYSE,Uncategorized
MIRA,"MIRA Pharmaceuticals, Inc.",NASDAQ,Uncategorized
MIRM,"Mirum Pharmaceuticals, Inc.",NASDAQ,Uncategorized
MISL,First Trust Indxx Aerospace & Defense ETF,NYSE ARCA,Uncategorized
MIST,Milestone Pharmaceuticals Inc. - Common Shares,NASDAQ,Uncategorized
MITK,"Mitek Systems, Inc.",NASDAQ,Uncategorized
MITN,"TPG Mortgage Investment Trust, Inc. 9.500% Senior Notes due 2029",NYSE,Uncategorized
MITP,"TPG Mortgage Investment Trust, Inc. 9.500% Senior Notes due 2029",NYSE,Uncategorized
MITQ,"Moving iMage Technologies, Inc.",NYSE MKT,Uncategorized
MITT,"TPG Mortgage Investment Trust, Inc.",NYSE,Uncategorized
MITT$A,"TPG Mortgage Investment Trust, Inc. 8.25% Series A Cumulative Redeemable Preferred Stock",NYSE,Uncategorized
MITT$B,"TPG Mortgage Investment Trust, Inc. 8.00% Series B Cumulative Redeemable Preferred Stock",NYSE,Uncategorized
MITT$C,"TPG Mortgage Investment Trust, Inc. 8.00% Series C Fixed-to-Floating Rate Cumulative Redeemable Preferred Stock, $0.01 par value per share",NYSE,Uncategorized
MIY,"Blackrock MuniYield Michigan Quality Fund, Inc.",NYSE,Uncategorized
MJ,Amplify Alternative Harvest ETF,NYSE ARCA,Uncategorized
MJSC,MUFG Japan Small Cap Active ETF,NYSE ARCA,Uncategorized
MKAM,MKAM ETF,NASDAQ,Uncategorized
MKC,"McCormick & Company, Incorporated",NYSE,Uncategorized
MKC.V,"McCormick & Company, Incorporated",NYSE,Uncategorized
MKDW,MKDWELL Tech Inc. - Ordinary Shares,NASDAQ,Uncategorized
MKDWW,MKDWELL Tech Inc. - Warrants,NASDAQ,Uncategorized
MKL,Markel Group Inc.,NYSE,Uncategorized
MKLY,McKinley Acquisition Corporation,NASDAQ,Uncategorized
MKLYR,McKinley Acquisition Corporation - Rights,NASDAQ,Uncategorized
MKLYU,McKinley Acquisition Corporation,NASDAQ,Uncategorized
MKOR,Matthews Korea Active ETF,NYSE ARCA,Uncategorized
MKSI,MKS Inc.,NASDAQ,Uncategorized
MKTN,Federated Hermes MDT Market Neutral ETF,NYSE ARCA,Uncategorized
MKTW,"MarketWise, Inc. - Class A",NASDAQ,Uncategorized
MKTX,"MarketAxess Holdings, Inc.",NASDAQ,Uncategorized
MKZR,"MacKenzie Realty Capital, Inc.",NASDAQ,Uncategorized
MLAAU,Mountain Lake Acquisition Corp. II,NASDAQ,Uncategorized
MLAB,"Mesa Laboratories, Inc.",NASDAQ,Uncategorized
MLAC,Mountain Lake Acquisition Corp.,NASDAQ,Uncategorized
MLACR,Mountain Lake Acquisition Corp. - Right,NASDAQ,Uncategorized
MLACU,Mountain Lake Acquisition Corp.,NASDAQ,Uncategorized
MLCI,Mount Logan Capital Inc.,NASDAQ,Uncategorized
MLCIL,Mount Logan Capital Inc. - 8.00% Notes Due 2031,NASDAQ,Uncategorized
MLCO,Melco Resorts & Entertainment Limited - American Depositary Shares,NASDAQ,Uncategorized
MLDR,Global X Intermediate-Term Treasury Ladder ETF,NYSE ARCA,Uncategorized
MLEC,Moolec Science SA - Ordinary Shares,NASDAQ,Uncategorized
MLECW,Moolec Science SA - Warrant,NASDAQ,Uncategorized
MLGO,"MicroAlgo, Inc. - Ordinary Shares",NASDAQ,Uncategorized
MLI,"Mueller Industries, Inc.",NYSE,Uncategorized
MLKN,"MillerKnoll, Inc.",NASDAQ,Uncategorized
MLM,"Martin Marietta Materials, Inc.",NYSE,Uncategorized
MLN,VanEck Long Muni ETF,BATS,Uncategorized
MLP,"Maui Land & Pineapple Company, Inc.",NYSE,Uncategorized
MLPA,Global X MLP ETF,NYSE ARCA,Uncategorized
MLPB,"ETRACS Alerian MLP Infrastructure Index ETN Series B due April 2, 2040",NYSE ARCA,Uncategorized
MLPD,Global X MLP & Energy Infrastructure Covered Call ETF,NYSE ARCA,Uncategorized
MLPI,NEOS MLP & Energy Infrastructure High Income ETF,BATS,Uncategorized
MLPR,ETRACS Quarterly Pay 1.5X Leveraged Alerian MLP Index ETN,NYSE ARCA,Uncategorized
MLPX,Global X MLP & Energy Infrastructure ETF,NYSE ARCA,Uncategorized
MLR,"Miller Industries, Inc.",NYSE,Uncategorized
MLSS,"Milestone Scientific, Inc.",NYSE MKT,Uncategorized
MLTX,MoonLake Immunotherapeutics,NASDAQ,Uncategorized
MLYS,"Mineralys Therapeutics, Inc.",NASDAQ,Uncategorized
MMA,Mixed Martial Arts Group Limited Ordinary Shares,NYSE MKT,Uncategorized
MMAX,iShares Large Cap Max Buffer Mar ETF,BATS,Uncategorized
MMCA,NYLI MacKay California Muni Intermediate ETF,NYSE ARCA,Uncategorized
MMD,NYLI MacKay DefinedTerm Muni Opportunities Fund Common Shares,NYSE,Uncategorized
MMI,"Marcus & Millichap, Inc.",NYSE,Uncategorized
MMID,MFS Active Mid Cap ETF,NYSE,Uncategorized
MMIN,NYLI MacKay Muni Insured ETF,NYSE ARCA,Uncategorized
MMIT,NYLI MacKay Muni Intermediate ETF,NYSE ARCA,Uncategorized
MMK,State Street Prime Money Market ETF,NYSE,Uncategorized
MMKT,Texas Capital Government Money Market ETF,NYSE,Uncategorized
MMLG,First Trust Multi-Manager Large Growth ETF,NYSE ARCA,Uncategorized
MMLP,Martin Midstream Partners L.P. - Common Units Representing Limited Partnership Interests,NASDAQ,Uncategorized
MMM,3M Company,NYSE,Uncategorized
MMMA,NYLI MacKay Muni Allocation ETF,NYSE ARCA,Uncategorized
MMS,"Maximus, Inc.",NYSE,Uncategorized
MMSC,First Trust Multi-Manager Small Cap Opportunities ETF,NYSE ARCA,Uncategorized
MMSD,NYLI MacKay Muni Short Duration ETF,NYSE ARCA,Uncategorized
MMSI,"Merit Medical Systems, Inc.",NASDAQ,Uncategorized
MMT,MFS Multimarket Income Trust,NYSE,Uncategorized
MMTM,State Street SPDR S&P 1500 Momentum Tilt ETF,NYSE ARCA,Uncategorized
MMTX,Miluna Acquisition Corp,NASDAQ,Uncategorized
MMTXU,Miluna Acquisition Corp,NASDAQ,Uncategorized
MMTXW,Miluna Acquisition Corp - Warrant,NASDAQ,Uncategorized
MMU,"Western Asset Managed Municipals Fund, Inc.",NYSE,Uncategorized
MMYT,MakeMyTrip Limited - Ordinary Shares,NASDAQ,Uncategorized
MNA,NYLI Merger Arbitrage ETF,NYSE ARCA,Uncategorized
MNBD,ALPS Intermediate Municipal Bond ETF,NYSE ARCA,Uncategorized
MNDO,MIND C.T.I. Ltd. - Ordinary Shares,NASDAQ,Uncategorized
MNDR,Mobile-health Network Solutions,NASDAQ,Uncategorized
MNDY,monday.com Ltd. - Ordinary Shares,NASDAQ,Uncategorized
MNKD,MannKind Corporation,NASDAQ,Uncategorized
MNOV,"MediciNova, Inc.",NASDAQ,Uncategorized
MNPR,Monopar Therapeutics Inc.,NASDAQ,Uncategorized
MNR,Mach Natural Resources LP Common Units representing Limited Partner Interests,NYSE,Uncategorized
MNRO,"Monro, Inc.",NASDAQ,Uncategorized
MNRS,Grayscale Bitcoin Miners ETF,NYSE ARCA,Uncategorized
MNSB,"MainStreet Bancshares, Inc.",NASDAQ,Uncategorized
MNSBP,"MainStreet Bancshares, Inc. - Depositary Shares",NASDAQ,Uncategorized
MNSO,"MINISO Group Holding Limited American Depositary Shares, each representing four Ordinary Shares",NYSE,Uncategorized
MNST,Monster Beverage Corporation,NASDAQ,Uncategorized
MNTK,"Montauk Renewables, Inc.",NASDAQ,Uncategorized
MNTN,"MNTN, Inc. Class A",NYSE,Uncategorized
MNTS,Momentus Inc. - Class A,NASDAQ,Uncategorized
MNTSW,Momentus Inc. - Warrant,NASDAQ,Uncategorized
MNY,MoneyHero Limited,NASDAQ,Uncategorized
MNYWW,MoneyHero Limited - Warrants,NASDAQ,Uncategorized
MNZL,Manzil Russell Halal USA Broad Market ETF,NASDAQ,Uncategorized
MO,"Altria Group, Inc.",NYSE,Uncategorized
MOAT,VanEck Morningstar Wide Moat ETF,BATS,Uncategorized
MOB,Mobilicom Limited - Ordinary Shares,NASDAQ,Uncategorized
MOBBW,Mobilicom Limited - Warrants,NASDAQ,Uncategorized
MOBX,"Mobix Labs, Inc. - Class A",NASDAQ,Uncategorized
MOBXW,"Mobix Labs, Inc. - Warrants",NASDAQ,Uncategorized
MOD,Modine Manufacturing Company,NYSE,Uncategorized
MODD,"Modular Medical, Inc.",NASDAQ,Uncategorized
MODL,VictoryShares WestEnd U.S. Sector ETF,NASDAQ,Uncategorized
MOG.A,Moog Inc. Class A,NYSE,Uncategorized
MOG.B,Moog Inc. Class B,NYSE,Uncategorized
MOGU,MOGU Inc. American Depositary Shares (each  representing 25 Class A Ordinary Shares),NYSE,Uncategorized
MOH,Molina Healthcare Inc,NYSE,Uncategorized
MOLN,Molecular Partners AG - American Depositary Shares,NASDAQ,Uncategorized
MOMO,Hello Group Inc.  - American Depositary Shares,NASDAQ,Uncategorized
MOO,VanEck Agribusiness ETF,NYSE ARCA,Uncategorized
MOOD,Relative Sentiment Tactical Allocation ETF,NASDAQ,Uncategorized
MORN,"Morningstar, Inc.",NASDAQ,Uncategorized
MORT,VanEck Mortgage REIT Income ETF,NYSE ARCA,Uncategorized
MOS,Mosaic Company (The),NYSE,Uncategorized
MOTG,VanEck Morningstar Global Wide Moat ETF,BATS,Uncategorized
MOTI,VanEck Morningstar International Moat ETF,BATS,Uncategorized
MOTO,Guinness Atkinson Smart Transportation & Technology ETF,NYSE ARCA,Uncategorized
MOV,Movado Group Inc.,NYSE,Uncategorized
MOVE,Movano Inc.,NASDAQ,Uncategorized
MP,MP Materials Corp.,NYSE,Uncategorized
MPA,Blackrock MuniYield Pennsylvania Quality Fund,NYSE,Uncategorized
MPAA,"Motorcar Parts of America, Inc.",NASDAQ,Uncategorized
MPB,Mid Penn Bancorp,NASDAQ,Uncategorized
MPC,Marathon Petroleum Corporation,NYSE,Uncategorized
MPG,Leverage Shares 2X Long MP Daily ETF,NASDAQ,Uncategorized
MPL,Defiance Daily Target 2X Long MP ETF,NYSE ARCA,Uncategorized
MPLT,"MapLight Therapeutics, Inc.",NASDAQ,Uncategorized
MPLX,MPLX LP Common Units Representing Limited Partner Interests,NYSE,Uncategorized
MPLY,Monopoly ETF,BATS,Uncategorized
MPRO,Monarch ProCap Index ETF,BATS,Uncategorized
MPT,"Medical Properties Trust, Inc.",NYSE,Uncategorized
MPTI,"M-tron Industries, Inc.",NYSE MKT,Uncategorized
MPU,Mega Matrix Inc. Class A Ordinary Shares,NYSE MKT,Uncategorized
MPV,Barings Participation Investors,NYSE,Uncategorized
MPWR,"Monolithic Power Systems, Inc.",NASDAQ,Uncategorized
MPX,Marine Products Corporation,NYSE,Uncategorized
MQ,"Marqeta, Inc. - Class A",NASDAQ,Uncategorized
MQQQ,Tradr 2X Long Innovation 100 Monthly ETF,NASDAQ,Uncategorized
MQY,"Blackrock MuniYield Quality Fund, Inc.",NYSE,Uncategorized
MRAL,GraniteShares 2x Long MARA Daily ETF,NASDAQ,Uncategorized
MRAM,"Everspin Technologies, Inc.",NASDAQ,Uncategorized
MRBK,Meridian Corporation,NASDAQ,Uncategorized
MRCC,Monroe Capital Corporation - Closed End Fund,NASDAQ,Uncategorized
MRCP,PGIM S&P 500 Buffer 12 ETF - March,BATS,Uncategorized
MRCY,Mercury Systems Inc,NASDAQ,Uncategorized
MREO,Mereo BioPharma Group plc - American Depositary Shares,NASDAQ,Uncategorized
MRGR,ProShares Merger ETF,BATS,Uncategorized
MRK,"Merck & Company, Inc. Common Stock (new)",NYSE,Uncategorized
MRKR,"Marker Therapeutics, Inc.",NASDAQ,Uncategorized
MRM,MEDIROM Healthcare Technologies Inc. - American Depositary Share,NASDAQ,Uncategorized
MRNA,"Moderna, Inc.",NASDAQ,Uncategorized
MRNO,Murano Global Investments PLC - Ordinary Shares,NASDAQ,Uncategorized
MRNOW,Murano Global Investments PLC - Warrants,NASDAQ,Uncategorized
MRNX,Defiance Daily Target 2X Long MRNA ETF,NYSE ARCA,Uncategorized
MRNY,YieldMax MRNA Option Income Strategy ETF,NYSE ARCA,Uncategorized
MRP,"Millrose Properties, Inc. Class A",NYSE,Uncategorized
MRSH,Marsh,NYSE,Uncategorized
MRSK,Toews Agility Shares Managed Risk ETF,NYSE ARCA,Uncategorized
MRT,"Marti Technologies, Inc. Class A Ordinary Shares",NYSE MKT,Uncategorized
MRTN,"Marten Transport, Ltd.",NASDAQ,Uncategorized
MRVI,"Maravai LifeSciences Holdings, Inc. - Class A",NASDAQ,Uncategorized
MRVL,"Marvell Technology, Inc.",NASDAQ,Uncategorized
MRVU,Direxion Daily MRVL Bull 2X ETF,NASDAQ,Uncategorized
MRX,Marex Group plc - Ordinary Shares,NASDAQ,Uncategorized
MS,Morgan Stanley,NYSE,Uncategorized
MS$A,Morgan Stanley Dep Shs repstg 1/1000 Pfd Ser A,NYSE,Uncategorized
MS$E,Morgan Stanley DEPOSITARY SHARES REP 1/1000TH SHARES FIXED/FLTG PREFERRED STOCK SERIES E,NYSE,Uncategorized
MS$F,Morgan Stanley Dep Shs Rpstg 1/1000th Int Prd Ser F Fxd to Flag,NYSE,Uncategorized
MS$I,Morgan Stanley Depository Shares Representing 1/1000th Preferred Series 1 Fixed to Floating Non (Cum),NYSE,Uncategorized
MS$K,"Morgan Stanley Depositary Shares, each representing 1/1,000th of a share of Fixed-to-Floating Rate Non-Cumulative Preferred Stock,  Series K",NYSE,Uncategorized
MS$L,"Morgan Stanley Depositary Shares, each representing 1/1,000th of a share of 4.875% Non-Cumulative Preferred Stock, Series L",NYSE,Uncategorized
MS$O,"Morgan Stanley Depositary Shares, each representing 1/1,000th of a share of 4.250% Non-Cumulative Preferred Stock, Series O",NYSE,Uncategorized
MS$P,"Morgan Stanley Depositary Shares, each representing 1/1,000th of a share of 6.500% Non-Cumulative Preferred Stock, Series P",NYSE,Uncategorized
MS$Q,"Morgan Stanley Depositary Shares, each representing 1/1,000th of a share of 6.625% Non-Cumulative Preferred Stock, Series Q",NYSE,Uncategorized
MSA,MSA Safety Incorporated,NYSE,Uncategorized
MSAI,"MultiSensor AI Holdings, Inc.",NASDAQ,Uncategorized
MSAIW,"MultiSensor AI Holdings, Inc. - Warrants",NASDAQ,Uncategorized
MSB,Mesabi Trust,NYSE,Uncategorized
MSBI,"Midland States Bancorp, Inc.",NASDAQ,Uncategorized
MSBIP,"Midland States Bancorp, Inc. - Depositary Shares Each Representing a 1/40th Interest in a Share of 7.750% Fixed-Rate Reset Non-Cumulative Perpetual Preferred Stock, Series A",NASDAQ,Uncategorized
MSC,"Studio City International Holdings Limited American depositary shares, each representing four  Class A ordinary shares",NYSE,Uncategorized
MSCI,MSCI Inc.,NYSE,Uncategorized
MSD,"Morgan Stanley Emerging Markets Debt Fund, Inc.",NYSE,Uncategorized
MSDD,GraniteShares 2x Short MSTR Daily ETF,NASDAQ,Uncategorized
MSDL,Morgan Stanley Direct Lending Fund,NYSE,Uncategorized
MSEX,Middlesex Water Company,NASDAQ,Uncategorized
MSFD,Direxion Daily MSFT Bear 1X Shares,NASDAQ,Uncategorized
MSFL,GraniteShares 2x Long MSFT Daily ETF,NASDAQ,Uncategorized
MSFO,YieldMax MSFT Option Income Strategy ETF,NYSE ARCA,Uncategorized
MSFT,Microsoft Corporation,NASDAQ,Uncategorized
MSFU,Direxion Daily MSFT Bull 2X Shares,NASDAQ,Uncategorized
MSFW,Roundhill MSFT WeeklyPay ETF,BATS,Uncategorized
MSFX,T-Rex 2X Long Microsoft Daily Target ETF,BATS,Uncategorized
MSFY,Kurv Yield Premium Strategy Microsoft (MSFT) ETF,BATS,Uncategorized
MSGE,Madison Square Garden Entertainment Corp. Class A,NYSE,Uncategorized
MSGM,Motorsport Games Inc. - Class A,NASDAQ,Uncategorized
MSGS,Madison Square Garden Sports Corp. Class A Common Stock (New),NYSE,Uncategorized
MSGY,Masonglory Limited - Ordinary Shares,NASDAQ,Uncategorized
MSI,"Motorola Solutions, Inc.",NYSE,Uncategorized
MSIF,"MSC Income Fund, Inc.",NYSE,Uncategorized
MSII,REX MSTR Growth & Income ETF,BATS,Uncategorized
MSLC,Morgan Stanley Pathway Large Cap Equity ETF,NYSE ARCA,Uncategorized
MSLE,Satellos Bioscience Inc.,NASDAQ,Uncategorized
MSM,"MSC Industrial Direct Company, Inc.",NYSE,Uncategorized
MSMR,McElhenny Sheffield Managed Risk ETF,BATS,Uncategorized
MSN,Emerson Radio Corporation,NYSE MKT,Uncategorized
MSOO,Leverage Shares 2x Capped Accelerated MSTR Monthly ETF,BATS,Uncategorized
MSOS,AdvisorShares Pure US Cannabis ETF,NYSE ARCA,Uncategorized
MSOX,AdvisorShares MSOS Daily Leveraged ETF,NYSE ARCA,Uncategorized
MSS,Maison Solutions Inc. - Class A,NASDAQ,Uncategorized
MSSM,Morgan Stanley Pathway Small-Mid Cap Equity ETF,NYSE ARCA,Uncategorized
MSSS,Monarch Select Subsector Index ETF,BATS,Uncategorized
MSST,YieldMax MSTR Performance & Distribution Target 25 ETF,BATS,Uncategorized
MST,Defiance Leveraged Long + Income MSTR ETF,NASDAQ,Uncategorized
MSTB,LHA Market State Tactical Beta ETF,BATS,Uncategorized
MSTI,Madison Short Term Strategic Income ETF,NYSE ARCA,Uncategorized
MSTK,Tuttle Capital MSTR 0DTE Covered Call ETF,BATS,Uncategorized
MSTP,GraniteShares 2x Long MSTR Daily ETF,NASDAQ,Uncategorized
MSTQ,LHA Market State Tactical Q ETF,BATS,Uncategorized
MSTR,Strategy Inc - Class A,NASDAQ,Uncategorized
MSTU,T-Rex 2X Long MSTR Daily Target ETF,BATS,Uncategorized
MSTW,Roundhill MSTR WeeklyPay ETF,BATS,Uncategorized
MSTX,Defiance Daily Target 2x Long MSTR ETF,NASDAQ,Uncategorized
MSTY,YieldMax MSTR Option Income Strategy ETF,NYSE ARCA,Uncategorized
MSTZ,T-Rex 2X Inverse MSTR Daily Target ETF,BATS,Uncategorized
MSW,Ming Shing Group Holdings Limited - Ordinary Shares,NASDAQ,Uncategorized
MT,Arcelor Mittal NY Registry Shares NEW,NYSE,Uncategorized
MTA,Metalla Royalty & Streaming Ltd. Common Shares,NYSE MKT,Uncategorized
MTB,M&T Bank Corporation,NYSE,Uncategorized
MTB$H,"M&T Bank Corporation Perpetual Fixed-to-Floating Rate Non-Cumulative Preferred Stock, Series H",NYSE,Uncategorized
MTB$J,"M&T Bank Corporation Depositary Shares each representing a 1/400th ownership interest in a share of Perpetual 7.500% Non-Cumulative Preferred Stock, Series J",NYSE,Uncategorized
MTB$K,"M&T Bank Corporation Depositary Shares each representing a 1/400th interest in a share of Perpetual 6.350% Non-Cumulative Preferred Stock, Series K",NYSE,Uncategorized
MTBA,Simplify MBS ETF,NYSE ARCA,Uncategorized
MTC,"MMTec, Inc. - Common Shares",NASDAQ,Uncategorized
MTCH,"Match Group, Inc.",NASDAQ,Uncategorized
MTD,"Mettler-Toledo International, Inc.",NYSE,Uncategorized
MTDR,Matador Resources Company,NYSE,Uncategorized
MTEK,Maris-Tech Ltd. - ordinary shares,NASDAQ,Uncategorized
MTEKW,Maris-Tech Ltd. - Warrants,NASDAQ,Uncategorized
MTEN,Mingteng International Corporation Inc.,NASDAQ,Uncategorized
MTEX,"Mannatech, Incorporated",NASDAQ,Uncategorized
MTG,MGIC Investment Corporation,NYSE,Uncategorized
MTGP,WisdomTree Mortgage Plus Bond Fund,NYSE ARCA,Uncategorized
MTH,Meritage Homes Corporation,NYSE,Uncategorized
MTLS,Materialise NV - American Depositary Shares,NASDAQ,Uncategorized
MTN,"Vail Resorts, Inc.",NYSE,Uncategorized
MTNB,"Matinas Biopharma Holdings, Inc.",NYSE MKT,Uncategorized
MTR,Mesa Royalty Trust,NYSE,Uncategorized
MTRA,Invesco International Growth Focus ETF,BATS,Uncategorized
MTRN,Materion Corporation,NYSE,Uncategorized
MTRX,Matrix Service Company,NASDAQ,Uncategorized
MTSI,"MACOM Technology Solutions Holdings, Inc.",NASDAQ,Uncategorized
MTUL,ETRACS 2x Leveraged MSCI US Momentum Factor TR ETN,NYSE ARCA,Uncategorized
MTUM,iShares MSCI USA Momentum Factor ETF,BATS,Uncategorized
MTUS,Metallus Inc. Common Shares,NYSE,Uncategorized
MTVA,MetaVia Inc.,NASDAQ,Uncategorized
MTW,"Manitowoc Company, Inc. (The)",NYSE,Uncategorized
MTX,Minerals Technologies Inc.,NYSE,Uncategorized
MTYY,GraniteShares YieldBOOST MSTR ETF,NASDAQ,Uncategorized
MTZ,"MasTec, Inc.",NYSE,Uncategorized
MU,"Micron Technology, Inc.",NASDAQ,Uncategorized
MUA,"Blackrock MuniAssets Fund, Inc",NYSE,Uncategorized
MUB,iShares National Muni Bond ETF,NYSE ARCA,Uncategorized
MUC,"Blackrock MuniHoldings California Quality Fund, Inc.",NYSE,Uncategorized
MUD,Direxion Daily MU Bear 1X Shares,NASDAQ,Uncategorized
MUFG,"Mitsubishi UFJ Financial Group, Inc.",NYSE,Uncategorized
MUJ,"Blackrock MuniHoldings New Jersey Quality Fund, Inc.",NYSE,Uncategorized
MULL,GraniteShares 2x Long MU Daily ETF,NASDAQ,Uncategorized
MULT,Franklin Multisector Income ETF,NASDAQ,Uncategorized
MUNA,Northern Trust 2030 Tax-Exempt Distributing Ladder ETF,NYSE ARCA,Uncategorized
MUNB,Northern Trust 2035 Tax-Exempt Distributing Ladder ETF,NYSE ARCA,Uncategorized
MUNC,Northern Trust 2045 Tax-Exempt Distributing Ladder ETF,NYSE ARCA,Uncategorized
MUND,Northern Trust 2055 Tax-Exempt Distributing Ladder ETF,NYSE ARCA,Uncategorized
MUNI,PIMCO Intermediate Municipal Bond Active Exchange-Traded Fund,NYSE ARCA,Uncategorized
MUNX,AMG GW&K Muni Income ETF,NYSE ARCA,Uncategorized
MUNY,Vanguard New York Tax-Exempt Bond ETF,BATS,Uncategorized
MUR,Murphy Oil Corporation,NYSE,Uncategorized
MUSA,Murphy USA Inc.,NYSE,Uncategorized
MUSE,TCW Multisector Credit Income ETF,NYSE,Uncategorized
MUSI,American Century Multisector Income ETF,NYSE ARCA,Uncategorized
MUSQ,MUSQ Global Music Industry Index ETF,NYSE ARCA,Uncategorized
MUST,Columbia Multi-Sector Municipal Income ETF,NYSE ARCA,Uncategorized
MUU,Direxion Daily MU Bull 2X Shares,NASDAQ,Uncategorized
MUX,McEwen Inc.,NYSE,Uncategorized
MUZEU,Muzero Acquisition Corp,NASDAQ,Uncategorized
MVAL,VanEck Morningstar Wide Moat Value ETF,BATS,Uncategorized
MVBF,MVB Financial Corp.,NASDAQ,Uncategorized
MVFD,Monarch Volume Factor Dividend Tree Index ETF,BATS,Uncategorized
MVFG,Monarch Volume Factor Global Unconstrained Index ETF,BATS,Uncategorized
MVIS,"MicroVision, Inc.",NASDAQ,Uncategorized
MVLL,GraniteShares 2x Long MRVL Daily ETF,NASDAQ,Uncategorized
MVO,MV Oil Trust Units of Beneficial Interests,NYSE,Uncategorized
MVPA,Miller Value Partners Appreciation ETF,NYSE ARCA,Uncategorized
MVPL,Miller Value Partners Leverage ETF,NYSE ARCA,Uncategorized
MVRL,ETRACS Monthly Pay 1.5X Leveraged Mortgage REIT ETN,NYSE ARCA,Uncategorized
MVST,"Microvast Holdings, Inc.",NASDAQ,Uncategorized
MVSTW,"Microvast Holdings, Inc. - Warrant",NASDAQ,Uncategorized
MVV,ProShares Ultra MidCap400,NYSE ARCA,Uncategorized
MWA,MUELLER WATER PRODUCTS,NYSE,Uncategorized
MWG,Multi Ways Holdings Limited Class A Ordinary Shares,NYSE MKT,Uncategorized
MWH,"SOLV Energy, Inc. - Class A",NASDAQ,Uncategorized
MWYN,"Marwynn Holdings, Inc.",NASDAQ,Uncategorized
MX,Magnachip Semiconductor Corporation,NYSE,Uncategorized
MXC,Mexco Energy Corporation,NYSE MKT,Uncategorized
MXCT,"MaxCyte, Inc.",NASDAQ,Uncategorized
MXE,"Mexico Equity and Income Fund, Inc. (The)",NYSE,Uncategorized
MXF,"Mexico Fund, Inc. (The)",NYSE,Uncategorized
MXI,iShares Global Materials ETF,NYSE ARCA,Uncategorized
MXL,"MaxLinear, Inc",NASDAQ,Uncategorized
MYCF,State Street My2026 Corporate Bond ETF,NASDAQ,Uncategorized
MYCG,State Street My2027 Corporate Bond ETF,NASDAQ,Uncategorized
MYCH,State Street My2028 Corporate Bond ETF,NASDAQ,Uncategorized
MYCI,State Street My2029 Corporate Bond ETF,NASDAQ,Uncategorized
MYCJ,State Street My2030 Corporate Bond ETF,NASDAQ,Uncategorized
MYCK,State Street My2031 Corporate Bond ETF,NASDAQ,Uncategorized
MYCL,State Street My2032 Corporate Bond ETF,NASDAQ,Uncategorized
MYCM,State Street My2033 Corporate Bond ETF,NASDAQ,Uncategorized
MYCN,State Street My2034 Corporate Bond ETF,NASDAQ,Uncategorized
MYCO,State Street My2035 Corporate Bond ETF,NASDAQ,Uncategorized
MYE,"Myers Industries, Inc.",NYSE,Uncategorized
MYFW,"First Western Financial, Inc.",NASDAQ,Uncategorized
MYGN,"Myriad Genetics, Inc.",NASDAQ,Uncategorized
MYHA,State Street My2027 High Yield Corporate Bond ETF,NASDAQ,Uncategorized
MYHB,State Street My2028 High Yield Corporate Bond ETF,NASDAQ,Uncategorized
MYHC,State Street My2029 High Yield Corporate Bond ETF,NASDAQ,Uncategorized
MYHD,State Street My2030 High Yield Corporate Bond ETF,NASDAQ,Uncategorized
MYHE,State Street My2031 High Yield Corporate Bond ETF,NASDAQ,Uncategorized
MYI,"Blackrock MuniYield Quality Fund III, Inc",NYSE,Uncategorized
MYLD,Cambria Micro and SmallCap Shareholder Yield ETF,BATS,Uncategorized
MYMF,State Street My2026 Municipal Bond ETF,NASDAQ,Uncategorized
MYMG,State Street My2027 Municipal Bond ETF,NASDAQ,Uncategorized
MYMH,State Street My2028 Municipal Bond ETF,NASDAQ,Uncategorized
MYMI,State Street My2029 Municipal Bond ETF,NASDAQ,Uncategorized
MYMJ,State Street My2030 Municipal Bond ETF,NASDAQ,Uncategorized
MYMK,State Street My2031 Municipal Bond ETF,NASDAQ,Uncategorized
MYN,"Blackrock MuniYield New York Quality Fund, Inc.Common Stock",NYSE,Uncategorized
MYND,"Mynd.ai, Inc. American Depositary Shares",NYSE MKT,Uncategorized
MYNZ,Mainz Biomed N.V. - Ordinary Shares,NASDAQ,Uncategorized
MYO,Myomo Inc.,NYSE MKT,Uncategorized
MYPS,"PLAYSTUDIOS, Inc.  - Class A",NASDAQ,Uncategorized
MYPSW,"PLAYSTUDIOS, Inc.  - Warrant",NASDAQ,Uncategorized
MYRG,"MYR Group, Inc.",NASDAQ,Uncategorized
MYSE,"Myseum, Inc.",NASDAQ,Uncategorized
MYSEW,"Myseum, Inc. - Series A Warrant",NASDAQ,Uncategorized
MYSZ,"My Size, Inc.",NASDAQ,Uncategorized
MYY,ProShares Short MidCap400,NYSE ARCA,Uncategorized
MZTI,The Marzetti Company,NASDAQ,Uncategorized
MZYX.U,"MOZAYYX Acquisition Corp. Units, each consisting of one Class A ordinary share and one-quarter of one redeemable warrant",NYSE,Uncategorized
MZZ,ProShares UltraShort MidCap400,NYSE ARCA,Uncategorized
NA,Nano Labs Ltd,NASDAQ,Uncategorized
NAAS,NaaS Technology Inc. - American Depositary Shares,NASDAQ,Uncategorized
NABL,"N-able, Inc.",NYSE,Uncategorized
NAC,Nuveen California Quality Municipal Income Fund,NYSE,Uncategorized
NACP,Impact Shares NAACP Minority Empowerment ETF,NYSE ARCA,Uncategorized
NAD,Nuveen Quality Municipal Income Fund,NYSE,Uncategorized
NAGE,"Niagen Bioscience, Inc.",NASDAQ,Uncategorized
NAII,"Natural Alternatives International, Inc.",NASDAQ,Uncategorized
NAIL,Direxion Daily Homebuilders & Supplies Bull 3X Shares,NYSE ARCA,Uncategorized
NAK,"Northern Dynasty Minerals, Ltd.",NYSE MKT,Uncategorized
NAKA,Nakamoto Inc.,NASDAQ,Uncategorized
NAMI,Jinxin Technology Holding Company - American Depositary Shares,NASDAQ,Uncategorized
NAMM,Namib Minerals - Ordinary Shares,NASDAQ,Uncategorized
NAMMW,Namib Minerals - Warrants,NASDAQ,Uncategorized
NAMS,NewAmsterdam Pharma Company N.V. - Ordinary Shares,NASDAQ,Uncategorized
NAMSW,NewAmsterdam Pharma Company N.V. - Warrant,NASDAQ,Uncategorized
NAN,Nuveen New York Quality Municipal Income Fund,NYSE,Uncategorized
NANC,Unusual Whales Subversive Democratic Trading ETF,BATS,Uncategorized
NANR,State Street SPDR S&P North American Natural Resources ETF,NYSE ARCA,Uncategorized
NAPR,Innovator Growth-100 Power Buffer ETF - April,BATS,Uncategorized
NAT,Nordic American Tankers Limited,NYSE,Uncategorized
NATH,"Nathan's Famous, Inc.",NASDAQ,Uncategorized
NATL,NCR Atleos Corporation,NYSE,Uncategorized
NATO,Themes Transatlantic Defense ETF,NASDAQ,Uncategorized
NATR,"Nature's Sunshine Products, Inc.",NASDAQ,Uncategorized
NAUG,Innovator Growth-100 Power Buffer ETF - August,BATS,Uncategorized
NAUT,"Nautilus Biotechnology, Inc.",NASDAQ,Uncategorized
NAVI,Navient Corporation,NASDAQ,Uncategorized
NAVN,"Navan, Inc. - Class A",NASDAQ,Uncategorized
NAZ,Nuveen Arizona Quality Municipal Income Fund,NYSE,Uncategorized
NB,NioCorp Developments Ltd.,NASDAQ,Uncategorized
NBB,Nuveen Taxable Municipal Income Fund Common Shares of Beneficial Interest,NYSE,Uncategorized
NBBK,"NB Bancorp, Inc.",NASDAQ,Uncategorized
NBCE,Neuberger China Equity ETF,NYSE ARCA,Uncategorized
NBCM,Neuberger Commodity Strategy ETF,NYSE ARCA,Uncategorized
NBCR,Neuberger Core Equity ETF,NYSE ARCA,Uncategorized
NBDS,Neuberger Disrupters ETF,NYSE ARCA,Uncategorized
NBET,Neuberger Berman Energy Transition & Infrastructure ETF,NYSE ARCA,Uncategorized
NBFC,Neuberger Berman Flexible Credit Income ETF,NYSE ARCA,Uncategorized
NBFR,Innovator Nasdaq-100 Managed 10 Buffer ETF,NYSE ARCA,Uncategorized
NBGX,Neuberger Growth ETF,NYSE ARCA,Uncategorized
NBH,Neuberger Municipal Fund Inc.,NYSE MKT,Uncategorized
NBHC,National Bank Holdings Corporation,NYSE,Uncategorized
NBIG,Leverage Shares 2X Long NBIS Daily ETF,NASDAQ,Uncategorized
NBIL,GraniteShares 2x Long NBIS Daily ETF,NASDAQ,Uncategorized
NBIS,Nebius Group N.V.,NASDAQ,Uncategorized
NBIX,"Neurocrine Biosciences, Inc.",NASDAQ,Uncategorized
NBIZ,Tradr 2X Short NBIS Daily ETF,BATS,Uncategorized
NBJP,Neuberger Japan Equity ETF,NYSE ARCA,Uncategorized
NBN,Northeast Bank,NASDAQ,Uncategorized
NBOS,Neuberger Option Strategy ETF,NYSE ARCA,Uncategorized
NBP,NovaBridge Biosciences - American Depositary Shares,NASDAQ,Uncategorized
NBR,Nabors Industries Ltd.,NYSE,Uncategorized
NBRGU,Newbridge Acquisition Limited,NASDAQ,Uncategorized
NBSD,Neuberger Berman Short Duration Income ETF,NYSE ARCA,Uncategorized
NBSM,Neuberger Small-Mid Cap ETF,NYSE ARCA,Uncategorized
NBTB,NBT Bancorp Inc.,NASDAQ,Uncategorized
NBTR,Neuberger Berman Total Return Bond ETF,NYSE ARCA,Uncategorized
NBTX,Nanobiotix S.A. - ADSs,NASDAQ,Uncategorized
NBXG,Neuberger Next Generation Connectivity Fund Inc.,NYSE,Uncategorized
NBY,"NovaBay Pharmaceuticals, Inc.",NYSE MKT,Uncategorized
NC,"NACCO Industries, Inc.",NYSE,Uncategorized
NCA,Nuveen California Municipal Value Fund,NYSE,Uncategorized
NCDL,Nuveen Churchill Direct Lending Corp.,NYSE,Uncategorized
NCEL,NewcelX Ltd. - Ordinary Shares,NASDAQ,Uncategorized
NCEW,New Century Logistics (BVI) Limited - Ordinary Shares,NASDAQ,Uncategorized
NCI,Neo-Concept International Group Holdings Limited,NASDAQ,Uncategorized
NCIQ,Hashdex Nasdaq CME Crypto Index ETF,NASDAQ,Uncategorized
NCL,Northann Corp.,NYSE MKT,Uncategorized
NCLH,Norwegian Cruise Line Holdings Ltd. Ordinary Shares,NYSE,Uncategorized
NCLO,Nuveen AA-BBB CLO ETF,NYSE ARCA,Uncategorized
NCMI,"National CineMedia, Inc.",NASDAQ,Uncategorized
NCNA,NuCana plc - American Depositary Shares,NASDAQ,Uncategorized
NCNO,"nCino, Inc.",NASDAQ,Uncategorized
NCPB,Nuveen Core Plus Bond ETF,NASDAQ,Uncategorized
NCPL,Netcapital Inc.,NASDAQ,Uncategorized
NCPLW,Netcapital Inc. - warrants,NASDAQ,Uncategorized
NCRA,"Nocera, Inc.",NASDAQ,Uncategorized
NCSM,"NCS Multistage Holdings, Inc.",NASDAQ,Uncategorized
NCT,Intercont (Cayman) Limited,NASDAQ,Uncategorized
NCTY,The9 Limited - American Depository Shares,NASDAQ,Uncategorized
NCV,Virtus Convertible & Income Fund Common Shares of Beneficial Interest,NYSE,Uncategorized
NCV$A,Virtus Convertible & Income Fund 5.625% Series A Cumulative Preferred Shares,NYSE,Uncategorized
NCZ,Virtus Convertible & Income Fund II Common Shares of Beneficial Interest,NYSE,Uncategorized
NCZ$A,Virtus Convertible & Income Fund II 5.50% Series A Cumulative Preferred Shares,NYSE,Uncategorized
NDAA,Ned Davis Research 360 Dynamic Allocation ETF,NASDAQ,Uncategorized
NDAQ,"Nasdaq, Inc.",NASDAQ,Uncategorized
NDEC,Innovator Growth-100 Power Buffer ETF - December,BATS,Uncategorized
NDIA,Global X India Active ETF,NYSE ARCA,Uncategorized
NDIV,Amplify Energy & Natural Resources Covered Call ETF,NYSE ARCA,Uncategorized
NDLS,Noodles & Company - Class A,NASDAQ,Uncategorized
NDMO,Nuveen Dynamic Municipal Opportunities Fund Common Shares of Beneficial Interest,NYSE,Uncategorized
NDOW,Anydrus Advantage ETF,BATS,Uncategorized
NDRA,ENDRA Life Sciences Inc.,NASDAQ,Uncategorized
NDSN,Nordson Corporation,NASDAQ,Uncategorized
NDVG,Nuveen Dividend Growth ETF,NYSE ARCA,Uncategorized
NE,Noble Corporation plc A Ordinary Shares,NYSE,Uncategorized
NE.A,Noble Corporation plc Tranche 2 Warrants,NYSE,Uncategorized
NE.W,Noble Corporation plc Tranche 1 Warrants,NYSE,Uncategorized
NEA,Nuveen AMT-Free Quality Municipal Income Fund Common Shares of Beneficial Interest Par Value $.01,NYSE,Uncategorized
NEAR,iShares Short Duration Bond Active ETF,BATS,Uncategorized
NEBX,Tradr 2X Long NBIS Daily ETF,BATS,Uncategorized
NECB,"NorthEast Community Bancorp, Inc.",NASDAQ,Uncategorized
NEE,"NextEra Energy, Inc.",NYSE,Uncategorized
NEE$N,"NextEra Energy, Inc. Series N Junior Subordinated Debentures due March 1, 2079",NYSE,Uncategorized
NEE$S,"NextEra Energy, Inc. 7.299% Corporate Units",NYSE,Uncategorized
NEE$T,"NextEra Energy, Inc. 7.234% Corporate Units",NYSE,Uncategorized
NEE$U,"NextEra Energy, Inc. Series U Junior Subordinated Debentures due June 1, 2085",NYSE,Uncategorized
NEGG,"Newegg Commerce, Inc. - Common Shares",NASDAQ,Uncategorized
NEHI,NEOS Ethereum High Income ETF,BATS,Uncategorized
NELS,Nelson Select ETF,BATS,Uncategorized
NEM,Newmont Corporation,NYSE,Uncategorized
NEMD,Neuberger Berman Emerging Markets Debt Hard Currency ETF,NYSE ARCA,Uncategorized
NEMG,Leverage Shares 2x Long NEM Daily ETF,NASDAQ,Uncategorized
NEN,New England Realty Associates Limited Partnership Class A Depositary Receipts Evidencing Units of Limited Partnership,NYSE MKT,Uncategorized
NEO,"NeoGenomics, Inc.",NASDAQ,Uncategorized
NEOG,Neogen Corporation,NASDAQ,Uncategorized
NEON,Neonode Inc.,NASDAQ,Uncategorized
NEOV,NeoVolta Inc.,NASDAQ,Uncategorized
NEOVW,NeoVolta Inc. - Warrant,NASDAQ,Uncategorized
NEPH,"Nephros, Inc.",NASDAQ,Uncategorized
NERD,Roundhill Video Games ETF,BATS,Uncategorized
NERV,"Minerva Neurosciences, Inc",NASDAQ,Uncategorized
NESR,National Energy Services Reunited Corp - Ordinary Shares,NASDAQ,Uncategorized
NET,"Cloudflare, Inc. Class A",NYSE,Uncategorized
NETG,Leverage Shares 2X Long NET Daily ETF,NASDAQ,Uncategorized
NETL,Colterpoint Net Lease Real Estate ETF,NYSE ARCA,Uncategorized
NEU,NewMarket Corp,NYSE,Uncategorized
NEUP,Neuphoria Therapeutics Inc.,NASDAQ,Uncategorized
NEWP,New Pacific Metals Corp. Common Shares,NYSE MKT,Uncategorized
NEWT,"NewtekOne, Inc.",NASDAQ,Uncategorized
NEWTG,"NewtekOne, Inc. - 8.50% Fixed Rate Senior Notes due 2029",NASDAQ,Uncategorized
NEWTH,"NewtekOne, Inc. - 8.625% Fixed Rate Senior Notes due 2029",NASDAQ,Uncategorized
NEWTI,"NewtekOne, Inc. - 8.00% Fixed Rate Senior Notes due 2028",NASDAQ,Uncategorized
NEWTO,"NewtekOne, Inc. - 8.50% Fixed Rate Senior Notes due 2031",NASDAQ,Uncategorized
NEWTP,"NewtekOne, Inc. - Depositary Shares, Each Representing a 1/40th Interest in a Share of 8.500% Fixed Rate Reset Non-Cumulative Perpetual Preferred Stock, Series B",NASDAQ,Uncategorized
NEWZ,StockSnips AI-Powered Sentiment US All Cap ETF,NASDAQ,Uncategorized
NEXA,Nexa Resources S.A. Common Shares,NYSE,Uncategorized
NEXM,NexMetals Mining Corp.,NASDAQ,Uncategorized
NEXN,Nexxen International Ltd. - Ordinary Shares,NASDAQ,Uncategorized
NEXT,NextDecade Corporation,NASDAQ,Uncategorized
NFBK,"Northfield Bancorp, Inc.",NASDAQ,Uncategorized
NFE,New Fortress Energy Inc. - Class A,NASDAQ,Uncategorized
NFEB,Innovator Growth-100 Power Buffer ETF - February,BATS,Uncategorized
NFG,National Fuel Gas Company,NYSE,Uncategorized
NFGC,New Found Gold Corp Common Shares,NYSE MKT,Uncategorized
NFJ,"Virtus Dividend, Interest & Premium Strategy Fund Common Shares of Beneficial Interest",NYSE,Uncategorized
NFLP,Kurv Yield Premium Strategy Netflix (NFLX) ETF,BATS,Uncategorized
NFLT,Virtus Newfleet Multi-Sector Bond ETF,NYSE ARCA,Uncategorized
NFLU,T-Rex 2X Long NFLX Daily Target ETF,BATS,Uncategorized
NFLW,Roundhill NFLX WeeklyPay ETF,BATS,Uncategorized
NFLX,"Netflix, Inc.",NASDAQ,Uncategorized
NFLY,YieldMax NFLX Option Income Strategy ETF,NYSE ARCA,Uncategorized
NFRA,FlexShares STOXX Global Broad Infrastructure Index Fund,NYSE ARCA,Uncategorized
NFRX,Harrison Street Infrastructure Active ETF,NASDAQ,Uncategorized
NFTY,First Trust India Nifty 50 Equal Weight ETF,NASDAQ,Uncategorized
NFXL,Direxion Daily NFLX Bull 2X Shares,NASDAQ,Uncategorized
NFXS,Direxion Daily NFLX Bear 1X Shares,NASDAQ,Uncategorized
NG,Novagold Resources Inc.,NYSE MKT,Uncategorized
NGD,New Gold Inc.,NYSE MKT,Uncategorized
NGEN,NervGen Pharma Corp.,NASDAQ,Uncategorized
NGG,"National Grid Transco, PLC National Grid PLC (NEW) American Depositary Shares",NYSE,Uncategorized
NGL,NGL ENERGY PARTNERS LP Common Units representing Limited Partner Interests,NYSE,Uncategorized
NGL$B,NGL ENERGY PARTNERS LP 9.00% Class B Fixed-to-Floating Rate Cumulative Redeemable Perpetual Preferred Units representing limited partnership interests,NYSE,Uncategorized
NGL$C,NGL ENERGY PARTNERS LP 9.625% Class C Fixed-to-Floating Rate Cumulative  Redeemable Perpetual Preferred Units representing  limited partner interests,NYSE,Uncategorized
NGNE,Neurogene Inc.,NASDAQ,Uncategorized
NGS,"Natural Gas Services Group, Inc.",NYSE,Uncategorized
NGVC,"Natural Grocers by Vitamin Cottage, Inc.",NYSE,Uncategorized
NGVT,Ingevity Corporation,NYSE,Uncategorized
NHC,National HealthCare Corporation,NYSE MKT,Uncategorized
NHI,"National Health Investors, Inc.",NYSE,Uncategorized
NHIC,NewHold Investment Corp III,NASDAQ,Uncategorized
NHICU,NewHold Investment Corp III,NASDAQ,Uncategorized
NHICW,NewHold Investment Corp III - Warrants,NASDAQ,Uncategorized
NHPAP,"National Healthcare Properties, Inc. - 7.375% Series A Cumulative Redeemable Perpetual Preferred Stock",NASDAQ,Uncategorized
NHPBP,"National Healthcare Properties, Inc. - 7.125% Series B Cumulative Redeemable Perpetual Preferred Stock",NASDAQ,Uncategorized
NHS,Neuberger High Yield Strategies Fund Inc.,NYSE MKT,Uncategorized
NHTC,Natural Health Trends Corp. - Commn Stock,NASDAQ,Uncategorized
NHYB,Nuveen High Yield Corporate Bond ETF,NYSE ARCA,Uncategorized
NHYM,Nuveen High Yield Municipal Income ETF,NYSE ARCA,Uncategorized
NI,NiSource Inc,NYSE,Uncategorized
NIC,Nicolet Bankshares Inc.,NYSE,Uncategorized
NICE,NICE Ltd - American Depositary Shares each representing one Ordinary Share,NASDAQ,Uncategorized
NIE,Virtus Equity & Convertible Income Fund Common Shares of Beneficial Interest,NYSE,Uncategorized
NIHI,NEOS MSCI EAFE High Income ETF,BATS,Uncategorized
NIKL,Sprott Nickel Miners ETF,NASDAQ,Uncategorized
NIM,Nuveen Select Maturities Municipal Fund,NYSE,Uncategorized
NIO,"NIO Inc. American depositary shares, each  representing one Class A ordinary share",NYSE,Uncategorized
NIOBW,NioCorp Developments Ltd. - Warrant,NASDAQ,Uncategorized
NIOG,Leverage Shares 2X Long NIO Daily ETF,NASDAQ,Uncategorized
NIPG,NIP Group Inc. - American Depositary Shares,NASDAQ,Uncategorized
NIQ,NIQ Global Intelligence plc Ordinary Shares,NYSE,Uncategorized
NITE,The Nightview Fund NITE,NYSE ARCA,Uncategorized
NIU,Niu Technologies - American Depositary Shares,NASDAQ,Uncategorized
NIVF,NewGenIvf Group Limited,NASDAQ,Uncategorized
NIVFW,NewGenIvf Group Limited - Warrants,NASDAQ,Uncategorized
NIXT,Research Affiliates Deletions ETF,NASDAQ,Uncategorized
NIXX,"Nixxy, Inc.",NASDAQ,Uncategorized
NIXXW,"Nixxy, Inc. - Warrant",NASDAQ,Uncategorized
NJAN,Innovator Growth-100 Power Buffer ETF - January,BATS,Uncategorized
NJNK,Columbia U.S. High Yield ETF,NYSE ARCA,Uncategorized
NJR,NewJersey Resources Corporation,NYSE,Uncategorized
NJUL,Innovator Growth-100 Power Buffer ETF - July,BATS,Uncategorized
NJUN,Innovator Growth-100 Power Buffer ETF - June,BATS,Uncategorized
NKE,"Nike, Inc.",NYSE,Uncategorized
NKLR,Terra Innovatum Global N.V. - Ordinary shares,NASDAQ,Uncategorized
NKSH,"National Bankshares, Inc.",NASDAQ,Uncategorized
NKTR,Nektar Therapeutics,NASDAQ,Uncategorized
NKTX,"Nkarta, Inc.",NASDAQ,Uncategorized
NKX,Nuveen California AMT-Free Quality Municipal Income Fund,NYSE,Uncategorized
NL,"NL Industries, Inc.",NYSE,Uncategorized
NLOP,Net Lease Office Properties Common Shares of Beneficial Interest,NYSE,Uncategorized
NLR,VanEck Uranium and Nuclear ETF,NYSE ARCA,Uncategorized
NLSI,NEOS Long/Short Equity Income ETF,BATS,Uncategorized
NLY,Annaly Capital Management Inc.,NYSE,Uncategorized
NLY$F,Annaly Capital Management Inc 6.95% Series F,NYSE,Uncategorized
NLY$G,Annaly Capital Management Inc 6.50% Series G Fixed-to-Floating Rate Cumulative Redeemable Preferred Stock,NYSE,Uncategorized
NLY$I,Annaly Capital Management Inc 6.750% Series I Fixed-to-Floating Rate Cumulative Redeemable Preferred Stock,NYSE,Uncategorized
NLY$J,Annaly Capital Management Inc. 8.875% Series J Fixed-Rate Cumulative Redeemable Preferred Stock,NYSE,Uncategorized
NMAI,Nuveen Multi-Asset Income Fund Common Shares of Beneficial Interest,NYSE,Uncategorized
NMAR,Innovator Growth-100 Power Buffer ETF - March,BATS,Uncategorized
NMAX,"Newsmax, Inc. Class B",NYSE,Uncategorized
NMAY,Innovator Growth-100 Power Buffer ETF - May,BATS,Uncategorized
NMB,Simplify National Muni Bond ETF,NYSE ARCA,Uncategorized
NMBL,NovaTide Flexible Allocation ETF,NYSE ARCA,Uncategorized
NMCO,Nuveen Municipal Credit Opportunities Fund Common Shares,NYSE,Uncategorized
NMFC,New Mountain Finance Corporation,NASDAQ,Uncategorized
NMFCZ,New Mountain Finance Corporation - 8.250% Notes due 2028,NASDAQ,Uncategorized
NMG,Nouveau Monde Graphite Inc. Common Shares,NYSE,Uncategorized
NMI,"Nuveen Municipal Income Fund, Inc.",NYSE,Uncategorized
NMIH,NMI Holdings Inc,NASDAQ,Uncategorized
NML,Neuberger Energy Infrastructure and Income Fund Inc.,NYSE MKT,Uncategorized
NMM,Navios Maritime Partners LP Common Units Representing Limited Partner Interests,NYSE,Uncategorized
NMP,NMP Acquisition Corp.,NASDAQ,Uncategorized
NMPAR,NMP Acquisition Corp. - Right,NASDAQ,Uncategorized
NMPAU,NMP Acquisition Corp.,NASDAQ,Uncategorized
NMR,Nomura Holdings Inc ADR American Depositary Shares,NYSE,Uncategorized
NMRA,"Neumora Therapeutics, Inc.",NASDAQ,Uncategorized
NMRK,"Newmark Group, Inc. - Class A",NASDAQ,Uncategorized
NMS,Nuveen Minnesota Quality Municipal Income Fund,NYSE,Uncategorized
NMT,Nuveen Massachusetts Quality Municipal Income Fund,NYSE,Uncategorized
NMTC,NeuroOne Medical Technologies Corporation,NASDAQ,Uncategorized
NMZ,"Nuveen Municipal High Income Opportunity Fund Common Stock, $0.01 par value, per share",NYSE,Uncategorized
NN,NextNav Inc.,NASDAQ,Uncategorized
NNAVW,NextNav Inc. - Warrant,NASDAQ,Uncategorized
NNBR,"NN, Inc.",NASDAQ,Uncategorized
NNDM,Nano Dimension Ltd. - American Depositary Shares,NASDAQ,Uncategorized
NNE,Nano Nuclear Energy Inc.,NASDAQ,Uncategorized
NNEX,Tradr 2X Long NNE Daily ETF,BATS,Uncategorized
NNI,"Nelnet, Inc.",NYSE,Uncategorized
NNN,"NNN REIT, Inc.",NYSE,Uncategorized
NNNN,Anbio Biotechnology,NASDAQ,Uncategorized
NNOV,Innovator Growth-100 Power Buffer ETF - November,BATS,Uncategorized
NNOX,NANO-X IMAGING LTD - Ordinary Shares,NASDAQ,Uncategorized
NNVC,"NanoViricides, Inc.",NYSE MKT,Uncategorized
NNY,Nuveen New York Municipal Value Fund,NYSE,Uncategorized
NOA,North American Construction Group Ltd. Common Shares (no par),NYSE,Uncategorized
NOAH,Noah Holdings Limited American Depositary Shares,NYSE,Uncategorized
NOBL,ProShares S&P 500 Dividend Aristocrats ETF,BATS,Uncategorized
NOC,Northrop Grumman Corporation,NYSE,Uncategorized
NOCT,Innovator Growth-100 Power Buffer ETF- October,BATS,Uncategorized
NODE,VanEck Onchain Economy ETF,BATS,Uncategorized
NODK,"NI Holdings, Inc.",NASDAQ,Uncategorized
NOEM,CO2 Energy Transition Corp.,NASDAQ,Uncategorized
NOEMR,CO2 Energy Transition Corp. - Right,NASDAQ,Uncategorized
NOEMU,CO2 Energy Transition Corp.,NASDAQ,Uncategorized
NOEMW,CO2 Energy Transition Corp. - Warrant,NASDAQ,Uncategorized
NOG,"Northern Oil and Gas, Inc.",NYSE,Uncategorized
NOK,Nokia Corporation Sponsored American Depositary Shares,NYSE,Uncategorized
NOM,Nuveen Missouri Quality Municipal Income Fund,NYSE,Uncategorized
NOMA,NOMADAR Corp. - Class A,NASDAQ,Uncategorized
NOMD,Nomad Foods Limited Ordinary Shares,NYSE,Uncategorized
NORW,Global X MSCI Norway ETF,NYSE ARCA,Uncategorized
NOTE,"FiscalNote Holdings, Inc. Class A",NYSE,Uncategorized
NOTE.W,"FiscalNote Holdings, Inc. Warrants to purchase one share of Class A common stock, each at an exercise price of $11.50 per share",NYSE,Uncategorized
NOTV,"Inotiv, Inc.",NASDAQ,Uncategorized
NOV,NOV Inc.,NYSE,Uncategorized
NOVM,FT Vest U.S. Equity Max Buffer ETF - November,BATS,Uncategorized
NOVP,PGIM S&P 500 Buffer 12 ETF - November,BATS,Uncategorized
NOVT,Novanta Inc. - Common Shares,NASDAQ,Uncategorized
NOVTU,Novanta Inc. - Tangible Equity Units,NASDAQ,Uncategorized
NOVZ,TrueShares Structured Outcome (November) ETF,BATS,Uncategorized
NOW,"ServiceNow, Inc.",NYSE,Uncategorized
NOWL,GraniteShares 2x Long NOW Daily ETF,NASDAQ,Uncategorized
NP,Neptune Insurance Holdings Inc. Class A,NYSE,Uncategorized
NPAC,New Providence Acquisition Corp. III - Ordinary Shares,NASDAQ,Uncategorized
NPACU,New Providence Acquisition Corp. III,NASDAQ,Uncategorized
NPACW,New Providence Acquisition Corp. III - Warrants,NASDAQ,Uncategorized
NPB,"Northpointe Bancshares, Inc.",NYSE,Uncategorized
NPCE,"Neuropace, Inc.",NASDAQ,Uncategorized
NPCT,Nuveen Core Plus Impact Fund Common Shares of Beneficial Interest,NYSE,Uncategorized
NPFD,Nuveen Variable Rate Preferred & Income Fund Common Shares,NYSE,Uncategorized
NPFI,Nuveen Preferred and Income ETF,NASDAQ,Uncategorized
NPK,"National Presto Industries, Inc.",NYSE,Uncategorized
NPKI,NPK International Inc.,NYSE,Uncategorized
NPO,Enpro Inc.,NYSE,Uncategorized
NPT,Texxon Holding Limited - Ordinary shares,NASDAQ,Uncategorized
NPV,Nuveen Virginia Quality Municipal Income Fund,NYSE,Uncategorized
NPWR,NET Power Inc. Class A,NYSE,Uncategorized
NPWR.W,"NET Power Inc. Redeemable warrants, each whole warrant exercisable for one share of Class A Common Stock at an exercise price of $11.50",NYSE,Uncategorized
NQP,Nuveen Pennsylvania Quality Municipal Income Fund,NYSE,Uncategorized
NRC,National Research Corporation,NASDAQ,Uncategorized
NRDS,"NerdWallet, Inc. - Class A",NASDAQ,Uncategorized
NRDY,Nerdy Inc. Class A,NYSE,Uncategorized
NREF,"NexPoint Real Estate Finance, Inc.",NYSE,Uncategorized
NREF$A,"NexPoint Real Estate Finance, Inc. 8.50% Series A Cumulative Redeemable Preferred Stock",NYSE,Uncategorized
NRES,Xtrackers RREEF Global Natural Resources ETF,NASDAQ,Uncategorized
NRG,"NRG Energy, Inc.",NYSE,Uncategorized
NRGD,"MicroSectors U.S. Big Oil -3 Inverse Leveraged ETNs due February 17, 2045",NYSE ARCA,Uncategorized
NRGU,"MicroSectors U.S. Big Oil 3 Leveraged ETNs due February 17, 2045",NYSE ARCA,Uncategorized
NRGV,"Energy Vault Holdings, Inc.",NYSE,Uncategorized
NRIM,Northrim BanCorp Inc,NASDAQ,Uncategorized
NRIX,"Nurix Therapeutics, Inc.",NASDAQ,Uncategorized
NRK,Nuveen New York AMT-Free Quality Municipal Income Fund,NYSE,Uncategorized
NRO,Neuberger Real Estate Securities Income Fund Inc.,NYSE MKT,Uncategorized
NRP,Natural Resource Partners LP Limited Partnership,NYSE,Uncategorized
NRSH,Aztlan North America Nearshoring Stock Selection ETF,NYSE ARCA,Uncategorized
NRSN,NeuroSense Therapeutics Ltd. - Ordinary Shares,NASDAQ,Uncategorized
NRSNW,NeuroSense Therapeutics Ltd. - Warrant,NASDAQ,Uncategorized
NRT,North European Oil Royality Trust,NYSE,Uncategorized
NRUC,National Rural Utilities Cooperative Finance Corporation 5.500% Subordinated Notes due 2064 (Subordinated Deferrable Interest Notes),NYSE,Uncategorized
NRXP,"NRX Pharmaceuticals, Inc.",NASDAQ,Uncategorized
NRXPW,"NRX Pharmaceuticals, Inc. - Warrant",NASDAQ,Uncategorized
NRXS,"Neuraxis, Inc.",NYSE MKT,Uncategorized
NSA,National Storage Affiliates Trust Common Shares of Beneficial Interest,NYSE,Uncategorized
NSA$A,National Storage Affiliates Trust 6.000% Series A Cumulative Redeemable Preferred Shares of Beneficial Interest (Liquidation Preference $25.00 per share),NYSE,Uncategorized
NSA$B,National Storage Affiliates Trust 6.000% Series B Cumulative Redeemable Preferred Shares of Beneficial Interest,NYSE,Uncategorized
NSC,Norfolk Southern Corporation,NYSE,Uncategorized
NSCI,Nuveen Securitized Income ETF,NYSE ARCA,Uncategorized
NSCR,Nuveen Sustainable Core ETF,NASDAQ,Uncategorized
NSEP,Innovator Growth-100 Power Buffer ETF - September,BATS,Uncategorized
NSI,National Security Emerging Markets Index ETF,NASDAQ,Uncategorized
NSIT,"Insight Enterprises, Inc.",NASDAQ,Uncategorized
NSP,"Insperity, Inc.",NYSE,Uncategorized
NSPR,InspireMD Inc.,NASDAQ,Uncategorized
NSRX,Nasus Pharma Ltd. Ordinary Shares,NYSE MKT,Uncategorized
NSSC,"NAPCO Security Technologies, Inc.",NASDAQ,Uncategorized
NSTS,"NSTS Bancorp, Inc.",NASDAQ,Uncategorized
NSYS,Nortech Systems Incorporated,NASDAQ,Uncategorized
NTAP,"NetApp, Inc.",NASDAQ,Uncategorized
NTB,Bank of N.T. Butterfield & Son Limited (The) Voting Ordinary Shares,NYSE,Uncategorized
NTCL,NETCLASS TECHNOLOGY INC,NASDAQ,Uncategorized
NTCT,"NetScout Systems, Inc.",NASDAQ,Uncategorized
NTES,"NetEase, Inc. - American Depositary Shares, each representing 5 ordinary shares",NASDAQ,Uncategorized
NTGR,"NETGEAR, Inc.",NASDAQ,Uncategorized
NTHI,"NeOnc Technologies Holdings, Inc.",NASDAQ,Uncategorized
NTIC,Northern Technologies International Corporation,NASDAQ,Uncategorized
NTIP,"Network-1 Technologies, Inc.",NYSE MKT,Uncategorized
NTLA,"Intellia Therapeutics, Inc.",NASDAQ,Uncategorized
NTNX,"Nutanix, Inc. - Class A",NASDAQ,Uncategorized
NTR,Nutrien Ltd. Common Shares,NYSE,Uncategorized
NTRA,"Natera, Inc.",NASDAQ,Uncategorized
NTRB,Nutriband Inc.,NASDAQ,Uncategorized
NTRBW,Nutriband Inc. - Warrant,NASDAQ,Uncategorized
NTRP,"NextTrip, Inc.",NASDAQ,Uncategorized
NTRS,Northern Trust Corporation,NASDAQ,Uncategorized
NTRSO,"Northern Trust Corporation - Depositary Shares Each Representing a 1/1,000th Interest in a Share of Series E Non-Cumulative Perpetual Preferred Stock",NASDAQ,Uncategorized
NTSE,WisdomTree Emerging Markets Efficient Core Fund,NYSE ARCA,Uncategorized
NTSI,WisdomTree International Efficient Core Fund,NYSE ARCA,Uncategorized
NTSK,"Netskope, Inc. - Class A",NASDAQ,Uncategorized
NTST,NetSTREIT Corp.,NYSE,Uncategorized
NTSX,WisdomTree U.S. Efficient Core Fund,NYSE ARCA,Uncategorized
NTWK,NETSOL Technologies Inc.,NASDAQ,Uncategorized
NTWO,Newbury Street II Acquisition Corp,NASDAQ,Uncategorized
NTWOU,Newbury Street II Acquisition Corp,NASDAQ,Uncategorized
NTWOW,Newbury Street II Acquisition Corp - Warrant,NASDAQ,Uncategorized
NTZ,"Natuzzi, S.p.A.",NYSE,Uncategorized
NU,Nu Holdings Ltd. Class A Ordinary Shares,NYSE,Uncategorized
NUAG,Nuveen Enhanced Yield U.S. Aggregate Bond ETF,NYSE ARCA,Uncategorized
NUAI,"New Era Energy & Digital, Inc.",NASDAQ,Uncategorized
NUAIW,"New Era Energy & Digital, Inc. - Warrants",NASDAQ,Uncategorized
NUBD,Nuveen ESG U.S. Aggregate Bond ETF,NYSE ARCA,Uncategorized
NUCL,Eagle Nuclear Energy Corp.,NASDAQ,Uncategorized
NUCLW,Eagle Nuclear Energy Corp. - Warrants,NASDAQ,Uncategorized
NUDM,Nuveen ESG International Developed Markets Equity ETF,BATS,Uncategorized
NUDV,Nuveen ESG Dividend ETF,BATS,Uncategorized
NUE,Nucor Corporation,NYSE,Uncategorized
NUEM,Nuveen ESG Emerging Markets Equity ETF,BATS,Uncategorized
NUG,Leverage Shares 2X Long NU Daily ETF,NASDAQ,Uncategorized
NUGO,Nuveen Growth Opportunities ETF,NYSE ARCA,Uncategorized
NUGT,Direxion Daily Gold Miners Index Bull 2XShares,NYSE ARCA,Uncategorized
NUGY,GraniteShares YieldBOOST Gold Miners ETF,NASDAQ,Uncategorized
NUHY,Nuveen ESG High Yield Corporate Bond ETF,NYSE ARCA,Uncategorized
NUKZ,Range Nuclear Renaissance Index ETF,NYSE ARCA,Uncategorized
NULC,Nuveen ESG Large-Cap ETF,BATS,Uncategorized
NULG,Nuveen ESG Large-Cap Growth ETF,BATS,Uncategorized
NULV,Nuveen ESG Large-Cap Value ETF,BATS,Uncategorized
NUMG,Nuveen ESG Mid-Cap Growth ETF,BATS,Uncategorized
NUMI,Nuveen Municipal Income ETF,NYSE ARCA,Uncategorized
NUMV,Nuveen ESG Mid-Cap Value ETF,BATS,Uncategorized
NURE,Nuveen Short-Term REIT ETF,BATS,Uncategorized
NUS,"Nu Skin Enterprises, Inc.",NYSE,Uncategorized
NUSA,Nuveen ESG 1-5 Year U.S. Aggregate Bond ETF,NYSE ARCA,Uncategorized
NUSB,Nuveen Ultra Short Income ETF,NASDAQ,Uncategorized
NUSC,Nuveen ESG Small-Cap ETF,BATS,Uncategorized
NUTR,Nusatrip Incorporated,NASDAQ,Uncategorized
NUTX,Nutex Health Inc.,NASDAQ,Uncategorized
NUV,"Nuveen Municipal Value Fund, Inc.",NYSE,Uncategorized
NUVB,Nuvation Bio Inc. Class A,NYSE,Uncategorized
NUVL,"Nuvalent, Inc. - Class A",NASDAQ,Uncategorized
NUW,Nuveen AMT-Free Municipal Value Fund,NYSE,Uncategorized
NUWE,"Nuwellis, Inc.",NASDAQ,Uncategorized
NVA,Nova Minerals Limited - American Depositary Shares,NASDAQ,Uncategorized
NVAWW,Nova Minerals Limited - Warrant,NASDAQ,Uncategorized
NVAX,"Novavax, Inc.",NASDAQ,Uncategorized
NVBT,AllianzIM U.S. Large Cap Buffer10 Nov ETF,BATS,Uncategorized
NVBU,AllianzIM U.S. Equity Buffer15 Uncapped Nov ETF,BATS,Uncategorized
NVBW,AllianzIM U.S. Large Cap Buffer20 Nov ETF,BATS,Uncategorized
NVCR,NovoCure Limited - Ordinary Shares,NASDAQ,Uncategorized
NVCT,"Nuvectis Pharma, Inc.",NASDAQ,Uncategorized
NVD,GraniteShares 2x Short NVDA Daily ETF,NASDAQ,Uncategorized
NVDA,NVIDIA Corporation,NASDAQ,Uncategorized
NVDB,ProShares Ultra NVDA,NYSE ARCA,Uncategorized
NVDD,Direxion Daily NVDA Bear 1X Shares,NASDAQ,Uncategorized
NVDG,Leverage Shares 2X Long NVDA Daily ETF,NASDAQ,Uncategorized
NVDL,GraniteShares 2x Long NVDA Daily ETF,NASDAQ,Uncategorized
NVDO,Leverage Shares 2x Capped Accelerated NVDA Monthly ETF,BATS,Uncategorized
NVDQ,T-Rex 2X Inverse NVIDIA Daily Target ETF,BATS,Uncategorized
NVDS,Tradr 1.5X Short NVDA Daily ETF,NASDAQ,Uncategorized
NVDU,Direxion Daily NVDA Bull 2X Shares,NASDAQ,Uncategorized
NVDW,Roundhill NVDA WeeklyPay ETF,BATS,Uncategorized
NVDX,T-Rex 2X Long NVIDIA Daily Target ETF,BATS,Uncategorized
NVDY,YieldMax NVDA Option Income Strategy ETF,NYSE ARCA,Uncategorized
NVEC,NVE Corporation,NASDAQ,Uncategorized
NVG,Nuveen AMT-Free Municipal Credit Income Fund,NYSE,Uncategorized
NVGS,Navigator Holdings Ltd. Ordinary Shares (Marshall Islands),NYSE,Uncategorized
NVII,REX NVDA Growth & Income ETF,BATS,Uncategorized
NVIR,Horizon Kinetics Energy and Remediation ETF,NYSE ARCA,Uncategorized
NVIT,YieldMax NVDA Performance & Distribution Target 25 ETF,BATS,Uncategorized
NVMI,Nova Ltd. - Ordinary Shares,NASDAQ,Uncategorized
NVNI,Nvni Group Limited - Ordinary Shares,NASDAQ,Uncategorized
NVNIW,Nvni Group Limited - Warrants,NASDAQ,Uncategorized
NVNO,enVVeno Medical Corporation,NASDAQ,Uncategorized
NVO,Novo Nordisk A/S,NYSE,Uncategorized
NVOH,Novo Nordisk A/S B Shares ADRhedged,NYSE ARCA,Uncategorized
NVOX,Defiance Daily Target 2X Long NVO ETF,NYSE ARCA,Uncategorized
NVR,"NVR, Inc.",NYSE,Uncategorized
NVRI,Enviri Corporation,NYSE,Uncategorized
NVS,Novartis AG,NYSE,Uncategorized
NVST,Envista Holdings Corporation,NYSE,Uncategorized
NVT,nVent Electric plc Ordinary Shares,NYSE,Uncategorized
NVTS,Navitas Semiconductor Corporation,NASDAQ,Uncategorized
NVTX,Tradr 2X Long NVTS Daily ETF,BATS,Uncategorized
NVVE,Nuvve Holding Corp.,NASDAQ,Uncategorized
NVVEW,Nuvve Holding Corp. - Warrant,NASDAQ,Uncategorized
NVX,NOVONIX Limited - American Depository Shares,NASDAQ,Uncategorized
NVYY,GraniteShares YieldBOOST NVDA ETF,NASDAQ,Uncategorized
NWAX,New America Acquisition I Corp. Class A,NYSE,Uncategorized
NWAX.U,"New America Acquisition I Corp. Units, each consisting of one share of Class A Common Stock and one-half of one redeemable warrant",NYSE,Uncategorized
NWAX.W,"New America Acquisition I Corp. Warrants, each whole warrant is exercisable to purchase one share of Class A",NYSE,Uncategorized
NWBI,"Northwest Bancshares, Inc.",NASDAQ,Uncategorized
NWE,"NorthWestern Energy Group, Inc.",NASDAQ,Uncategorized
NWFL,Norwood Financial Corp.,NASDAQ,Uncategorized
NWG,"NatWest Group plc American Depositary Shares, (each representing two (2) Ordinary Shares)",NYSE,Uncategorized
NWGL,CL Workshop Group Limited - American Depositary Shares,NASDAQ,Uncategorized
NWL,Newell Brands Inc.,NASDAQ,Uncategorized
NWLG,Nuveen Winslow Large-Cap Growth ESG ETF,NYSE ARCA,Uncategorized
NWN,Northwest Natural Holding Company,NYSE,Uncategorized
NWPX,"NWPX Infrastructure, Inc.",NASDAQ,Uncategorized
NWS,News Corporation - Class B,NASDAQ,Uncategorized
NWSA,News Corporation - Class A,NASDAQ,Uncategorized
NWTG,"Newton Golf Company, Inc.",NASDAQ,Uncategorized
NX,Quanex Building Products Corporation,NYSE,Uncategorized
NXDR,"Nextdoor Holdings, Inc. Class A",NYSE,Uncategorized
NXDT,NexPoint Diversified Real Estate Trust,NYSE,Uncategorized
NXDT$A,NexPoint Diversified Real Estate Trust 5.50% Series A Cumulative Preferred Shares ($25.00 liquidation preference per share),NYSE,Uncategorized
NXE,Nexgen Energy Ltd. Common Shares,NYSE,Uncategorized
NXG,NXG NextGen Infrastructure Income Fund Common Shares of Beneficial Interest,NYSE,Uncategorized
NXGL,"NexGel, Inc",NASDAQ,Uncategorized
NXGLW,"NexGel, Inc - Warrant",NASDAQ,Uncategorized
NXJ,Nuveen New Jersey Qualified Municipal Fund,NYSE,Uncategorized
NXL,"Nexalin Technology, Inc.",NASDAQ,Uncategorized
NXP,Nuveen Select Tax Free Income Portfolio,NYSE,Uncategorized
NXPI,NXP Semiconductors N.V.,NASDAQ,Uncategorized
NXPL,NextPlat Corp,NASDAQ,Uncategorized
NXPLW,NextPlat Corp - Warrants,NASDAQ,Uncategorized
NXRT,"NexPoint Residential Trust, Inc.",NYSE,Uncategorized
NXST,"Nexstar Media Group, Inc.",NASDAQ,Uncategorized
NXT,Nextpower Inc. - Class A,NASDAQ,Uncategorized
NXTC,"NextCure, Inc.",NASDAQ,Uncategorized
NXTE,AXS Green Alpha ETF,NYSE ARCA,Uncategorized
NXTG,First Trust Indxx NextG ETF,NASDAQ,Uncategorized
NXTI,Simplify Next Intangible Core Index ETF,BATS,Uncategorized
NXTS,Nexentis Technologies Inc.,NASDAQ,Uncategorized
NXTT,Next Technology Holding Inc. - Ordinary Shares,NASDAQ,Uncategorized
NXUS,Nuveen International Aggregate Bond ETF,NYSE ARCA,Uncategorized
NXXT,"NextNRG, Inc.",NASDAQ,Uncategorized
NYAX,Nayax Ltd. - Ordinary Shares,NASDAQ,Uncategorized
NYC,American Strategic Investment Co. Class A,NYSE,Uncategorized
NYF,iShares New York Muni Bond ETF,NYSE ARCA,Uncategorized
NYM,AB New York Intermediate Municipal ETF,NYSE ARCA,Uncategorized
NYT,New York Times Company (The),NYSE,Uncategorized
NYXH,Nyxoah SA - Ordinary Shares,NASDAQ,Uncategorized
NZAC,State Street SPDR MSCI ACWI Climate Paris Aligned ETF,NASDAQ,Uncategorized
NZF,Nuveen Municipal Credit Income Fund,NYSE,Uncategorized
NZUS,State Street SPDR MSCI USA Climate Paris Aligned ETF,NASDAQ,Uncategorized
O,Realty Income Corporation,NYSE,Uncategorized
OABI,"OmniAb, Inc.",NASDAQ,Uncategorized
OABIW,"OmniAb, Inc. - Warrant",NASDAQ,Uncategorized
OACC,Oaktree Acquisition Corp. III Life Sciences,NASDAQ,Uncategorized
OACCU,Oaktree Acquisition Corp. III Life Sciences,NASDAQ,Uncategorized
OACCW,Oaktree Acquisition Corp. III Life Sciences - Warrant,NASDAQ,Uncategorized
OACP,OneAscent Core Plus Bond ETF,NYSE ARCA,Uncategorized
OAEM,OneAscent Emerging Markets ETF,NYSE ARCA,Uncategorized
OAIM,OneAscent International Equity ETF,NYSE ARCA,Uncategorized
OAK$A,"Brookfield Oaktree Holdings, LLC 6.625% Series A Preferred Units",NYSE,Uncategorized
OAK$B,"Brookfield Oaktree Holdings, LLC 6.550% Series B Preferred Units",NYSE,Uncategorized
OAKG,Oakmark Global Large Cap ETF,NYSE ARCA,Uncategorized
OAKI,Oakmark International Large Cap ETF,NYSE ARCA,Uncategorized
OAKM,Oakmark U.S. Large Cap ETF,NYSE ARCA,Uncategorized
OAKU,Oak Woods Acquisition Corporation,NASDAQ,Uncategorized
OAKUR,Oak Woods Acquisition Corporation - Right,NASDAQ,Uncategorized
OAKUU,Oak Woods Acquisition Corporation,NASDAQ,Uncategorized
OAKUW,Oak Woods Acquisition Corporation - Warrant,NASDAQ,Uncategorized
OALC,OneAscent Large Cap Core ETF,NYSE ARCA,Uncategorized
OARK,YieldMax Innovation Option Income Strategy ETF,NYSE ARCA,Uncategorized
OASC,OneAscent Enhanced Small and Mid Cap ETF,NYSE ARCA,Uncategorized
OBA,Oxley Bridge Acquisition Limited,NASDAQ,Uncategorized
OBAI,"Our Bond, Inc.",NASDAQ,Uncategorized
OBAWU,Oxley Bridge Acquisition Limited,NASDAQ,Uncategorized
OBAWW,Oxley Bridge Acquisition Limited - Warrants,NASDAQ,Uncategorized
OBDC,Blue Owl Capital Corporation,NYSE,Uncategorized
OBE,Obsidian Energy Ltd. Common Shares,NYSE MKT,Uncategorized
OBIL,US Treasury 12 Month Bill ETF,NASDAQ,Uncategorized
OBIO,"Orchestra BioMed Holdings, Inc. - Ordinary Shares",NASDAQ,Uncategorized
OBK,"Origin Bancorp, Inc.",NYSE,Uncategorized
OBND,State Street Loomis Sayles Opportunistic Bond ETF,BATS,Uncategorized
OBOR,KraneShares MSCI One Belt One Road Index ETF,NYSE ARCA,Uncategorized
OBT,"Orange County Bancorp, Inc.",NASDAQ,Uncategorized
OBTC,Osprey Bitcoin Trust,NASDAQ,Uncategorized
OC,Owens Corning Inc Common Stock New,NYSE,Uncategorized
OCC,Optical Cable Corporation,NASDAQ,Uncategorized
OCCI,"OFS Credit Company, Inc. - Closed End Fund",NASDAQ,Uncategorized
OCCIM,"OFS Credit Company, Inc. - 7.875% Series F Term Preferred Stock",NASDAQ,Uncategorized
OCCIN,"OFS Credit Company, Inc. - 5.25% Series E Term Preferred Stock Due 2026",NASDAQ,Uncategorized
OCCIO,"OFS Credit Company, Inc. - 6.125% Series C Term Preferred Stock",NASDAQ,Uncategorized
OCFC,OceanFirst Financial Corp.,NASDAQ,Uncategorized
OCG,Oriental Culture Holding LTD - Ordinary Shares,NASDAQ,Uncategorized
OCGN,"Ocugen, Inc.",NASDAQ,Uncategorized
OCIO,ClearShares OCIO ETF,NYSE ARCA,Uncategorized
OCS,Oculis Holding AG - Ordinary shares,NASDAQ,Uncategorized
OCSAW,Oculis Holding AG - Warrants,NASDAQ,Uncategorized
OCSL,Oaktree Specialty Lending Corporation - Closed End Fund,NASDAQ,Uncategorized
OCTB,Aptus October Buffer ETF,BATS,Uncategorized
OCTH,Innovator Premium Income 20 Barrier ETF - October,BATS,Uncategorized
OCTJ,Innovator Premium Income 30 Barrier ETF - October,BATS,Uncategorized
OCTM,FT Vest U.S. Equity Max Buffer ETF - October,BATS,Uncategorized
OCTP,PGIM S&P 500 Buffer 12 ETF - October,BATS,Uncategorized
OCTT,AllianzIM U.S. Large Cap Buffer10 Oct ETF,BATS,Uncategorized
OCTU,AllianzIM U.S. Equity Buffer15 Uncapped Oct ETF,BATS,Uncategorized
OCTW,AllianzIM U.S. Large Cap Buffer20 Oct ETF,BATS,Uncategorized
OCTZ,TrueShares Structured Outcome (October) ETF,BATS,Uncategorized
OCUL,"Ocular Therapeutix, Inc.",NASDAQ,Uncategorized
ODC,Oil-Dri Corporation Of America,NYSE,Uncategorized
ODD,ODDITY Tech Ltd.,NASDAQ,Uncategorized
ODDS,Pacer BlueStar Digital Entertainment ETF,NASDAQ,Uncategorized
ODFL,"Old Dominion Freight Line, Inc.",NASDAQ,Uncategorized
ODHY,Obra Defensive High Yield ETF,NYSE ARCA,Uncategorized
ODV,Osisko Development Corp. Common Shares,NYSE,Uncategorized
ODVWZ,Osisko Development Corp. - Warrant,NASDAQ,Uncategorized
ODYS,Odysight.ai Inc.,NASDAQ,Uncategorized
OEC,Orion S.A. Common Shares,NYSE,Uncategorized
OEF,iShares S&P 100 Fund,NYSE ARCA,Uncategorized
OEFA,ALPS O'Shares International Developed Quality Dividend ETF,NYSE ARCA,Uncategorized
OEI,Optimized Equity Income ETF,NYSE ARCA,Uncategorized
OESX,"Orion Energy Systems, Inc.",NASDAQ,Uncategorized
OFAL,OFA Group,NASDAQ,Uncategorized
OFG,OFG Bancorp,NYSE,Uncategorized
OFIX,Orthofix Medical Inc.,NASDAQ,Uncategorized
OFLX,"Omega Flex, Inc.",NASDAQ,Uncategorized
OFRM,"Once Upon a Farm, PBC",NYSE,Uncategorized
OFS,OFS Capital Corporation - Closed End Fund,NASDAQ,Uncategorized
OFSSH,OFS Capital Corporation - 4.95% Notes due 2028,NASDAQ,Uncategorized
OFSSO,OFS Capital Corporation - 7.50% Notes due 2028,NASDAQ,Uncategorized
OGCP,"Empire State Realty OP, L.P. Series 60 Operating Partnership Units Representing Limited Partnership Interests",NYSE ARCA,Uncategorized
OGE,OGE Energy Corp,NYSE,Uncategorized
OGEN,Oragenics Inc.,NYSE MKT,Uncategorized
OGI,Organigram Global Inc. - Common Shares,NASDAQ,Uncategorized
OGIG,ALPS O'Shares Global Internet Giants ETF,NYSE ARCA,Uncategorized
OGN,Organon & Co.,NYSE,Uncategorized
OGS,"ONE Gas, Inc.",NYSE,Uncategorized
OGSP,Obra High Grade Structured Products ETF,NYSE ARCA,Uncategorized
OHI,"Omega Healthcare Investors, Inc.",NYSE,Uncategorized
OI,"O-I Glass, Inc.",NYSE,Uncategorized
OIA,Invesco Municipal Income Opportunities Trust,NYSE,Uncategorized
OIH,VanEck Oil Services ETF,NYSE ARCA,Uncategorized
OII,"Oceaneering International, Inc.",NYSE,Uncategorized
OILD,MicroSectors Oil & Gas Exp. & Prod. -3x Inverse Leveraged ETN,NYSE ARCA,Uncategorized
OILK,ProShares K-1 Free Crude Oil ETF,BATS,Uncategorized
OILT,Texas Capital Texas Oil Index ETF,NYSE ARCA,Uncategorized
OILU,MicroSectors Oil & Gas Exp. & Prod. 3x Leveraged ETN,NYSE ARCA,Uncategorized
OIMAU,OneIM Acquisition Corp.,NASDAQ,Uncategorized
OIS,"Oil States International, Inc.",NYSE,Uncategorized
OKE,"ONEOK, Inc.",NYSE,Uncategorized
OKLL,Defiance Daily Target 2x Long OKLO ETF,NASDAQ,Uncategorized
OKLO,Oklo Inc. Class A,NYSE,Uncategorized
OKLS,Defiance Daily Target 2X Short OKLO ETF,NYSE ARCA,Uncategorized
OKTA,"Okta, Inc. - Class A",NASDAQ,Uncategorized
OKTG,Leverage Shares 2X Long OKTA Daily ETF,NASDAQ,Uncategorized
OKUR,"OnKure Therapeutics, Inc. - Class A",NASDAQ,Uncategorized
OKYO,OKYO Pharma Limited - Ordinary Shares,NASDAQ,Uncategorized
OLB,"The OLB Group, Inc.",NASDAQ,Uncategorized
OLED,Universal Display Corporation,NASDAQ,Uncategorized
OLLI,"Ollie's Bargain Outlet Holdings, Inc.",NASDAQ,Uncategorized
OLMA,"Olema Pharmaceuticals, Inc.",NASDAQ,Uncategorized
OLN,Olin Corporation,NYSE,Uncategorized
OLOX,Olenox Industries Inc.,NASDAQ,Uncategorized
OLP,"One Liberty Properties, Inc.",NYSE,Uncategorized
OLPX,"Olaplex Holdings, Inc.",NASDAQ,Uncategorized
OM,"Outset Medical, Inc.",NASDAQ,Uncategorized
OMAB,Grupo Aeroportuario del Centro Norte S.A.B. de C.V. - American Depositary Shares each representing 8 Series B shares,NASDAQ,Uncategorized
OMAH,VistaShares Target 15 Berkshire Select Income ETF,NYSE ARCA,Uncategorized
OMC,Omnicom Group Inc.,NYSE,Uncategorized
OMCL,"Omnicell, Inc.",NASDAQ,Uncategorized
OMDA,"Omada Health, Inc.",NASDAQ,Uncategorized
OMER,Omeros Corporation,NASDAQ,Uncategorized
OMEX,"Odyssey Marine Exploration, Inc.",NASDAQ,Uncategorized
OMF,"OneMain Holdings, Inc.",NYSE,Uncategorized
OMFL,Invesco Russell 1000 Dynamic Multifactor ETF,BATS,Uncategorized
OMFS,Invesco Russell 2000 Dynamic Multifactor ETF,BATS,Uncategorized
OMH,Ohmyhome Limited,NASDAQ,Uncategorized
OMSE,OMS Energy Technologies Inc. - Ordinary Shares,NASDAQ,Uncategorized
ON,ON Semiconductor Corporation,NASDAQ,Uncategorized
ONB,Old National Bancorp,NASDAQ,Uncategorized
ONBPO,"Old National Bancorp - Depositary Shares, Each Representing a 1/40th Interest in a Share of Series C Preferred Stock",NASDAQ,Uncategorized
ONBPP,"Old National Bancorp - Depositary Shares, Each Representing a 1/40th Interest in a Share of Series A Preferred Stock",NASDAQ,Uncategorized
ONC,BeOne Medicines Ltd. - American Depositary Shares,NASDAQ,Uncategorized
ONCH,1RT Acquisition Corp.,NASDAQ,Uncategorized
ONCHU,1RT Acquisition Corp.,NASDAQ,Uncategorized
ONCHW,1RT Acquisition Corp. - Warrant,NASDAQ,Uncategorized
ONCO,"Onconetix, Inc.",NASDAQ,Uncategorized
ONCY,Oncolytics Biotech Inc. - Common Shares,NASDAQ,Uncategorized
OND,ProShares On-Demand ETF,NYSE ARCA,Uncategorized
ONDG,Leverage Shares 2X Long ONDS Daily ETF,NASDAQ,Uncategorized
ONDL,Defiance Daily Target 2X Long ONDS ETF,BATS,Uncategorized
ONDS,Ondas Inc,NASDAQ,Uncategorized
ONDU,Tradr 2X Long ONDS Daily ETF,BATS,Uncategorized
ONEG,OneConstruction Group Limited - Ordinary Shares,NASDAQ,Uncategorized
ONEH,TrueShares Equity Hedge ETF,BATS,Uncategorized
ONEO,State Street SPDR Russell 1000 Momentum Focus ETF,NYSE ARCA,Uncategorized
ONEQ,Fidelity Nasdaq Composite Index ETF,NASDAQ,Uncategorized
ONEV,State Street SPDR Russell 1000 Low Volatility Focus ETF,NYSE ARCA,Uncategorized
ONEW,OneWater Marine Inc. - Class A,NASDAQ,Uncategorized
ONEY,State Street SPDR Russell 1000 Yield Focus ETF,NYSE ARCA,Uncategorized
ONEZ,TrueShares Seasonality Laddered Buffered ETF,BATS,Uncategorized
ONFO,Onfolio Holdings Inc.,NASDAQ,Uncategorized
ONFOW,Onfolio Holdings Inc. - Warrant,NASDAQ,Uncategorized
ONIT,Onity Group Inc.,NYSE,Uncategorized
ONL,Orion Properties Inc.,NYSE,Uncategorized
ONLN,ProShares Online Retail ETF,NYSE ARCA,Uncategorized
ONMD,OneMedNet Corp - Class A,NASDAQ,Uncategorized
ONMDW,OneMedNet Corp - Warrant,NASDAQ,Uncategorized
ONOF,Global X Adaptive U.S. Risk Management ETF,NYSE ARCA,Uncategorized
ONON,On Holding AG Class A Ordinary Shares,NYSE,Uncategorized
ONTF,"ON24, Inc.",NYSE,Uncategorized
ONTO,Onto Innovation Inc.,NYSE,Uncategorized
OOMA,"Ooma, Inc.",NYSE,Uncategorized
OOQB,One One Nasdaq-100 and Bitcoin ETF,NASDAQ,Uncategorized
OOSB,One One S&P 500 and Bitcoin ETF,NASDAQ,Uncategorized
OOSP,Obra Opportunistic Structured Products ETF,NYSE ARCA,Uncategorized
OPAD,Offerpad Solutions Inc. Class A,NYSE,Uncategorized
OPAL,OPAL Fuels Inc. - Class A,NASDAQ,Uncategorized
OPBK,OP Bancorp,NASDAQ,Uncategorized
OPCH,"Option Care Health, Inc.",NASDAQ,Uncategorized
OPEG,Leverage Shares 2X Long OPEN Daily ETF,NASDAQ,Uncategorized
OPEN,Opendoor Technologies Inc,NASDAQ,Uncategorized
OPENL,"Opendoor Technologies Inc  - Series A Warrants, each whole warrant exercisable to purchase one share of Common Stock at an exercise price of $13.00 per warrant",NASDAQ,Uncategorized
OPENW,"Opendoor Technologies Inc  - Series K Warrants, each whole warrant exercisable to purchase one share of Common Stock at an exercise price of $9.00 per warrant",NASDAQ,Uncategorized
OPENZ,"Opendoor Technologies Inc  - Series Z Warrants, each whole warrant exercisable to purchase one share of Common Stock at an exercise price of $17.00 per warrant",NASDAQ,Uncategorized
OPER,ETF ClearShares Ultra-Short Maturity ETF,NYSE ARCA,Uncategorized
OPEX,Tradr 2X Long OPEN Daily ETF,BATS,Uncategorized
OPFI,OppFi Inc. Class A,NYSE,Uncategorized
OPFI.W,OppFi Inc. Warrants,NYSE,Uncategorized
OPHC,"OptimumBank Holdings, Inc.",NYSE MKT,Uncategorized
OPK,"Opko Health, Inc.",NASDAQ,Uncategorized
OPLN,"OPENLANE, Inc.",NYSE,Uncategorized
OPP,"RiverNorth/DoubleLine Strategic Opportunity Fund, Inc.",NYSE,Uncategorized
OPP$A,"RiverNorth/DoubleLine Strategic Opportunity Fund, Inc. 4.375% Series A Cumulative Preferred Stock",NYSE,Uncategorized
OPP$B,"RiverNorth/DoubleLine Strategic Opportunity Fund, Inc. 4.75% Series B Cumulative Preferred Stock",NYSE,Uncategorized
OPP$C,"RiverNorth/DoubleLine Strategic Opportunity Fund, Inc. 6.00% Series C Term Preferred Stock (Liquidation Preference $10.00 per share)",NYSE MKT,Uncategorized
OPPE,WisdomTree European Opportunities Fund,NYSE ARCA,Uncategorized
OPPJ,WisdomTree Japan Opportunities Fund,NASDAQ,Uncategorized
OPRA,Opera Limited - American Depositary Shares,NASDAQ,Uncategorized
OPRT,Oportun Financial Corporation,NASDAQ,Uncategorized
OPRX,OptimizeRx Corporation,NASDAQ,Uncategorized
OPTT,"Ocean Power Technologies, Inc.",NYSE MKT,Uncategorized
OPTU,"Optimum Communications, Inc. Class A",NYSE,Uncategorized
OPTX,"Syntec Optics Holdings, Inc. - Class A",NASDAQ,Uncategorized
OPTXW,"Syntec Optics Holdings, Inc. - Warrant",NASDAQ,Uncategorized
OPTZ,Optimize Strategy Index ETF,NASDAQ,Uncategorized
OPXS,"Optex Systems Holdings, Inc.",NASDAQ,Uncategorized
OPY,"Oppenheimer Holdings, Inc. Class A Common Stock (DE)",NYSE,Uncategorized
OR,OR Royalties Inc. Common Shares,NYSE,Uncategorized
ORA,"Ormat Technologies, Inc.",NYSE,Uncategorized
ORBS,Eightco Holdings Inc.,NASDAQ,Uncategorized
ORC,"Orchid Island Capital, Inc.",NYSE,Uncategorized
ORCL,Oracle Corporation,NYSE,Uncategorized
ORCL$D,"Oracle Corporation Depositary Shares, each representing a 1/2,000th interest in a sh of 6.50% Series D Mandatory Convertible Preferred Stock",NYSE,Uncategorized
ORCS,Direxion Daily ORCL Bear 1X ETF,NASDAQ,Uncategorized
ORCU,Direxion Daily ORCL Bull 2X ETF,NASDAQ,Uncategorized
ORCX,Defiance Daily Target 2X Long ORCL ETF,NASDAQ,Uncategorized
ORGN,"Origin Materials, Inc. - Class A",NASDAQ,Uncategorized
ORGNW,"Origin Materials, Inc. - Warrant",NASDAQ,Uncategorized
ORGO,Organogenesis Holdings Inc.  - Class A,NASDAQ,Uncategorized
ORI,Old Republic International Corporation,NYSE,Uncategorized
ORIC,"Oric Pharmaceuticals, Inc.",NASDAQ,Uncategorized
ORIO,Orion Digital Corp. - Common Shares,NASDAQ,Uncategorized
ORIQ,Origin Investment Corp I - Ordinary Shares,NASDAQ,Uncategorized
ORIQU,Origin Investment Corp I,NASDAQ,Uncategorized
ORIQW,Origin Investment Corp I - Redeemable Warrant,NASDAQ,Uncategorized
ORIS,Oriental Rise Holdings Limited - Ordinary Shares,NASDAQ,Uncategorized
ORKA,"Oruka Therapeutics, Inc.",NASDAQ,Uncategorized
ORKT,Orangekloud Technology Inc.,NASDAQ,Uncategorized
ORLA,Orla Mining Ltd. Common Shares,NYSE MKT,Uncategorized
ORLG,Leverage Shares 2X Long ORLY Daily ETF,NASDAQ,Uncategorized
ORLY,"O'Reilly Automotive, Inc.",NASDAQ,Uncategorized
ORMP,Oramed Pharmaceuticals Inc.,NASDAQ,Uncategorized
ORN,"Orion Group Holdings, Inc. Common",NYSE,Uncategorized
ORO,Arrow Valtoro ETF,BATS,Uncategorized
ORR,Militia Long/Short Equity ETF,NASDAQ,Uncategorized
ORRF,"Orrstown Financial Services, Inc.",NASDAQ,Uncategorized
OS,"OneStream, Inc. - Class A",NASDAQ,Uncategorized
OSBC,"Old Second Bancorp, Inc.",NASDAQ,Uncategorized
OSCG,Leverage Shares 2X Long OSCR Daily ETF,NASDAQ,Uncategorized
OSCR,"Oscar Health, Inc. Class A",NYSE,Uncategorized
OSCV,Opus Small Cap Value ETF,BATS,Uncategorized
OSCX,Defiance Daily Target 2x Long OSCR ETF,NASDAQ,Uncategorized
OSEA,Harbor International Compounders ETF,NYSE ARCA,Uncategorized
OSG,"Octave Specialty Group, Inc.",NYSE,Uncategorized
OSIS,"OSI Systems, Inc.",NASDAQ,Uncategorized
OSK,Oshkosh Corporation (Holding Company)Common Stock,NYSE,Uncategorized
OSPN,OneSpan Inc.,NASDAQ,Uncategorized
OSRH,"OSR Holdings, Inc.",NASDAQ,Uncategorized
OSRHW,"OSR Holdings, Inc. - Warrant",NASDAQ,Uncategorized
OSS,"One Stop Systems, Inc.",NASDAQ,Uncategorized
OST,"Ostin Technology Group Co., Ltd.",NASDAQ,Uncategorized
OSTX,OS Therapies Incorporated,NYSE MKT,Uncategorized
OSUR,"OraSure Technologies, Inc.",NASDAQ,Uncategorized
OSW,OneSpaWorld Holdings Limited - Common Shares,NASDAQ,Uncategorized
OTEX,Open Text Corporation - Common Shares,NASDAQ,Uncategorized
OTF,Blue Owl Technology Finance Corp.,NYSE,Uncategorized
OTGA,OTG Acquisition Corp. I,NASDAQ,Uncategorized
OTGAU,OTG Acquisition Corp. I,NASDAQ,Uncategorized
OTGAW,OTG Acquisition Corp. I - Warrants,NASDAQ,Uncategorized
OTGL,OTG Latin America ETF,NASDAQ,Uncategorized
OTH,Off The Hook YS Inc.,NYSE MKT,Uncategorized
OTIS,Otis Worldwide Corporation,NYSE,Uncategorized
OTLK,"Outlook Therapeutics, Inc.",NASDAQ,Uncategorized
OTLY,Oatly Group AB - American Depositary Shares,NASDAQ,Uncategorized
OTTR,Otter Tail Corporation,NASDAQ,Uncategorized
OUNZ,VanEck Merk Gold ETF,NYSE ARCA,Uncategorized
OUSA,ALPS O'Shares U.S. Quality Dividend ETF,NYSE ARCA,Uncategorized
OUSM,ALPS O'Shares U.S. Small-Cap Quality Dividend ETF,NYSE ARCA,Uncategorized
OUST,"Ouster, Inc.",NASDAQ,Uncategorized
OUSTZ,"Ouster, Inc. - Warrants",NASDAQ,Uncategorized
OUT,OUTFRONT Media Inc.,NYSE,Uncategorized
OVB,Overlay Shares Core Bond ETF,BATS,Uncategorized
OVBC,Ohio Valley Banc Corp.,NASDAQ,Uncategorized
OVF,Overlay Shares Foreign Equity ETF,BATS,Uncategorized
OVID,Ovid Therapeutics Inc.,NASDAQ,Uncategorized
OVL,Overlay Shares Large Cap Equity ETF,BATS,Uncategorized
OVLH,Overlay Shares Hedged Large Cap Equity ETF,BATS,Uncategorized
OVLY,Oak Valley Bancorp (CA),NASDAQ,Uncategorized
OVM,Overlay Shares Municipal Bond ETF,BATS,Uncategorized
OVS,Overlay Shares Small Cap Equity ETF,BATS,Uncategorized
OVT,Overlay Shares Short Term Bond ETF,BATS,Uncategorized
OVV,Ovintiv Inc. (DE),NYSE,Uncategorized
OWL,Blue Owl Capital Inc. Class A,NYSE,Uncategorized
OWLS,OBOOK Holdings Inc.,NASDAQ,Uncategorized
OWLT,"Owlet, Inc. Class A",NYSE,Uncategorized
OWNB,Bitwise Bitcoin Standard Corporations ETF,NYSE ARCA,Uncategorized
OWNS,Quaker Investment Trust CCM Affordable Housing MBS ETF,NYSE ARCA,Uncategorized
OXBR,Oxbridge Re Holdings Limited - Ordinary Shares,NASDAQ,Uncategorized
OXBRW,Oxbridge Re Holdings Limited - Warrant,NASDAQ,Uncategorized
OXLC,Oxford Lane Capital Corp. - Closed End Fund,NASDAQ,Uncategorized
OXLCG,Oxford Lane Capital Corp. - 7.95% Notes due 2032,NASDAQ,Uncategorized
OXLCI,Oxford Lane Capital Corp. - 8.75% Notes due 2030,NASDAQ,Uncategorized
OXLCL,Oxford Lane Capital Corp. - 6.75% Notes due 2031,NASDAQ,Uncategorized
OXLCN,Oxford Lane Capital Corp. - 7.125% Series 2029 Term Preferred Stock,NASDAQ,Uncategorized
OXLCO,"Oxford Lane Capital Corp. - Preferred Stock Shares, 6.00% Series 2029",NASDAQ,Uncategorized
OXLCP,Oxford Lane Capital Corp. - 6.25% Series 2027 Term Preferred Shares,NASDAQ,Uncategorized
OXLCZ,Oxford Lane Capital Corp. - 5.00% Notes due 2027,NASDAQ,Uncategorized
OXM,"Oxford Industries, Inc.",NYSE,Uncategorized
OXSQ,Oxford Square Capital Corp. - Closed End Fund,NASDAQ,Uncategorized
OXSQG,Oxford Square Capital Corp. - 5.50% Notes due 2028,NASDAQ,Uncategorized
OXSQH,Oxford Square Capital Corp. - 7.75% Notes due 2030,NASDAQ,Uncategorized
OXY,Occidental Petroleum Corporation,NYSE,Uncategorized
OXY.W,Occidental Petroleum Corporation Warrants,NYSE,Uncategorized
OYSE,Oyster Enterprises II Acquisition Corp,NASDAQ,Uncategorized
OYSER,Oyster Enterprises II Acquisition Corp - Rights,NASDAQ,Uncategorized
OYSEU,Oyster Enterprises II Acquisition Corp,NASDAQ,Uncategorized
OZ,"Belpointe PREP, LLC Class A Units",NYSE MKT,Uncategorized
OZEM,Roundhill GLP-1 & Weight Loss ETF,NASDAQ,Uncategorized
OZK,Bank OZK,NASDAQ,Uncategorized
OZKAP,Bank OZK - 4.625% Series A Non-Cumulative Perpetual Preferred Stock,NASDAQ,Uncategorized
PAA,"Plains All American Pipeline, L.P. - Common Units representing Limited Partner Interests",NASDAQ,Uncategorized
PAAA,PGIM AAA CLO ETF,NYSE ARCA,Uncategorized
PAACU,Proem Acquisition Corp I,NASDAQ,Uncategorized
PAAS,Pan American Silver Corp.,NYSE,Uncategorized
PAB,PGIM Active Aggregate Bond ETF,NYSE ARCA,Uncategorized
PABD,iShares Paris-Aligned Climate Optimized MSCI World ex USA ETF,NASDAQ,Uncategorized
PABU,iShares Paris-Aligned Climate Optimized MSCI USA ETF,NASDAQ,Uncategorized
PAC,"Grupo Aeroportuario Del Pacifico, S.A. B. de C.V. Grupo Aeroportuario Del Pacifico, S.A. de C.V. (each representing 10 Series B shares)",NYSE,Uncategorized
PACB,"Pacific Biosciences of California, Inc.",NASDAQ,Uncategorized
PACH,Pioneer Acquisition I Corp,NASDAQ,Uncategorized
PACHU,Pioneer Acquisition I Corp,NASDAQ,Uncategorized
PACHW,Pioneer Acquisition I Corp - Warrants,NASDAQ,Uncategorized
PACK,Ranpak Holdings Corp Class A,NYSE,Uncategorized
PACS,"PACS Group, Inc.",NYSE,Uncategorized
PAG,"Penske Automotive Group, Inc.",NYSE,Uncategorized
PAGP,"Plains GP Holdings, L.P.",NASDAQ,Uncategorized
PAGS,PagSeguro Digital Ltd. Class A Common Shares,NYSE,Uncategorized
PAHC,Phibro Animal Health Corporation - Class A,NASDAQ,Uncategorized
PAI,Western Asset Investment Grade Income Fund Inc.,NYSE,Uncategorized
PAII,Pyrophyte Acquisition Corp. II Class A Ordinary Shares,NYSE,Uncategorized
PAII.U,"Pyrophyte Acquisition Corp. II Units, each consisting of one Class A ordinary share and one-half of one redeemable warrant",NYSE,Uncategorized
PAII.W,"Pyrophyte Acquisition Corp. II Warrants, each whole warrant exercisable for one Class A Ordinary Share at an exercise price of $11.50 per share",NYSE,Uncategorized
PAL,"Proficient Auto Logistics, Inc.",NASDAQ,Uncategorized
PALC,Pacer Lunt Large Cap Multi-Factor Alternator ETF,NYSE ARCA,Uncategorized
PALD,Direxion Daily PANW Bear 1X Shares,NASDAQ,Uncategorized
PALI,"Palisade Bio, Inc.",NASDAQ,Uncategorized
PALL,abrdn Physical Palladium Shares ETF,NYSE ARCA,Uncategorized
PALOU,Paloma Acquisition Corp I,NASDAQ,Uncategorized
PALU,Direxion Daily PANW Bull 2X Shares,NASDAQ,Uncategorized
PAM,Pampa Energia S.A.,NYSE,Uncategorized
PAMC,Pacer Lunt MidCap Multi-Factor Alternator ETF,NYSE ARCA,Uncategorized
PAMT,PAMT CORP,NASDAQ,Uncategorized
PANG,Leverage Shares 2X Long PANW Daily ETF,NASDAQ,Uncategorized
PANL,Pangaea Logistics Solutions Ltd.,NASDAQ,Uncategorized
PANW,"Palo Alto Networks, Inc.",NASDAQ,Uncategorized
PAPI,Parametric Equity Premium Income ETF,NYSE ARCA,Uncategorized
PAPL,Pineapple Financial Inc.,NYSE MKT,Uncategorized
PAPR,Innovator U.S. Equity Power Buffer ETF - April,BATS,Uncategorized
PAR,PAR Technology Corporation,NYSE,Uncategorized
PARK,"Park Dental Partners, Inc.",NASDAQ,Uncategorized
PARR,"Par Pacific Holdings, Inc.",NYSE,Uncategorized
PASG,"Passage Bio, Inc.",NASDAQ,Uncategorized
PASW,"Ping An Biomedical Co., Ltd. - Ordinary Shares",NASDAQ,Uncategorized
PATH,"UiPath, Inc. Class A",NYSE,Uncategorized
PATK,"Patrick Industries, Inc.",NASDAQ,Uncategorized
PATN,Pacer Nasdaq International Patent Leaders ETF,NASDAQ,Uncategorized
PATX,Tradr 2X Long PATH Daily ETF,BATS,Uncategorized
PAUG,Innovator U.S. Equity Power Buffer ETF - August,BATS,Uncategorized
PAVE,Global X U.S. Infrastructure Development ETF,BATS,Uncategorized
PAVM,PAVmed Inc.,NASDAQ,Uncategorized
PAVS,Paranovus Entertainment Technology Ltd.,NASDAQ,Uncategorized
PAWZ,ProShares Pet Care ETF,BATS,Uncategorized
PAX,Patria Investments Limited,NASDAQ,Uncategorized
PAXS,PIMCO Access Income Fund Common Shares of Beneficial Interest,NYSE,Uncategorized
PAY,"Paymentus Holdings, Inc. Class A",NYSE,Uncategorized
PAYC,"Paycom Software, Inc.",NYSE,Uncategorized
PAYH,TrueShares S&P Autocallable High Income ETF,BATS,Uncategorized
PAYM,TrueShares S&P Autocallable Defensive Income ETF,BATS,Uncategorized
PAYO,Payoneer Global Inc.,NASDAQ,Uncategorized
PAYR,Federated Hermes Enhanced Income ETF,BATS,Uncategorized
PAYS,"Paysign, Inc.",NASDAQ,Uncategorized
PAYX,"Paychex, Inc.",NASDAQ,Uncategorized
PB,"Prosperity Bancshares, Inc.",NYSE,Uncategorized
PBA,Pembina Pipeline Corp. Ordinary Shares (Canada),NYSE,Uncategorized
PBAP,PGIM S&P 500 Buffer 20 ETF - April,BATS,Uncategorized
PBAU,PGIM S&P 500 Buffer 20 ETF - August,BATS,Uncategorized
PBD,Invesco Global Clean Energy ETF,NYSE ARCA,Uncategorized
PBDC,Putnam BDC Income ETF,NYSE ARCA,Uncategorized
PBDE,PGIM S&P 500 Buffer 20 ETF - December,BATS,Uncategorized
PBE,Invesco Biotechnology & Genome ETF,NYSE ARCA,Uncategorized
PBEU,Portfolio Building Block European Banks Index ETF,NASDAQ,Uncategorized
PBF,PBF Energy Inc. Class A,NYSE,Uncategorized
PBFB,PGIM S&P 500 Buffer 20 ETF - February,BATS,Uncategorized
PBFR,PGIM Laddered S&P 500 Buffer 20 ETF,BATS,Uncategorized
PBFS,"Pioneer Bancorp, Inc.",NASDAQ,Uncategorized
PBH,Prestige Consumer Healthcare Inc.,NYSE,Uncategorized
PBHC,"Pathfinder Bancorp, Inc.",NASDAQ,Uncategorized
PBI,Pitney Bowes Inc.,NYSE,Uncategorized
PBI$B,Pitney Bowes Inc 6.70% Notes Due 2043,NYSE,Uncategorized
PBJ,Invesco Food & Beverage ETF,NYSE ARCA,Uncategorized
PBJA,PGIM S&P 500 Buffer 20 ETF - January,BATS,Uncategorized
PBJL,PGIM S&P 500 Buffer 20 ETF - July,BATS,Uncategorized
PBJN,PGIM S&P 500 Buffer 20 ETF - June,BATS,Uncategorized
PBL,PGIM Portfolio Ballast ETF,BATS,Uncategorized
PBM,Psyence Biomedical Ltd. - Common Shares,NASDAQ,Uncategorized
PBMR,PGIM S&P 500 Buffer 20 ETF - March,BATS,Uncategorized
PBMWW,Psyence Biomedical Ltd. - Warrant,NASDAQ,Uncategorized
PBMY,PGIM S&P 500 Buffer 20 ETF - May,BATS,Uncategorized
PBNV,PGIM S&P 500 Buffer 20 ETF - November,BATS,Uncategorized
PBOC,PGIM S&P 500 Buffer 20 ETF - October,BATS,Uncategorized
PBOG,Portfolio Building Block Integrated Oil and Gas and Exploration and Production Index ETF,NASDAQ,Uncategorized
PBOT,Pictet AI & Automation ETF,NYSE ARCA,Uncategorized
PBP,Invesco S&P 500 BuyWrite ETF,BATS,Uncategorized
PBPH,Portfolio Building Block World Pharma and Biotech Index ETF,NASDAQ,Uncategorized
PBQQ,PGIM Laddered Nasdaq-100 Buffer 12 ETF,NASDAQ,Uncategorized
PBR,Petroleo Brasileiro S.A. Petrobras ADS,NYSE,Uncategorized
PBR.A,Petroleo Brasileiro S.A. Petrobras American Depositary Shares representing Preferred Shares,NYSE,Uncategorized
PBRG,Leverage Shares 2X Long PBR Daily ETF,NASDAQ,Uncategorized
PBSE,PGIM S&P 500 Buffer 20 ETF - September,BATS,Uncategorized
PBT,Permian Basin Royalty Trust,NYSE,Uncategorized
PBTP,Invesco 0-5 Yr US TIPS ETF,BATS,Uncategorized
PBUS,Invesco MSCI USA ETF,BATS,Uncategorized
PBW,Invesco WilderHill Clean Energy ETF,NYSE ARCA,Uncategorized
PBYI,Puma Biotechnology Inc,NASDAQ,Uncategorized
PC,Premium Catering (Holdings) Limited - Ordinary Shares,NASDAQ,Uncategorized
PCAP,ProCap Acquisition Corp,NASDAQ,Uncategorized
PCAPU,ProCap Acquisition Corp,NASDAQ,Uncategorized
PCAPW,ProCap Acquisition Corp - Warrant,NASDAQ,Uncategorized
PCAR,PACCAR Inc.,NASDAQ,Uncategorized
PCB,PCB Bancorp,NASDAQ,Uncategorized
PCCE,Polen Capital China Growth ETF,NYSE ARCA,Uncategorized
PCEF,Invesco CEF Income Composite ETF,NYSE ARCA,Uncategorized
PCEM,Polen Capital Emerging Markets ex China Growth ETF,NYSE ARCA,Uncategorized
PCF,High Income Securities Fund,NYSE,Uncategorized
PCFI,Polen Floating Rate Income ETF,NYSE ARCA,Uncategorized
PCG,Pacific Gas & Electric Co.,NYSE,Uncategorized
PCG$A,Pacific Gas & Electric Co. 6% Preferred Stock,NYSE MKT,Uncategorized
PCG$B,Pacific Gas & Electric Co. 5 1/2% Preferred Stock,NYSE MKT,Uncategorized
PCG$C,Pacific Gas & Electric Co. 5% 1st Preferred Stock,NYSE MKT,Uncategorized
PCG$D,Pacific Gas & Electric Co. 5% 1st  Red. Preferred Stock,NYSE MKT,Uncategorized
PCG$E,Pacific Gas & Electric Co. 5% 1st A Preferred Stock,NYSE MKT,Uncategorized
PCG$G,Pacific Gas & Electric Co. 4.80% 1st Preferred Stock,NYSE MKT,Uncategorized
PCG$H,Pacific Gas & Electric Co. 4.50% 1st Preferred Stock,NYSE MKT,Uncategorized
PCG$I,Pacific Gas & Electric Co. 4.36% 1st Preferred Stock,NYSE MKT,Uncategorized
PCG$X,PG&E Corp 6.000% Series A Mandatory Convertible Preferred Stock,NYSE,Uncategorized
PCGG,Polen Capital Global Growth ETF,NYSE ARCA,Uncategorized
PCHI,Polen High Income ETF,NYSE ARCA,Uncategorized
PCI,PGIM Corporate Bond 5-10 Year ETF,BATS,Uncategorized
PCIG,Polen Capital International Growth ETF,NYSE ARCA,Uncategorized
PCL,PGIM Corporate Bond 10+ Year ETF,BATS,Uncategorized
PCLA,PicoCELA Inc. - American Depositary Shares,NASDAQ,Uncategorized
PCLG,Polen Focus Growth ETF,NYSE ARCA,Uncategorized
PCLN,Pictet Cleaner Planet ETF,NYSE ARCA,Uncategorized
PCLO,VIRTUS SEIX AAA Private Credit CLO ETF,NYSE ARCA,Uncategorized
PCM,"PCM Fund, Inc.",NYSE,Uncategorized
PCMM,BondBloxx Private Credit CLO ETF,NASDAQ,Uncategorized
PCN,Pimco Corporate & Income Strategy Fund,NYSE,Uncategorized
PCOR,"Procore Technologies, Inc.",NYSE,Uncategorized
PCQ,PIMCO California Municipal Income Fund,NYSE,Uncategorized
PCR,Simplify VettaFi Private Credit Strategy ETF,NYSE ARCA,Uncategorized
PCRB,Putnam ESG Core Bond ETF,NYSE ARCA,Uncategorized
PCRX,"Pacira BioSciences, Inc.",NASDAQ,Uncategorized
PCS,PGIM Corporate Bond 0-5 Year ETF,BATS,Uncategorized
PCSA,"Processa Pharmaceuticals, Inc.",NASDAQ,Uncategorized
PCSC,Perceptive Capital Solutions Corp,NASDAQ,Uncategorized
PCT,"PureCycle Technologies, Inc.",NASDAQ,Uncategorized
PCTTU,"PureCycle Technologies, Inc.",NASDAQ,Uncategorized
PCTTW,"PureCycle Technologies, Inc. - Warrant",NASDAQ,Uncategorized
PCTY,Paylocity Holding Corporation,NASDAQ,Uncategorized
PCVX,"Vaxcyte, Inc.",NASDAQ,Uncategorized
PCY,Invesco Emerging Markets Sovereign Debt ETF,NYSE ARCA,Uncategorized
PCYO,Pure Cycle Corporation,NASDAQ,Uncategorized
PD,"PagerDuty, Inc.",NYSE,Uncategorized
PDBA,Invesco Agriculture Commodity Strategy No K-1 ETF,NASDAQ,Uncategorized
PDBC,Invesco Optimum Yield Diversified Commodity Strategy No K-1 ETF,NASDAQ,Uncategorized
PDC,Perpetuals.com Ltd - American Depositary Shares,NASDAQ,Uncategorized
PDCC,Pearl Diver Credit Company Inc.,NYSE,Uncategorized
PDD,PDD Holdings Inc. - American Depositary Shares,NASDAQ,Uncategorized
PDDL,GraniteShares 2x Long PDD Daily ETF,NASDAQ,Uncategorized
PDEC,Innovator U.S. Equity Power Buffer ETF - December,BATS,Uncategorized
PDEX,"Pro-Dex, Inc.",NASDAQ,Uncategorized
PDFS,"PDF Solutions, Inc.",NASDAQ,Uncategorized
PDI,PIMCO Dynamic Income Fund,NYSE,Uncategorized
PDLB,"Ponce Financial Group, Inc.",NASDAQ,Uncategorized
PDM,"Piedmont Realty Trust, Inc. Class A",NYSE,Uncategorized
PDN,Invesco RAFI Developed Markets ex-U.S. Small-Mid ETF,NYSE ARCA,Uncategorized
PDO,PIMCO Dynamic Income Opportunities Fund Common Shares of Beneficial Interest,NYSE,Uncategorized
PDP,Invesco Dorsey Wright Momentum ETF,NASDAQ,Uncategorized
PDPA,Pearl Diver Credit Company Inc. 8.00% Series A Preferred Stock Due 2029,NYSE,Uncategorized
PDS,Precision Drilling Corporation,NYSE,Uncategorized
PDSB,PDS Biotechnology Corporation,NASDAQ,Uncategorized
PDT,John Hancock Premium Dividend Fund,NYSE,Uncategorized
PDX,PIMCO Dynamic Income Strategy Fund Common Shares of Beneficial Interest,NYSE,Uncategorized
PDYN,Palladyne AI Corp.,NASDAQ,Uncategorized
PDYNW,Palladyne AI Corp. - Warrant,NASDAQ,Uncategorized
PEB,Pebblebrook Hotel Trust Common Shares of Beneficial Interest,NYSE,Uncategorized
PEB$E,Pebblebrook Hotel Trust 6.375% Series E Cumulative Redeemable Preferred Shares of Beneficial Interest,NYSE,Uncategorized
PEB$F,Pebblebrook Hotel Trust 6.3% Series F Cumulative Redeemable Preferred Shares of Beneficial Interest,NYSE,Uncategorized
PEB$G,Pebblebrook Hotel Trust 6.375% Series G Cumulative Redeemable Preferred Shares of Beneficial Interest,NYSE,Uncategorized
PEB$H,Pebblebrook Hotel Trust 5.700% Series H Cumulative Redeemable Preferred Shares of Beneficial Interest,NYSE,Uncategorized
PEBK,"Peoples Bancorp of North Carolina, Inc.",NASDAQ,Uncategorized
PEBO,Peoples Bancorp Inc.,NASDAQ,Uncategorized
PECO,"Phillips Edison & Company, Inc.",NASDAQ,Uncategorized
PED,Pedevco Corp.,NYSE MKT,Uncategorized
PEG,Public Service Enterprise Group Incorporated,NYSE,Uncategorized
PEGA,Pegasystems Inc.,NASDAQ,Uncategorized
PEJ,Invesco Leisure and Entertainment ETF,NYSE ARCA,Uncategorized
PELI,Pelican Acquisition Corporation - Ordinary Shares,NASDAQ,Uncategorized
PELIR,Pelican Acquisition Corporation - Right,NASDAQ,Uncategorized
PELIU,Pelican Acquisition Corporation,NASDAQ,Uncategorized
PEMX,Putnam Emerging Markets ex-China ETF,NYSE ARCA,Uncategorized
PEN,"Penumbra, Inc.",NYSE,Uncategorized
PENG,"Penguin Solutions, Inc.",NASDAQ,Uncategorized
PENN,"PENN Entertainment, Inc.",NASDAQ,Uncategorized
PEO,"Adams Natural Resources Fund, Inc.",NYSE,Uncategorized
PEP,"PepsiCo, Inc.",NASDAQ,Uncategorized
PEPG,PepGen Inc.,NASDAQ,Uncategorized
PEPS,Parametric Equity Plus ETF,NASDAQ,Uncategorized
PERF,Perfect Corp. Class A Ordinary Share,NYSE,Uncategorized
PERF.W,"Perfect Corp. Warrants, each exercisable for one Class A Ordinary Share at a price of $11.50 per share",NYSE,Uncategorized
PERI,Perion Network Ltd - Ordinary Shares,NASDAQ,Uncategorized
PESI,"Perma-Fix Environmental Services, Inc.",NASDAQ,Uncategorized
PETS,"PetMed Express, Inc.",NASDAQ,Uncategorized
PETZ,"TDH Holdings, Inc. - Common Shares",NASDAQ,Uncategorized
PEVC,Pacer PE/VC ETF,NYSE ARCA,Uncategorized
PEW,GrabAGun Digital Holdings Inc.,NYSE,Uncategorized
PEW.W,"GrabAGun Digital Holdings Inc. Warrants, each whole warrant exercisable to purchase one share of Common Stock at an exercise price of $11.50 per share",NYSE,Uncategorized
PEX,ProShares Global Listed Private Equity ETF,BATS,Uncategorized
PEXL,Pacer US Export Leaders ETF,NYSE ARCA,Uncategorized
PEY,Invesco High Yield Equity Dividend Achievers ETF,NASDAQ,Uncategorized
PEZ,Invesco Dorsey Wright Consumer Cyclicals Momentum ETF,NASDAQ,Uncategorized
PFAI,Pinnacle Food Group Limited,NASDAQ,Uncategorized
PFBC,Preferred Bank,NASDAQ,Uncategorized
PFD,Flaherty & Crumrine Preferred and Income Fund Incorporated,NYSE,Uncategorized
PFDE,Pathfinder Disciplined US Equity ETF,NASDAQ,Uncategorized
PFE,"Pfizer, Inc.",NYSE,Uncategorized
PFEB,Innovator U.S. Equity Power Buffer ETF - February,BATS,Uncategorized
PFF,iShares Preferred and Income Securities ETF,NASDAQ,Uncategorized
PFFA,Virtus InfraCap U.S. Preferred Stock ETF,NYSE ARCA,Uncategorized
PFFD,Global X U.S. Preferred ETF,NYSE ARCA,Uncategorized
PFFL,"ETRACS 2xMonthly Pay Leveraged Preferred Stock Index ETN due September 25, 2048",NYSE ARCA,Uncategorized
PFFR,InfraCap REIT Preferred ETF,NYSE ARCA,Uncategorized
PFFV,Global X Variable Rate Preferred ETF,NYSE ARCA,Uncategorized
PFG,Principal Financial Group Inc,NASDAQ,Uncategorized
PFGC,Performance Food Group Company,NYSE,Uncategorized
PFH,"Prudential Financial, Inc. 4.125% Junior Subordinated Notes due 2060",NYSE,Uncategorized
PFI,Invesco Dorsey Wright Financial Momentum ETF,NASDAQ,Uncategorized
PFIG,Invesco Fundamental Investment Grade Corporate Bond  ETF,NYSE ARCA,Uncategorized
PFIS,Peoples Financial Services Corp.,NASDAQ,Uncategorized
PFIX,Simplify Interest Rate Hedge ETF,NYSE ARCA,Uncategorized
PFL,PIMCO Income Strategy Fund Shares of Beneficial Interest,NYSE,Uncategorized
PFLD,AAM Low Duration Preferred and Income Securities ETF,NYSE ARCA,Uncategorized
PFLT,PennantPark Floating Rate Capital Ltd.,NYSE,Uncategorized
PFM,Invesco Dividend Achievers ETF,NASDAQ,Uncategorized
PFN,PIMCO Income Strategy Fund II,NYSE,Uncategorized
PFO,Flaherty & Crumrine Preferred and Income Opportunity Fund Incorporated,NYSE,Uncategorized
PFOE,Pathfinder Focused Opportunities ETF,NASDAQ,Uncategorized
PFRL,PGIM Floating Rate Income ETF,NYSE ARCA,Uncategorized
PFS,"Provident Financial Services, Inc",NYSE,Uncategorized
PFSA,"Profusa, Inc.",NASDAQ,Uncategorized
PFSI,"PennyMac Financial Services, Inc.",NYSE,Uncategorized
PFUT,Putnam Sustainable Future ETF,NYSE ARCA,Uncategorized
PFX,PhenixFIN Corporation,NASDAQ,Uncategorized
PFXF,VanEck Preferred Securities ex Financials ETF,NYSE ARCA,Uncategorized
PFXNZ,PhenixFIN Corporation  - 5.25% Notes due 2028,NASDAQ,Uncategorized
PG,Procter & Gamble Company (The),NYSE,Uncategorized
PGAC,Pantages Capital Acquisition Corporation,NASDAQ,Uncategorized
PGACR,Pantages Capital Acquisition Corporation - Right,NASDAQ,Uncategorized
PGACU,Pantages Capital Acquisition Corporation,NASDAQ,Uncategorized
PGC,Peapack-Gladstone Financial Corporation,NASDAQ,Uncategorized
PGEN,"Precigen, Inc.",NASDAQ,Uncategorized
PGF,Invesco Financial Preferred ETF,NYSE ARCA,Uncategorized
PGHY,Invesco Global ex-US High Yield Corporate Bond ETF,NYSE ARCA,Uncategorized
PGJ,Invesco Golden Dragon China ETF,NASDAQ,Uncategorized
PGNY,"Progyny, Inc.",NASDAQ,Uncategorized
PGP,Pimco Global StocksPlus & Income Fund Common Shares of Beneficial Interest,NYSE,Uncategorized
PGR,Progressive Corporation (The),NYSE,Uncategorized
PGRI,Putnam International Stock ETF,NYSE ARCA,Uncategorized
PGRO,Putnam Focused Large Cap Growth ETF,NYSE ARCA,Uncategorized
PGX,Invesco Preferred ETF,NYSE ARCA,Uncategorized
PGY,Pagaya Technologies Ltd.,NASDAQ,Uncategorized
PGYWW,Pagaya Technologies Ltd. - Warrants,NASDAQ,Uncategorized
PGZ,Principal Real Estate Income Fund Common Shares of Beneficial Interest,NYSE,Uncategorized
PH,Parker-Hannifin Corporation,NYSE,Uncategorized
PHAR,"Pharming Group N.V. - ADS, each representing 10 ordinary shares",NASDAQ,Uncategorized
PHAT,"Phathom Pharmaceuticals, Inc.",NASDAQ,Uncategorized
PHDG,Invesco S&P 500 Downside Hedged ETF,NYSE ARCA,Uncategorized
PHEQ,Parametric Hedged Equity ETF,NYSE ARCA,Uncategorized
PHG,Koninklijke Philips N.V. NY Registry Shares,NYSE,Uncategorized
PHGE,BiomX Inc.,NYSE MKT,Uncategorized
PHI,PLDT Inc. Sponsored ADR,NYSE,Uncategorized
PHIN,PHINIA Inc.,NYSE,Uncategorized
PHIO,Phio Pharmaceuticals Corp.,NASDAQ,Uncategorized
PHK,Pimco High Income Fund,NYSE,Uncategorized
PHM,"PulteGroup, Inc.",NYSE,Uncategorized
PHO,Invesco Water Resources ETF,NASDAQ,Uncategorized
PHOE,Phoenix Asia Holdings Limited - Ordinary Shares,NASDAQ,Uncategorized
PHR,"Phreesia, Inc.",NYSE,Uncategorized
PHUN,"Phunware, Inc.",NASDAQ,Uncategorized
PHVS,Pharvaris N.V. - Ordinary Shares,NASDAQ,Uncategorized
PHXE$,"Phoenix Energy One, LLC Series A Cumulative Redeemable Preferred Shares",NYSE MKT,Uncategorized
PHYD,Putnam ESG High Yield ETF,NYSE ARCA,Uncategorized
PHYL,PGIM Active High Yield Bond ETF,NYSE ARCA,Uncategorized
PHYS,Sprott Physical Gold Trust ETV,NYSE ARCA,Uncategorized
PI,"Impinj, Inc.",NASDAQ,Uncategorized
PICB,Invesco International Corporate Bond ETF,NYSE ARCA,Uncategorized
PICK,iShares MSCI Global Select Metals & Mining Producers Fund,BATS,Uncategorized
PICS,PicS N.V.,NASDAQ,Uncategorized
PID,Invesco International Dividend Achievers ETF,NASDAQ,Uncategorized
PIE,Invesco Dorsey Wright Emerging Markets Momentum ETF,NASDAQ,Uncategorized
PIEL,Pacer International Export Leaders ETF,BATS,Uncategorized
PIEQ,Principal International Equity ETF,BATS,Uncategorized
PIFI,ClearShares Piton Intermediate Fixed Income ETF,NYSE ARCA,Uncategorized
PII,Polaris Inc.,NYSE,Uncategorized
PIII,P3 Health Partners Inc. - Class A,NASDAQ,Uncategorized
PIIIW,P3 Health Partners Inc. - Warrant,NASDAQ,Uncategorized
PILL,Direxion Daily Pharmaceutical & Medical Bull 3X Shares,NYSE ARCA,Uncategorized
PIM,Putnam Master Intermediate Income Trust,NYSE,Uncategorized
PINE,"Alpine Income Property Trust, Inc.",NYSE,Uncategorized
PINE$A,"Alpine Income Property Trust, Inc. 8.00% Series A Cumulative Redeemable Preferred Stock",NYSE,Uncategorized
PINK,Simplify Health Care ETF,NYSE ARCA,Uncategorized
PINS,"Pinterest, Inc. Class A",NYSE,Uncategorized
PIO,Invesco Global Water ETF,NASDAQ,Uncategorized
PIPE,Invesco SteelPath MLP & Energy Infrastructure ETF,BATS,Uncategorized
PIPR,Piper Sandler Companies,NYSE,Uncategorized
PIT,VanEck Commodity Strategy ETF,BATS,Uncategorized
PIZ,Invesco Dorsey Wright Developed Markets Momentum ETF,NASDAQ,Uncategorized
PJAN,Innovator U.S. Equity Power Buffer ETF - January,BATS,Uncategorized
PJBF,PGIM Jennison Better Future ETF,BATS,Uncategorized
PJFG,PGIM Jennison Focused Growth ETF,NYSE ARCA,Uncategorized
PJFM,PGIM Jennison Focused Mid-Cap ETF,BATS,Uncategorized
PJFV,PGIM Jennison Focused Value ETF,NYSE ARCA,Uncategorized
PJIO,PGIM Jennison International Opportunities ETF,NYSE ARCA,Uncategorized
PJP,Invesco Pharmaceuticals ETF,NYSE ARCA,Uncategorized
PJT,PJT Partners Inc. Class A,NYSE,Uncategorized
PJUL,Innovator U.S. Equity Power Buffer ETF - July,BATS,Uncategorized
PJUN,Innovator U.S. Equity Power Buffer ETF - June,BATS,Uncategorized
PK,Park Hotels & Resorts Inc.,NYSE,Uncategorized
PKB,Invesco Building & Construction ETF,NYSE ARCA,Uncategorized
PKBK,"Parke Bancorp, Inc.",NASDAQ,Uncategorized
PKE,Park Aerospace Corp.,NYSE,Uncategorized
PKG,Packaging Corporation of America,NYSE,Uncategorized
PKOH,Park-Ohio Holdings Corp.,NASDAQ,Uncategorized
PKST,Peakstone Realty Trust Common Shares,NYSE,Uncategorized
PKW,Invesco BuyBack Achievers ETF,NASDAQ,Uncategorized
PKX,POSCO HOLDINGS INC. American Depositary Shares (Each representing 1/4th of a share of Common Stock),NYSE,Uncategorized
PL,Planet Labs PBC Class A,NYSE,Uncategorized
PL.W,"Planet Labs PBC Redeemable warrants, each whole warrant exercisable for one share of Class A common stock, each at an exercise price of $11.50 per share",NYSE,Uncategorized
PLAB,"Photronics, Inc.",NASDAQ,Uncategorized
PLAG,Planet Green Holdings Corp.,NYSE MKT,Uncategorized
PLAY,"Dave & Buster's Entertainment, Inc.",NASDAQ,Uncategorized
PLBC,Plumas Bancorp,NASDAQ,Uncategorized
PLBL,Polibeli Group Ltd,NASDAQ,Uncategorized
PLBY,"Playboy, Inc.",NASDAQ,Uncategorized
PLCE,"Children's Place, Inc. (The)",NASDAQ,Uncategorized
PLD,"Prologis, Inc.",NYSE,Uncategorized
PLDR,Putnam Sustainable Leaders ETF,NYSE ARCA,Uncategorized
PLG,Platinum Group Metals Ltd. Ordinary Shares (Canada),NYSE MKT,Uncategorized
PLGI,PL Growth and Income ETF,BATS,Uncategorized
PLMK,Plum Acquisition Corp. IV,NASDAQ,Uncategorized
PLMKU,Plum Acquisition Corp. IV,NASDAQ,Uncategorized
PLMKW,Plum Acquisition Corp. IV - Warrants,NASDAQ,Uncategorized
PLMR,"Palomar Holdings, Inc.",NASDAQ,Uncategorized
PLNT,"Planet Fitness, Inc.",NYSE,Uncategorized
PLOO,Leverage Shares 2x Capped Accelerated PLTR Monthly ETF,BATS,Uncategorized
PLOW,"Douglas Dynamics, Inc.",NYSE,Uncategorized
PLPC,Preformed Line Products Company,NASDAQ,Uncategorized
PLRX,"Pliant Therapeutics, Inc.",NASDAQ,Uncategorized
PLRZ,Polyrizon Ltd. - Ordinary Shares,NASDAQ,Uncategorized
PLSE,"Pulse Biosciences, Inc",NASDAQ,Uncategorized
PLSM,Pulsenmore Ltd. - Ordinary Shares,NASDAQ,Uncategorized
PLTA,ProShares Ultra PLTR,NYSE ARCA,Uncategorized
PLTD,Direxion Daily PLTR Bear 1X Shares,NASDAQ,Uncategorized
PLTG,Leverage Shares 2X Long PLTR Daily ETF,NASDAQ,Uncategorized
PLTI,REX PLTR Growth & Income ETF,BATS,Uncategorized
PLTK,Playtika Holding Corp.,NASDAQ,Uncategorized
PLTM,GraniteShares Platinum Shares ETF,NYSE ARCA,Uncategorized
PLTR,Palantir Technologies Inc. - Class A,NASDAQ,Uncategorized
PLTS,Platinum Analytics Cayman Limited,NASDAQ,Uncategorized
PLTU,Direxion Daily PLTR Bull 2X Shares,NASDAQ,Uncategorized
PLTW,Roundhill PLTR WeeklyPay ETF,BATS,Uncategorized
PLTY,YieldMax PLTR Option Income Strategy ETF,NYSE ARCA,Uncategorized
PLTZ,Defiance Daily Target 2x Short PLTR ETF,NASDAQ,Uncategorized
PLU,Defiance Daily Target 2x Long PL ETF,BATS,Uncategorized
PLUG,"Plug Power, Inc.",NASDAQ,Uncategorized
PLUL,Leverage Shares 2X Long PLUG Daily ETF,NASDAQ,Uncategorized
PLUR,Pluri Inc.,NASDAQ,Uncategorized
PLUS,ePlus inc.,NASDAQ,Uncategorized
PLUT,Plutus Financial Group Limited - Ordinary Shares,NASDAQ,Uncategorized
PLX,"Protalix BioTherapeutics, Inc. (DE)",NYSE MKT,Uncategorized
PLXS,Plexus Corp.,NASDAQ,Uncategorized
PLYX,"Polaryx Therapeutics, Inc.",NASDAQ,Uncategorized
PLYY,GraniteShares YieldBOOST PLTR ETF,NASDAQ,Uncategorized
PM,Philip Morris International Inc,NYSE,Uncategorized
PMAP,PGIM S&P 500 Max Buffer ETF - April,BATS,Uncategorized
PMAR,Innovator U.S. Equity Power Buffer ETF - March,BATS,Uncategorized
PMAU,PGIM S&P 500 Max Buffer ETF - August,BATS,Uncategorized
PMAX,Powell Max Limited,NASDAQ,Uncategorized
PMAY,Innovator U.S. Equity Power Buffer ETF - May,BATS,Uncategorized
PMBS,PIMCO Mortgage-Backed Securities Active Exchange-Traded Fund,NASDAQ,Uncategorized
PMCB,"PharmaCyte  Biotech, Inc.",NASDAQ,Uncategorized
PMDE,PGIM S&P 500 Max Buffer ETF - December,BATS,Uncategorized
PMEC,Primech Holdings Ltd. - Ordinary Shares,NASDAQ,Uncategorized
PMFB,PGIM S&P 500 Max Buffer ETF - February,BATS,Uncategorized
PMI,"Picard Medical, Inc.",NYSE MKT,Uncategorized
PMIO,PGIM Municipal Income Opportunities ETF,NYSE ARCA,Uncategorized
PMJA,PGIM S&P 500 Max Buffer ETF - January,BATS,Uncategorized
PMJL,PGIM S&P 500 Max Buffer ETF - July,BATS,Uncategorized
PMJN,PGIM S&P 500 Max Buffer ETF - June,BATS,Uncategorized
PML,Pimco Municipal Income Fund II Common Shares of Beneficial Interest,NYSE,Uncategorized
PMM,Putnam Managed Municipal Income Trust,NYSE,Uncategorized
PMMF,iShares Prime Money Market ETF,NYSE,Uncategorized
PMMR,PGIM S&P 500 Max Buffer ETF - March,BATS,Uncategorized
PMMY,PGIM S&P 500 Max Buffer ETF - May,BATS,Uncategorized
PMN,ProMIS Neurosciences Inc. - Common Shares,NASDAQ,Uncategorized
PMNT,Perfect Moment Ltd.,NYSE MKT,Uncategorized
PMNV,PGIM S&P 500 Max Buffer ETF - November,BATS,Uncategorized
PMO,Putnam Municipal Opportunities Trust,NYSE,Uncategorized
PMOC,PGIM S&P 500 Max Buffer ETF - October,BATS,Uncategorized
PMSE,PGIM S&P 500 Max Buffer ETF - September,BATS,Uncategorized
PMT,PennyMac Mortgage Investment Trust Common Shares of Beneficial Interest,NYSE,Uncategorized
PMT$A,PennyMac Mortgage Investment Trust 8.125% Series A Fixed-to-Floating Rate Cumulative Redeemable Preferred Shares of Beneficial Interest,NYSE,Uncategorized
PMT$B,PennyMac Mortgage Investment Trust 8.00% Series B Fixed-to-Floating Rate Cumulative Redeemable Preferred Shares of Beneficial Interest,NYSE,Uncategorized
PMT$C,PennyMac Mortgage Investment Trust 6.75% Series C Cumulative Redeemable Preferred Shares of Beneficial Interest,NYSE,Uncategorized
PMTR,Perimeter Acquisition Corp. I,NASDAQ,Uncategorized
PMTRU,Perimeter Acquisition Corp. I,NASDAQ,Uncategorized
PMTRW,Perimeter Acquisition Corp. I - Warrant,NASDAQ,Uncategorized
PMTS,CPI Card Group Inc.,NASDAQ,Uncategorized
PMTU,PennyMac Mortgage Investment Trust 8.50% Senior Notes due 2028,NYSE,Uncategorized
PMTV,PennyMac Mortgage Investment Trust 9.00% Senior Notes due 2030,NYSE,Uncategorized
PMTW,PennyMac Mortgage Investment Trust 9.00% Senior Notes due 2030,NYSE,Uncategorized
PMVP,"PMV Pharmaceuticals, Inc.",NASDAQ,Uncategorized
PN,Skycorp Solar Group Limited - Ordinary Shares,NASDAQ,Uncategorized
PNBK,Patriot National Bancorp Inc.,NASDAQ,Uncategorized
PNC,"PNC Financial Services Group, Inc. (The)",NYSE,Uncategorized
PNFP,"Pinnacle Financial Partners, Inc.",NYSE,Uncategorized
PNFP$A,"Pinnacle Financial Partners, Inc. Fixed-to-Floating Rate Non-Cumulative Perpetual Preferred Stock, Series A",NYSE,Uncategorized
PNFP$B,"Pinnacle Financial Partners, Inc. Fixed-to-Floating Rate Non-Cumulative Perpetual Preferred Stock, Series B",NYSE,Uncategorized
PNFP$C,"Pinnacle Financial Partners, Inc. Fixed-to-Floating Rate Non-Cumulative Perpetual Preferred Stock, Series C",NYSE,Uncategorized
PNI,Pimco New York Municipal Income Fund II Common Shares of Beneficial Interest,NYSE,Uncategorized
PNNT,PennantPark Investment Corporation,NYSE,Uncategorized
PNOV,Innovator U.S. Equity Power Buffer ETF - November,BATS,Uncategorized
PNQI,Invesco Nasdaq Internet ETF,NASDAQ,Uncategorized
PNR,Pentair plc. Ordinary Share,NYSE,Uncategorized
PNRG,PrimeEnergy Resources Corporation,NASDAQ,Uncategorized
PNTG,"The Pennant Group, Inc.",NASDAQ,Uncategorized
PNW,Pinnacle West Capital Corporation,NYSE,Uncategorized
POAS,Phaos Technology Holdings (Cayman) Limited Class A Ordinary Shares,NYSE MKT,Uncategorized
POCI,"Precision Optics Corporation, Inc.",NASDAQ,Uncategorized
POCT,Innovator U.S. Equity Power Buffer ETF - October,BATS,Uncategorized
PODC,"PodcastOne, Inc.",NASDAQ,Uncategorized
PODD,Insulet Corporation,NASDAQ,Uncategorized
POET,POET Technologies Inc. - Common Shares,NASDAQ,Uncategorized
POLA,"Polar Power, Inc.",NASDAQ,Uncategorized
POLE,Andretti Acquisition Corp. II,NASDAQ,Uncategorized
POLEU,Andretti Acquisition Corp. II,NASDAQ,Uncategorized
POLEW,Andretti Acquisition Corp. II - Warrant,NASDAQ,Uncategorized
POM,POMDOCTOR LIMITED - American Depositary Shares,NASDAQ,Uncategorized
PONX,Tradr 2X Long PONY Daily ETF,BATS,Uncategorized
PONY,Pony AI Inc. - American Depositary Shares,NASDAQ,Uncategorized
POOL,Pool Corporation,NASDAQ,Uncategorized
POR,Portland General Electric Co,NYSE,Uncategorized
POST,"Post Holdings, Inc.",NYSE,Uncategorized
POW,VistaShares Electrification Supercycle ETF,NYSE ARCA,Uncategorized
POWA,Invesco Bloomberg Pricing Power ETF,NYSE ARCA,Uncategorized
POWI,"Power Integrations, Inc.",NASDAQ,Uncategorized
POWL,"Powell Industries, Inc.",NASDAQ,Uncategorized
POWR,iShares U.S. Power Infrastructure ETF,NYSE ARCA,Uncategorized
POWW,Outdoor Holding Company,NASDAQ,Uncategorized
POWWP,Outdoor Holding Company - 8.75% Series A Cumulative Redeemable Perpetual Preferred Stock,NASDAQ,Uncategorized
PPA,Invesco Aerospace & Defense ETF,NYSE ARCA,Uncategorized
PPBT,Purple Biotech Ltd. - American Depositary Shares,NASDAQ,Uncategorized
PPC,Pilgrim's Pride Corporation,NASDAQ,Uncategorized
PPCB,"Propanc Biopharma, Inc.",NASDAQ,Uncategorized
PPEM,Putnam PanAgora ESG Emerging Markets Equity ETF,NYSE ARCA,Uncategorized
PPG,"PPG Industries, Inc.",NYSE,Uncategorized
PPH,VanEck Pharmaceutical ETF,NASDAQ,Uncategorized
PPHC,"Public Policy Holding Company, Inc.",NASDAQ,Uncategorized
PPI,Astoria Real Assets ETF,NASDAQ,Uncategorized
PPIE,Putnam PanAgora ESG International Equity ETF,NYSE ARCA,Uncategorized
PPIH,"Perma-Pipe International Holdings, Inc.",NASDAQ,Uncategorized
PPL,PPL Corporation,NYSE,Uncategorized
PPLT,abrdn Physical Platinum Shares ETF,NYSE ARCA,Uncategorized
PPSI,"Pioneer Power Solutions, Inc.",NASDAQ,Uncategorized
PPT,Putnam Premier Income Trust,NYSE,Uncategorized
PPTA,Perpetua Resources Corp. - Common Shares,NASDAQ,Uncategorized
PPTY,U.S. Diversified Real Estate ETF,NYSE ARCA,Uncategorized
PQAP,PGIM Nasdaq-100 Buffer 12 ETF - April,NASDAQ,Uncategorized
PQDI,Principal Spectrum Preferred and Income ETF,NYSE ARCA,Uncategorized
PQJA,PGIM Nasdaq-100 Buffer 12 ETF - January,NASDAQ,Uncategorized
PQJL,PGIM Nasdaq-100 Buffer 12 ETF - July,NASDAQ,Uncategorized
PQNT,Pictet AI Enhanced International Equity ETF,NYSE ARCA,Uncategorized
PQOC,PGIM Nasdaq-100 Buffer 12 ETF - October,NASDAQ,Uncategorized
PQUS,Pictet AI Enhanced US Equity ETF,NYSE ARCA,Uncategorized
PR,Permian Resources Corporation Class A,NYSE,Uncategorized
PRA,ProAssurance Corporation,NYSE,Uncategorized
PRAA,"PRA Group, Inc.",NASDAQ,Uncategorized
PRAE,PlanRock Alternative Growth ETF,NYSE ARCA,Uncategorized
PRAX,"Praxis Precision Medicines, Inc.",NASDAQ,Uncategorized
PRAY,FIS Christian Stock Fund,NYSE ARCA,Uncategorized
PRCH,"Porch Group, Inc.",NASDAQ,Uncategorized
PRCS,Parnassus Core Select ETF,NYSE,Uncategorized
PRCT,PROCEPT BioRobotics Corporation,NASDAQ,Uncategorized
PRDO,Perdoceo Education Corporation,NASDAQ,Uncategorized
PRE,Prenetics Global Limited,NASDAQ,Uncategorized
PREF,Principal Spectrum Preferred Securities Active ETF,NYSE ARCA,Uncategorized
PRENW,Prenetics Global Limited - Warrant,NASDAQ,Uncategorized
PRF,Invesco RAFI US 1000 ETF,NYSE ARCA,Uncategorized
PRFD,PIMCO Preferred and Capital Securities Active Exchange-Traded Fund,NYSE ARCA,Uncategorized
PRFX,PRF Technologies Ltd. - Ordinary Shares,NASDAQ,Uncategorized
PRFZ,Invesco RAFI US 1500 Small-Mid ETF,NASDAQ,Uncategorized
PRG,"PROG Holdings, Inc.",NYSE,Uncategorized
PRGO,Perrigo Company plc Ordinary Shares,NYSE,Uncategorized
PRGS,Progress Software Corporation,NASDAQ,Uncategorized
PRH,"Prudential Financial, Inc. 5.950% Junior Subordinated Notes due 2062",NYSE,Uncategorized
PRHI,"Presurance Holdings, Inc.",NASDAQ,Uncategorized
PRHIZ,"Presurance Holdings, Inc. - 9.75% Senior Unsecured Notes due 2028",NASDAQ,Uncategorized
PRI,"Primerica, Inc.",NYSE,Uncategorized
PRIF$D,"Priority Income Fund, Inc. 7.00% Series D Term Preferred Stock due 2029",NYSE,Uncategorized
PRIF$J,"Priority Income Fund, Inc. 6.000% Series J Term Preferred Stock due 2028",NYSE,Uncategorized
PRIF$K,"Priority Income Fund, Inc. 7.000% Series K Cumulative Preferred Stock",NYSE,Uncategorized
PRIF$L,"Priority Income Fund, Inc. 6.375% Series L Term Preferred Stock Due 2029",NYSE,Uncategorized
PRIM,Primoris Services Corporation,NYSE,Uncategorized
PRIV,SPDR SSGA IG Public & Private Credit ETF,NYSE ARCA,Uncategorized
PRK,Park National Corporation,NYSE MKT,Uncategorized
PRKS,United Parks & Resorts Inc.,NYSE,Uncategorized
PRLB,"Proto Labs, Inc.",NYSE,Uncategorized
PRLD,Prelude Therapeutics Incorporated,NASDAQ,Uncategorized
PRM,"Perimeter Solutions, SA",NYSE,Uncategorized
PRMB,Primo Brands Corporation Class A,NYSE,Uncategorized
PRME,"Prime Medicine, Inc.",NASDAQ,Uncategorized
PRMR,PeakShares RMR Prime Equity ETF,NASDAQ,Uncategorized
PRN,Invesco Dorsey Wright Industrials Momentum ETF,NASDAQ,Uncategorized
PRNT,3D Printing (The) ETF,BATS,Uncategorized
PROF,Profound Medical Corp.,NASDAQ,Uncategorized
PROK,ProKidney Corp.,NASDAQ,Uncategorized
PROP,Prairie Operating Co.,NASDAQ,Uncategorized
PROV,"Provident Financial Holdings, Inc.",NASDAQ,Uncategorized
PRPL,"Purple Innovation, Inc.",NASDAQ,Uncategorized
PRPO,"Precipio, Inc.",NASDAQ,Uncategorized
PRQR,ProQR Therapeutics N.V. - Ordinary Shares,NASDAQ,Uncategorized
PRS,"Prudential Financial, Inc. 5.625% Junior Subordinated Notes due 2058",NYSE,Uncategorized
PRSD,State Street Short Duration IG Public & Private Credit ETF,NYSE ARCA,Uncategorized
PRSO,Peraso Inc.,NASDAQ,Uncategorized
PRSU,"Pursuit Attractions and Hospitality, Inc.",NYSE,Uncategorized
PRT,PermRock Royalty Trust Units of Beneficial Interest,NYSE,Uncategorized
PRTA,Prothena Corporation plc - Ordinary Shares,NASDAQ,Uncategorized
PRTC,PureTech Health plc - American Depositary Shares,NASDAQ,Uncategorized
PRTH,"Priority Technology Holdings, Inc.",NASDAQ,Uncategorized
PRTS,"CarParts.com, Inc.",NASDAQ,Uncategorized
PRU,"Prudential Financial, Inc.",NYSE,Uncategorized
PRVA,"Privia Health Group, Inc.",NASDAQ,Uncategorized
PRVS,Parnassus Value Select ETF,NYSE,Uncategorized
PRXG,Praxis Impact Large Cap Growth ETF,NYSE ARCA,Uncategorized
PRXV,Praxis Impact Large Cap Value ETF,NYSE ARCA,Uncategorized
PRZO,ParaZero Technologies Ltd. - Ordinary Shares,NASDAQ,Uncategorized
PSA,Public Storage,NYSE,Uncategorized
PSA$F,"Public Storage Depositary Shares Each Representing 1/1,000 of a 5.15% Cumulative Preferred Share of Beneficial Interest, Series F, par value $0.01 per share",NYSE,Uncategorized
PSA$G,"Public Storage Depositary Shares, Each Representing 1/1,000 of a 5.05% Cumulative Preferred Share of Beneficial Interest, Series G",NYSE,Uncategorized
PSA$H,"Public Storage Depositary Shares Each Representing 1/1,000 of a  5.60% Cumulative Preferred  Share of Beneficial Interest, Series H",NYSE,Uncategorized
PSA$I,"Public Storage Depositary Shares Each Representing 1/1,000 of a 4.875% Cumulative Preferred Share of Beneficial Interest, Series I, par value $0.01 per share",NYSE,Uncategorized
PSA$J,"Public Storage Depositary Shares Each Representing 1/1,000 of a 4.700% Cumulative Preferred Share of Beneficial Interest, Series J, par value $0.01 per share",NYSE,Uncategorized
PSA$K,"Public Storage Depositary Shares Each Representing 1/1,000 of a 4.75% Cumulative Preferred Share of Beneficial Interest, Series K",NYSE,Uncategorized
PSA$L,"Public Storage Depositary Shares Each Representing 1/1,000 of a 4.625% Cumulative Preferred Share of Beneficial Interest, Series L, par value $0.01 per share",NYSE,Uncategorized
PSA$M,"Public Storage Depositary Shares Each Representing 1/1,000 of a 4.125% Cumulative Preferred Share of Beneficial Interest, Series M",NYSE,Uncategorized
PSA$N,"Public Storage Depositary Shares Each Representing 1/1,000 of a 3.875% Cumulative Preferred Share of Beneficial Interest, Series N",NYSE,Uncategorized
PSA$O,"Public Storage Depositary Shares Each Representing 1/1,000 of a 3.900% Cumulative Preferred Share of Beneficial Interest, Series O",NYSE,Uncategorized
PSA$P,"Public Storage Depositary Shares Each Representing 1/1,000 of a 4.000% Cumulative Preferred Share of Bene cial Interest, Series P",NYSE,Uncategorized
PSA$Q,"Public Storage Depositary Shares Each Representing 1/1,000 of a 3.950% Cumulative Preferred Share of Beneficial Interest, Series Q, par value $0.01 per share",NYSE,Uncategorized
PSA$R,"Public Storage Depositary Shares Each Representing 1/1,000 of a 4.00% Cumulative Preferred Share of Bene cial Interest, Series R",NYSE,Uncategorized
PSA$S,"Public Storage Depositary Shares Each Representing 1/1,000 of a 4.100% Cumulative Preferred Share of Beneficial Interest, Series S",NYSE,Uncategorized
PSBD,Palmer Square Capital BDC Inc.,NYSE,Uncategorized
PSC,Principal U.S. Small-Cap ETF,NASDAQ,Uncategorized
PSCC,Invesco S&P SmallCap Consumer Staples ETF,NASDAQ,Uncategorized
PSCD,Invesco S&P SmallCap Consumer Discretionary ETF,NASDAQ,Uncategorized
PSCE,Invesco S&P SmallCap Energy ETF,NASDAQ,Uncategorized
PSCF,Invesco S&P SmallCap Financials ETF,NASDAQ,Uncategorized
PSCH,Invesco S&P SmallCap Health Care ETF,NASDAQ,Uncategorized
PSCI,Invesco S&P SmallCap Industrials ETF,NASDAQ,Uncategorized
PSCJ,Pacer Swan SOS Conservative (July) ETF,BATS,Uncategorized
PSCM,Invesco S&P SmallCap Materials ETF,NASDAQ,Uncategorized
PSCQ,Pacer Swan SOS Conservative (October) ETF,BATS,Uncategorized
PSCT,Invesco S&P SmallCap Information Technology ETF,NASDAQ,Uncategorized
PSCU,Invesco S&P SmallCap Utilities & Communication Services ETF,NASDAQ,Uncategorized
PSCW,Pacer Swan SOS Conservative (April) ETF,BATS,Uncategorized
PSCX,Pacer Swan SOS Conservative (January) ETF,BATS,Uncategorized
PSDM,PGIM Short Duration Multi-Sector Bond ETF,BATS,Uncategorized
PSEC,Prospect Capital Corporation - Closed End Fund,NASDAQ,Uncategorized
PSEC$A,Prospect Capital Corporation 5.35% Series A Fixed Rate Cumulative Perpetual Preferred Stock,NYSE,Uncategorized
PSEP,Innovator U.S. Equity Power Buffer ETF - September,BATS,Uncategorized
PSET,Principal Quality ETF,NASDAQ,Uncategorized
PSF,"Cohen & Steers Select Preferred and Income Fund, Inc.",NYSE,Uncategorized
PSFD,Pacer Swan SOS Flex (January) ETF,BATS,Uncategorized
PSFE,Paysafe Limited Common Shares,NYSE,Uncategorized
PSFF,Pacer Swan SOS Fund of Funds ETF,BATS,Uncategorized
PSFJ,Pacer Swan SOS Flex (July) ETF,BATS,Uncategorized
PSFM,Pacer Swan SOS Flex (April) ETF,BATS,Uncategorized
PSFO,Pacer Swan SOS Flex (October) ETF,BATS,Uncategorized
PSH,PGIM Short Duration High Yield ETF,BATS,Uncategorized
PSHG,Performance Shipping Inc. - Common Shares,NASDAQ,Uncategorized
PSI,Invesco Semiconductors ETF,NYSE ARCA,Uncategorized
PSIG,PS International Group Ltd. - Ordinary Shares,NASDAQ,Uncategorized
PSIL,AdvisorShares Psychedelics ETF,NYSE ARCA,Uncategorized
PSIX,"Power Solutions International, Inc.",NASDAQ,Uncategorized
PSK,State Street SPDR ICE Preferred Securities ETF,NYSE ARCA,Uncategorized
PSKY,Paramount Skydance Corporation - Class B,NASDAQ,Uncategorized
PSL,Invesco Dorsey Wright Consumer Staples Momentum ETF,NASDAQ,Uncategorized
PSLV,Sprott Physical Silver Trust ETV,NYSE ARCA,Uncategorized
PSMD,Pacer Swan SOS Moderate (January) ETF,BATS,Uncategorized
PSMJ,Pacer Swan SOS Moderate (July) ETF,BATS,Uncategorized
PSMO,Pacer Swan SOS Moderate (October) ETF,BATS,Uncategorized
PSMR,Pacer Swan SOS Moderate (April) ETF,BATS,Uncategorized
PSMT,"PriceSmart, Inc.",NASDAQ,Uncategorized
PSN,Parsons Corporation,NYSE,Uncategorized
PSNL,"Personalis, Inc.",NASDAQ,Uncategorized
PSNY,Polestar Automotive Holding UK Limited,NASDAQ,Uncategorized
PSNYW,Polestar Automotive Holding UK Limited - Class C-1 ADS (ADW),NASDAQ,Uncategorized
PSO,"Pearson, Plc",NYSE,Uncategorized
PSP,Invesco Global Listed Private Equity ETF,NYSE ARCA,Uncategorized
PSQ,ProShares Short QQQ,NYSE ARCA,Uncategorized
PSQA,Palmer Square CLO Senior Debt ETF,NYSE ARCA,Uncategorized
PSQH,"PSQ Holdings, Inc. Class A",NYSE,Uncategorized
PSQH.W,"PSQ Holdings, Inc. Warrants, each exercisable for one share of Class A common stock at an exercise price of $11.50 per share",NYSE,Uncategorized
PSQO,Palmer Square Credit Opportunities ETF,NYSE ARCA,Uncategorized
PSR,Invesco Active U.S. Real Estate Fund,NYSE ARCA,Uncategorized
PST,ProShares UltraShort Lehman 7-10 Year Treasury,NYSE ARCA,Uncategorized
PSTG,"Pure Storage, Inc. Class A",NYSE,Uncategorized
PSTL,"Postal Realty Trust, Inc. Class A",NYSE,Uncategorized
PSTP,Innovator Power Buffer Step-Up Strategy ETF,NYSE ARCA,Uncategorized
PSTR,PeakShares Sector Rotation ETF,NASDAQ,Uncategorized
PSTV,"PLUS THERAPEUTICS, Inc.",NASDAQ,Uncategorized
PSWD,Xtrackers Cybersecurity Select Equity ETF,NASDAQ,Uncategorized
PSX,Phillips 66,NYSE,Uncategorized
PTA,Cohen & Steers Tax-Advantaged Preferred Securities and Income Fund Common Shares of Beneficial Interest,NYSE,Uncategorized
PTBD,Pacer Trendpilot US Bond ETF,NYSE ARCA,Uncategorized
PTC,PTC Inc.,NASDAQ,Uncategorized
PTCT,"PTC Therapeutics, Inc.",NASDAQ,Uncategorized
PTEN,"Patterson-UTI Energy, Inc.",NASDAQ,Uncategorized
PTEU,Pacer TrendpilotTM European Index ETF,BATS,Uncategorized
PTF,Invesco Dorsey Wright Technology Momentum ETF,NASDAQ,Uncategorized
PTGX,"Protagonist Therapeutics, Inc.",NASDAQ,Uncategorized
PTH,Invesco Dorsey Wright Healthcare Momentum ETF,NASDAQ,Uncategorized
PTHS,Pelthos Therapeutics Inc.,NYSE MKT,Uncategorized
PTIN,Pacer Trendpilot International ETF,NYSE ARCA,Uncategorized
PTIR,GraniteShares 2x Long PLTR Daily ETF,NASDAQ,Uncategorized
PTL,Inspire 500 ETF,NYSE ARCA,Uncategorized
PTLC,Pacer Trendpilot US Large Cap ETF,BATS,Uncategorized
PTLE,PTL LTD,NASDAQ,Uncategorized
PTLO,Portillo's Inc. - Class A,NASDAQ,Uncategorized
PTMC,Pacer Trendpilot US Mid Cap ETF,BATS,Uncategorized
PTN,"Palatin Technologies, Inc.",NYSE MKT,Uncategorized
PTNM,Pitanium Limited,NASDAQ,Uncategorized
PTNQ,Pacer Trendpilot 100 ETF,NASDAQ,Uncategorized
PTON,"Peloton Interactive, Inc.",NASDAQ,Uncategorized
PTORU,Praetorian Acquisition Corp.,NASDAQ,Uncategorized
PTRB,PGIM Total Return Bond ETF,NYSE ARCA,Uncategorized
PTRN,Pattern Group Inc. - Series A,NASDAQ,Uncategorized
PTY,Pimco Corporate & Income Opportunity Fund,NYSE,Uncategorized
PUBM,"PubMatic, Inc. - Class A",NASDAQ,Uncategorized
PUI,Invesco Dorsey Wright Utilities Momentum ETF,NASDAQ,Uncategorized
PUK,Prudential Public Limited Company,NYSE,Uncategorized
PULM,"Pulmatrix, Inc.",NASDAQ,Uncategorized
PULS,PGIM Ultra Short Bond ETF,NYSE ARCA,Uncategorized
PULT,Putnam ESG Ultra Short ETF,NYSE ARCA,Uncategorized
PUMP,ProPetro Holding Corp.,NYSE,Uncategorized
PURR,Hyperliquid Strategies Inc,NASDAQ,Uncategorized
PUSH,PGIM Ultra Short Municipal Bond ETF,NYSE ARCA,Uncategorized
PVAL,Putnam Focused Large Cap Value ETF,NYSE ARCA,Uncategorized
PVEX,TrueShares ConVex Protect ETF,BATS,Uncategorized
PVH,PVH Corp.,NYSE,Uncategorized
PVI,Invesco Floating Rate Municipal Income ETF,NYSE ARCA,Uncategorized
PVL,Permianville Royalty Trust Units of Beneficial Interest,NYSE,Uncategorized
PVLA,"Palvella Therapeutics, Inc.",NASDAQ,Uncategorized
PW,Power REIT (MD),NYSE MKT,Uncategorized
PW$A,Power REIT 7.75% Series A Cumulative Perpetual Preferred Stock,NYSE MKT,Uncategorized
PWB,Invesco Large Cap Growth ETF,NYSE ARCA,Uncategorized
PWER,Nomura Energy Transition ETF,NYSE ARCA,Uncategorized
PWP,Perella Weinberg Partners - Class A,NASDAQ,Uncategorized
PWR,"Quanta Services, Inc.",NYSE,Uncategorized
PWRD,TCW Transform Systems ETF,NASDAQ,Uncategorized
PWS,Pacer WealthShield ETF,BATS,Uncategorized
PWV,Invesco Large Cap Value ETF,NYSE ARCA,Uncategorized
PWZ,Invesco California AMT-Free Municipal Bond Portfolio,NYSE ARCA,Uncategorized
PXE,Invesco Energy Exploration & Production ETF,NYSE ARCA,Uncategorized
PXED,"Phoenix Education Partners, Inc.",NYSE,Uncategorized
PXF,Invesco RAFI Developed Markets ex-U.S. ETF,NYSE ARCA,Uncategorized
PXH,Invesco RAFI Emerging Markets ETF,NYSE ARCA,Uncategorized
PXI,Invesco Dorsey Wright Energy Momentum ETF,NASDAQ,Uncategorized
PXIU,T-REX 2X Long UPXI Daily Target ETF,BATS,Uncategorized
PXJ,Invesco Oil & Gas Services ETF,NYSE ARCA,Uncategorized
PXLW,"Pixelworks, Inc.",NASDAQ,Uncategorized
PXS,Pyxis Tankers Inc.,NASDAQ,Uncategorized
PY,Principal Value ETF,NASDAQ,Uncategorized
PYLD,PIMCO Multisector Bond Active Exchange-Traded Fund,NYSE ARCA,Uncategorized
PYPD,PolyPid Ltd. - Ordinary Shares,NASDAQ,Uncategorized
PYPG,Leverage Shares 2X Long PYPL Daily ETF,NASDAQ,Uncategorized
PYPL,"PayPal Holdings, Inc.",NASDAQ,Uncategorized
PYPY,YieldMax PYPL Option Income Strategy ETF,NYSE ARCA,Uncategorized
PYT,PPlus Tr GSC-2 Tr Ctf Fltg Rate,NYSE,Uncategorized
PYXS,"Pyxis Oncology, Inc.",NASDAQ,Uncategorized
PYZ,Invesco Dorsey Wright Basic Materials Momentum ETF,NASDAQ,Uncategorized
PZA,Invesco National AMT-Free Municipal Bond ETFo,NYSE ARCA,Uncategorized
PZG,Paramount Gold Nevada Corp.,NYSE MKT,Uncategorized
PZT,Invesco New York AMT-Free Municipal Bond ETF,NYSE ARCA,Uncategorized
PZZA,"Papa John's International, Inc.",NASDAQ,Uncategorized
Q,"Qnity Electronics, Inc.",NYSE,Uncategorized
QABA,First Trust NASDAQ ABA Community Bank Index Fund,NASDAQ,Uncategorized
QAI,NYLI Hedge Multi-Strategy Tracker ETF,NYSE ARCA,Uncategorized
QALT,SEI DBi Multi-Strategy Alternative ETF,NASDAQ,Uncategorized
QARP,Xtrackers Russell 1000 US Quality at a Reasonable Price ETF ETF,NYSE ARCA,Uncategorized
QAT,iShares MSCI Qatar ETF,NASDAQ,Uncategorized
QB,ProShares Nasdaq-100 Dynamic Buffer ETF,NASDAQ,Uncategorized
QBER,TrueShares Quarterly Bear Hedge ETF,BATS,Uncategorized
QBF,Innovator Uncapped Bitcoin 20 Floor ETF - Quarterly,BATS,Uncategorized
QBIG,Invesco Top QQQ ETF,NASDAQ,Uncategorized
QBSF,AllianzIM U.S. Equity Buffer15 ETF,BATS,Uncategorized
QBTS,D-Wave Quantum Inc. Common Shares,NYSE,Uncategorized
QBTX,Tradr 2X Long QBTS Daily ETF,BATS,Uncategorized
QBTZ,Defiance Daily Target 2x Short QBTS ETF,NASDAQ,Uncategorized
QBUF,Innovator Nasdaq-100 10 Buffer ETF Quarterly,NASDAQ,Uncategorized
QBUL,TrueShares Quarterly Bull Hedge ETF,BATS,Uncategorized
QBY,GraniteShares YieldBoost QBTS ETF,NASDAQ,Uncategorized
QCAP,FT Vest Nasdaq-100 Conservative Buffer ETF - April,BATS,Uncategorized
QCJA,FT Vest Nasdaq-100 Conservative Buffer ETF - January,BATS,Uncategorized
QCJL,FT Vest Nasdaq-100 Conservative Buffer ETF - July,BATS,Uncategorized
QCLN,First Trust NASDAQ Clean Edge Green Energy Index Fund,NASDAQ,Uncategorized
QCLR,Global X NASDAQ 100 Collar 95-110 ETF,NASDAQ,Uncategorized
QCLS,"Q/C Technologies, Inc.",NASDAQ,Uncategorized
QCMD,Direxion Daily QCOM Bear 1X ETF,NASDAQ,Uncategorized
QCML,GraniteShares 2x Long QCOM Daily ETF,NASDAQ,Uncategorized
QCMU,Direxion Daily QCOM Bull 2X ETF,NASDAQ,Uncategorized
QCOC,FT Vest Nasdaq-100 Conservative Buffer ETF - October,BATS,Uncategorized
QCOM,QUALCOMM Incorporated,NASDAQ,Uncategorized
QCRH,"QCR Holdings, Inc.",NASDAQ,Uncategorized
QDEC,FT Vest Nasdaq-100 Buffer ETF - December,BATS,Uncategorized
QDEF,FlexShares Quality Dividend Defensive Index Fund,NYSE ARCA,Uncategorized
QDEL,QuidelOrtho Corporation,NASDAQ,Uncategorized
QDF,FlexShares Quality Dividend Index Fund,NYSE ARCA,Uncategorized
QDIV,Global X S&P 500 Quality Dividend ETF,NYSE ARCA,Uncategorized
QDPL,Pacer Metaurus US Large Cap Dividend Multiplier 400 ETF,NYSE ARCA,Uncategorized
QDTE,Roundhill Innovation-100 0DTE Covered Call Strategy ETF,BATS,Uncategorized
QDTY,YieldMax Nasdaq 100 0DTE Covered Call Strategy ETF,NASDAQ,Uncategorized
QDVO,Amplify CWP Growth & Income ETF,NYSE ARCA,Uncategorized
QEFA,State Street SPDR MSCI EAFE StrategicFactors ETF,NYSE ARCA,Uncategorized
QEMM,State Street SPDR MSCI Emerging Markets StrategicFactors ETF,NYSE ARCA,Uncategorized
QETA,Quetta Acquisition Corporation,NASDAQ,Uncategorized
QETAR,Quetta Acquisition Corporation - Right,NASDAQ,Uncategorized
QETAU,Quetta Acquisition Corporation,NASDAQ,Uncategorized
QETH,Invesco Galaxy Ethereum ETF,BATS,Uncategorized
QFHD,Pacer S&P 500 Quality FCF High Dividend ETF,BATS,Uncategorized
QFIN,"Qfin Holdings, Inc.  - American Depositary Shares",NASDAQ,Uncategorized
QFLR,Innovator Nasdaq-100 Managed Floor ETF,NYSE ARCA,Uncategorized
QFRD,Pacer S&P 500 Quality FCF R&D Leaders,BATS,Uncategorized
QGEN,Qiagen N.V. Common Shares,NYSE,Uncategorized
QGRD,Horizon Nasdaq-100 Defined Risk ETF,NASDAQ,Uncategorized
QGRO,American Century U.S. Quality Growth ETF,NYSE ARCA,Uncategorized
QGRW,WisdomTree U.S. Quality Growth Fund,NYSE ARCA,Uncategorized
QH,Quhuo Limited - American Depository Shares,NASDAQ,Uncategorized
QHDG,Innovator Hedged Nasdaq-100 ETF,NASDAQ,Uncategorized
QHY,WisdomTree U.S. High Yield Corporate Bond Fund,BATS,Uncategorized
QID,ProShares UltraShort QQQ,NYSE ARCA,Uncategorized
QIDX,Indexperts Quality Earnings Focused ETF,NYSE ARCA,Uncategorized
QIG,WisdomTree U.S. Corporate Bond Fund,BATS,Uncategorized
QINT,American Century Quality Diversified International ETF,NYSE ARCA,Uncategorized
QIPT,Quipt Home Medical Corp. - Common Shares,NASDAQ,Uncategorized
QIS,Simplify Multi-QIS Alternative ETF,NYSE ARCA,Uncategorized
QJUN,FT Vest Nasdaq-100 Buffer ETF - June,BATS,Uncategorized
QLC,FlexShares US Quality Large Cap Index Fund,BATS,Uncategorized
QLD,ProShares Ultra QQQ,NYSE ARCA,Uncategorized
QLDY,Defiance Nasdaq 100 LightningSpread Income ETF,NASDAQ,Uncategorized
QLTA,iShares Aaa A Rated Corporate Bond ETF,NYSE ARCA,Uncategorized
QLTI,GMO International Quality ETF,NYSE ARCA,Uncategorized
QLTY,GMO U.S. Quality ETF,NYSE ARCA,Uncategorized
QLV,FlexShares US Quality Low Volatility Index Fund,NYSE ARCA,Uncategorized
QLVD,FlexShares Developed Markets ex-US Quality Low Volatility Index Fund,NYSE ARCA,Uncategorized
QLVE,FlexShares Emerging Markets  Quality Low Volatility Index Fund,NYSE ARCA,Uncategorized
QLYS,"Qualys, Inc.",NASDAQ,Uncategorized
QMAG,FT Vest Nasdaq-100 Moderate Buffer ETF - August,BATS,Uncategorized
QMAR,FT Vest Nasdaq-100 Buffer ETF - March,BATS,Uncategorized
QMCO,Quantum Corporation,NASDAQ,Uncategorized
QMFE,FT Vest Nasdaq-100 Moderate Buffer ETF - February,BATS,Uncategorized
QMID,WisdomTree U.S. MidCap Quality Growth Fund,NASDAQ,Uncategorized
QMMM,QMMM Holdings Limited,NASDAQ,Uncategorized
QMMY,FT Vest Nasdaq-100 Moderate Buffer ETF - May,BATS,Uncategorized
QMNV,FT Vest Nasdaq-100 Moderate Buffer ETF - November,BATS,Uncategorized
QMOM,Alpha Architect U.S. Quantitative Momentum ETF,NASDAQ,Uncategorized
QNC,Quantum eMotion Corp. Common Shares,NYSE MKT,Uncategorized
QNCX,"Quince Therapeutics, Inc.",NASDAQ,Uncategorized
QNRX,"Quoin Pharmaceuticals, Ltd. - American Depositary Shares",NASDAQ,Uncategorized
QNST,"QuinStreet, Inc.",NASDAQ,Uncategorized
QNTM,Quantum Biopharma Ltd.,NASDAQ,Uncategorized
QNXT,iShares Nasdaq-100 ex Top 30 ETF,NASDAQ,Uncategorized
QOWZ,Invesco Nasdaq Free Cash Flow Achievers ETF,NASDAQ,Uncategorized
QPUX,Defiance 2X Daily Long Pure Quantum ETF,NASDAQ,Uncategorized
QPX,AdvisorShares Q Dynamic Growth ETF,NYSE ARCA,Uncategorized
QQA,Invesco QQQ Income Advantage ETF,NASDAQ,Uncategorized
QQDN,ProShares UltraShort QQQ Mega,NASDAQ,Uncategorized
QQEW,First Trust Nasdaq-100 Select Equal Weight ETF,NASDAQ,Uncategorized
QQH,HCM Defender 100 Index ETF,NYSE ARCA,Uncategorized
QQHG,Invesco QQQ Hedged Advantage ETF,NASDAQ,Uncategorized
QQLV,Invesco QQQ Low Volatility ETF,NASDAQ,Uncategorized
QQMG,Invesco ESG NASDAQ 100 ETF,NASDAQ,Uncategorized
QQQ,"Invesco QQQ Trust, Series 1",NASDAQ,Uncategorized
QQQA,ProShares Nasdaq-100 Dorsey Wright Momentum ETF,NASDAQ,Uncategorized
QQQD,Direxion Daily Magnificent 7 Bear 1X Shares,NYSE ARCA,Uncategorized
QQQE,Direxion NASDAQ-100 Equal Weighted Index Shares,NASDAQ,Uncategorized
QQQG,Pacer Nasdaq 100 Top 50 Cash Cows Growth Leaders ETF,NASDAQ,Uncategorized
QQQH,NEOS Nasdaq-100 Hedged Equity Income ETF,NASDAQ,Uncategorized
QQQI,NEOS Nasdaq 100 High Income ETF,NASDAQ,Uncategorized
QQQJ,Invesco NASDAQ Next Gen 100 ETF,NASDAQ,Uncategorized
QQQM,Invesco NASDAQ 100 ETF,NASDAQ,Uncategorized
QQQP,Tradr 2X Long Innovation 100 Quarterly ETF,NASDAQ,Uncategorized
QQQS,Invesco NASDAQ Future Gen 200 ETF,NASDAQ,Uncategorized
QQQT,Defiance Nasdaq 100 Income Target ETF,NASDAQ,Uncategorized
QQQU,Direxion Daily Magnificent 7 Bull 2X Shares,NYSE ARCA,Uncategorized
QQQX,Nuveen NASDAQ 100 Dynamic Overwrite Fund - Closed End Fund,NASDAQ,Uncategorized
QQQY,Defiance Nasdaq 100 Weekly Distribution ETF,NASDAQ,Uncategorized
QQUP,ProShares Ultra QQQ Mega,NASDAQ,Uncategorized
QQWZ,Pacer Cash COWZ 100-Nasdaq 100 Rotator ETF,NASDAQ,Uncategorized
QQXL,ProShares Ultra QQQ Top 30,NASDAQ,Uncategorized
QQXT,First Trust NASDAQ-100 Ex-Technology Sector Index Fund,NASDAQ,Uncategorized
QRFT,QRAFT AI-Enhanced U.S. Large Cap ETF,NYSE ARCA,Uncategorized
QRHC,Quest Resource Holding Corporation,NASDAQ,Uncategorized
QRMI,Global X NASDAQ 100 Risk Managed Income ETF,NASDAQ,Uncategorized
QRVO,"Qorvo, Inc.",NASDAQ,Uncategorized
QS,QuantumScape Corporation,NASDAQ,Uncategorized
QSEA,Quartzsea Acquisition Corporation - Ordinary Shares,NASDAQ,Uncategorized
QSEAR,Quartzsea Acquisition Corporation - Rights,NASDAQ,Uncategorized
QSEAU,Quartzsea Acquisition Corporation,NASDAQ,Uncategorized
QSI,Quantum-Si Incorporated - Class A,NASDAQ,Uncategorized
QSIAW,Quantum-Si Incorporated - Warrant,NASDAQ,Uncategorized
QSIG,WisdomTree U.S. Short Term Corporate Bond Fund,BATS,Uncategorized
QSIX,Pacer Metaurus Nasdaq 100 Dividend Multiplier 600 ETF,NASDAQ,Uncategorized
QSML,WisdomTree U.S. SmallCap Quality Growth Fund,NASDAQ,Uncategorized
QSOL,Invesco Galaxy Solana ETF,BATS,Uncategorized
QSPT,FT Vest Nasdaq-100 Buffer ETF - September,BATS,Uncategorized
QSR,Restaurant Brands International Inc. Common Shares,NYSE,Uncategorized
QSU,Defiance Daily Target 2X Long QS ETF,NYSE ARCA,Uncategorized
QTAC,Q3 All-Season Tactical Advantage ETF,BATS,Uncategorized
QTAP,Innovator Growth Accelerated Plus ETF - April,BATS,Uncategorized
QTEC,First Trust NASDAQ-100-Technology Sector Index Fund,NASDAQ,Uncategorized
QTI,"QT Imaging Holdings, Inc.",NASDAQ,Uncategorized
QTJA,Innovator Growth Accelerated Plus ETF - January,BATS,Uncategorized
QTJL,Innovator Growth Accelerated Plus ETF - July,BATS,Uncategorized
QTOC,Innovator Growth Accelerated Plus ETF - October,BATS,Uncategorized
QTOP,iShares Nasdaq Top 30 Stocks ETF,NASDAQ,Uncategorized
QTPI,North Square RCIM Tax-Advantaged Preferred and Income Securities ETF,NYSE ARCA,Uncategorized
QTR,Global X NASDAQ 100 Tail Risk ETF,NASDAQ,Uncategorized
QTRX,Quanterix Corporation,NASDAQ,Uncategorized
QTTB,Q32 Bio Inc.,NASDAQ,Uncategorized
QTUM,Defiance Quantum ETF,NASDAQ,Uncategorized
QTWO,"Q2 Holdings, Inc.",NYSE,Uncategorized
QUAD,"Quad Graphics, Inc Class A",NYSE,Uncategorized
QUAL,iShares MSCI USA Quality Factor ETF,BATS,Uncategorized
QUBT,Quantum Computing Inc.,NASDAQ,Uncategorized
QUBX,Tradr 2X Long QUBT Daily ETF,BATS,Uncategorized
QUIK,QuickLogic Corporation,NASDAQ,Uncategorized
QUIZ,Zacks Quality International ETF,NYSE ARCA,Uncategorized
QULL,ETRACS 2x Leveraged MSCI US Quality Factor TR ETN,NYSE ARCA,Uncategorized
QUMS,Quantumsphere Acquisition Corp. - Ordinary Shares,NASDAQ,Uncategorized
QUMSR,Quantumsphere Acquisition Corp. - Rights,NASDAQ,Uncategorized
QUMSU,Quantumsphere Acquisition Corp.,NASDAQ,Uncategorized
QURE,uniQure N.V. - Ordinary Shares,NASDAQ,Uncategorized
QUS,State Street SPDR MSCI USA StrategicFactors ETF,NYSE ARCA,Uncategorized
QUSA,VistaShares Target 15 USA Quality Income ETF,NYSE ARCA,Uncategorized
QUVU,Hartford Quality Value ETF,BATS,Uncategorized
QVAL,Alpha Architect U.S. Quantitative Value ETF,NASDAQ,Uncategorized
QVCC,"QVC, Inc. 6.250% Senior Secured Notes due 2068",NYSE,Uncategorized
QVCD,"QVC, Inc. 6.375% Senior Secured Notes due 2067",NYSE,Uncategorized
QVCGA,"QVC Group, Inc. - Series A",NASDAQ,Uncategorized
QVCGP,"QVC Group, Inc. - 8.0% Fixed Rate Cumulative Redeemable Preferred Stock",NASDAQ,Uncategorized
QVML,Invesco S&P 500 QVM Multi-factor ETF,NYSE ARCA,Uncategorized
QVMM,Invesco S&P MidCap 400 QVM Multi-factor ETF,NYSE ARCA,Uncategorized
QVMS,Invesco S&P SmallCap 600 QVM Multi-factor ETF,NYSE ARCA,Uncategorized
QVMT,Invesco S&P 500 Concentrated QVM ETF,NYSE ARCA,Uncategorized
QVOY,Q3 All-Season Active Rotation ETF Q3 All-Season Active Rotation ETF,BATS,Uncategorized
QWLD,State Street SPDR MSCI World StrategicFactors ETF,NYSE ARCA,Uncategorized
QXAS,Quantify 2X Daily Alt Season Crypto ETF,NYSE ARCA,Uncategorized
QXO,"QXO, Inc.",NYSE,Uncategorized
QXO$B,"QXO, Inc.  Depositary Shares, each representing a 1/20th interest in a share of 5.50% Series B Mandatory Convertible Preferred Stock",NYSE,Uncategorized
QXQ,SGI Enhanced Nasdaq-100 ETF,NASDAQ,Uncategorized
QYLD,Global X NASDAQ 100 Covered Call ETF,NASDAQ,Uncategorized
QYLG,Global X Nasdaq 100 Covered Call & Growth ETF,NASDAQ,Uncategorized
R,"Ryder System, Inc.",NYSE,Uncategorized
RA,Brookfield Real Assets Income Fund Inc.,NYSE,Uncategorized
RAA,SMI 3Fourteen REAL Asset Allocation ETF,NASDAQ,Uncategorized
RAAA,Reckoner Yield Enhanced AAA CLO ETF,NYSE ARCA,Uncategorized
RAAQ,Real Asset Acquisition Corp.,NASDAQ,Uncategorized
RAAQU,Real Asset Acquisition Corp.,NASDAQ,Uncategorized
RAAQW,Real Asset Acquisition Corp. - Warrants,NASDAQ,Uncategorized
RAAR,Reckoner Yield Enhanced AAA CLO Reinvesting ETF,NYSE ARCA,Uncategorized
RAAX,VanEck Real Assets ETF,NYSE ARCA,Uncategorized
RAAY,Reckoner Yield Enhanced AAA CLO Annual ETF,NYSE ARCA,Uncategorized
RAC,Rithm Acquisition Corp. Class A Ordinary Shares,NYSE,Uncategorized
RAC.U,Rithm Acquisition Corp. Units (each consists of one Class A Ordinary Share and one-third of one redeemable Warrant),NYSE,Uncategorized
RAC.W,"Rithm Acquisition Corp. Redeemable warrants, each whole warrant exercisable for one Class A ordinary share at an exercise price of $11.50",NYSE,Uncategorized
RACE,Ferrari N.V. Common Shares,NYSE,Uncategorized
RADX,Radiopharm Theranostics Limited - American Depositary Shares,NASDAQ,Uncategorized
RAFE,PIMCO RAFI ESG U.S. ETF,NYSE ARCA,Uncategorized
RAIL,"Freightcar America, Inc.",NASDAQ,Uncategorized
RAIN,"Rain Enhancement Technologies Holdco, Inc. - Class A",NASDAQ,Uncategorized
RAINW,"Rain Enhancement Technologies Holdco, Inc. - Warrants",NASDAQ,Uncategorized
RAL,Ralliant Corporation,NYSE,Uncategorized
RAMP,"LiveRamp Holdings, Inc.",NYSE,Uncategorized
RAND,Rand Capital Corporation - Closed End Fund,NASDAQ,Uncategorized
RANG,Range Capital Acquisition Corp. - Ordinary Shares,NASDAQ,Uncategorized
RANGR,Range Capital Acquisition Corp. - Rights,NASDAQ,Uncategorized
RANGU,Range Capital Acquisition Corp.,NASDAQ,Uncategorized
RANI,"Rani Therapeutics Holdings, Inc. - Class A",NASDAQ,Uncategorized
RAPP,"Rapport Therapeutics, Inc.",NASDAQ,Uncategorized
RAPT,"RAPT Therapeutics, Inc.",NASDAQ,Uncategorized
RARE,Ultragenyx Pharmaceutical Inc.,NASDAQ,Uncategorized
RAUS,RACWI US ETF,NASDAQ,Uncategorized
RAVE,"Rave Restaurant Group, Inc.",NASDAQ,Uncategorized
RAVI,FlexShares Ultra-Short Income Fund,NYSE ARCA,Uncategorized
RAY,Raytech Holding Limited - Ordinary Shares,NASDAQ,Uncategorized
RAYA,Erayak Power Solution Group Inc.,NASDAQ,Uncategorized
RAYJ,Rayliant SMDAM Japan Equity ETF,NYSE ARCA,Uncategorized
RB,ProShares Russell 2000 Dynamic Buffer ETF,BATS,Uncategorized
RBA,"RB Global, Inc.",NYSE,Uncategorized
RBB,RBB Bancorp,NASDAQ,Uncategorized
RBBN,Ribbon Communications Inc.,NASDAQ,Uncategorized
RBC,RBC Bearings Incorporated,NYSE,Uncategorized
RBCAA,"Republic Bancorp, Inc. - Class A",NASDAQ,Uncategorized
RBIL,F/m Ultrashort Treasury Inflation-Protected Security (TIPS) ETF,NASDAQ,Uncategorized
RBKB,"Rhinebeck Bancorp, Inc.",NASDAQ,Uncategorized
RBLD,First Trust Alerian US NextGen Infrastructure ETF,NYSE ARCA,Uncategorized
RBLU,T-REX 2X Long RBLX Daily Target ETF,BATS,Uncategorized
RBLX,Roblox Corporation Class A,NYSE,Uncategorized
RBLY,YieldMax RBLX Option Income Strategy ETF,NYSE ARCA,Uncategorized
RBNE,Robin Energy Ltd.,NASDAQ,Uncategorized
RBOT,Vicarious Surgical Inc. Class A,NYSE,Uncategorized
RBRK,"Rubrik, Inc. Class A",NYSE,Uncategorized
RBUF,Innovator U.S. Small Cap 10 Buffer ETF - Quarterly,BATS,Uncategorized
RC,Ready Capital Corporation,NYSE,Uncategorized
RC$C,Ready Capital Corporation 6.25% Series C Cumulative Convertible Preferred Stock,NYSE,Uncategorized
RC$E,Ready Capital Corporation 6.50% Series E Cumulative Redeemable Preferred Stock,NYSE,Uncategorized
RCAT,"Red Cat Holdings, Inc.",NASDAQ,Uncategorized
RCAX,Defiance Daily Target 2x Long RCAT ETF,NASDAQ,Uncategorized
RCB,Ready Capital Corporation 6.20% Senior Notes due 2026,NYSE,Uncategorized
RCD,Ready Capital Corporation 9.00% Senior Notes due 2029,NYSE,Uncategorized
RCEL,"Avita Medical, Inc.",NASDAQ,Uncategorized
RCG,"RENN Fund, Inc",NYSE MKT,Uncategorized
RCGE,RockCreek Global Equality ETF,NASDAQ,Uncategorized
RCI,"Rogers Communication, Inc.",NYSE,Uncategorized
RCKT,"Rocket Pharmaceuticals, Inc.",NASDAQ,Uncategorized
RCKTW,"Rocket Pharmaceuticals, Inc. - Warrant",NASDAQ,Uncategorized
RCKY,"Rocky Brands, Inc.",NASDAQ,Uncategorized
RCL,Royal Caribbean Cruises Ltd.,NYSE,Uncategorized
RCLO,Reckoner BBB-B CLO ETF,NYSE ARCA,Uncategorized
RCLR,Reckoner BBB-B CLO Reinvesting ETF,NYSE ARCA,Uncategorized
RCLY,Reckoner BBB-B CLO Annual ETF,NYSE ARCA,Uncategorized
RCMT,"RCM Technologies, Inc.",NASDAQ,Uncategorized
RCON,"Recon Technology, Ltd.",NASDAQ,Uncategorized
RCS,"PIMCO Strategic Income Fund, Inc.",NYSE,Uncategorized
RCT,RedCloud Holdings plc - Ordinary Shares,NASDAQ,Uncategorized
RCTR,First Trust Bloomberg Nuclear Power ETF,NYSE ARCA,Uncategorized
RCUS,"Arcus Biosciences, Inc.",NYSE,Uncategorized
RDAC,Rising Dragon Acquisition Corp. - Ordinary Shares,NASDAQ,Uncategorized
RDACR,Rising Dragon Acquisition Corp. - Rights,NASDAQ,Uncategorized
RDACU,Rising Dragon Acquisition Corp.,NASDAQ,Uncategorized
RDAG,Republic Digital Acquisition Company,NASDAQ,Uncategorized
RDAGU,Republic Digital Acquisition Company,NASDAQ,Uncategorized
RDAGW,Republic Digital Acquisition Company - Warrants,NASDAQ,Uncategorized
RDCM,Radcom Ltd. - Ordinary Shares,NASDAQ,Uncategorized
RDDT,"Reddit, Inc. Class A",NYSE,Uncategorized
RDFI,Rareview Dynamic Fixed Income ETF,BATS,Uncategorized
RDGT,"Ridgetech, Inc. - Ordinary Shares",NASDAQ,Uncategorized
RDHL,Redhill Biopharma Ltd. - American Depositary Shares,NASDAQ,Uncategorized
RDI,Reading International Inc,NASDAQ,Uncategorized
RDIB,Reading International Inc,NASDAQ,Uncategorized
RDIV,Invesco S&P Ultra Dividend Revenue ETF,NYSE ARCA,Uncategorized
RDN,Radian Group Inc.,NYSE,Uncategorized
RDNT,"RadNet, Inc.",NASDAQ,Uncategorized
RDNW,"RideNow Group, Inc. - Class B",NASDAQ,Uncategorized
RDOG,ALPS REIT Dividend Dogs ETF,NYSE ARCA,Uncategorized
RDTE,Roundhill Russell 2000 0DTE Covered Call Strategy ETF,BATS,Uncategorized
RDTL,GraniteShares 2x Long RDDT Daily ETF,NASDAQ,Uncategorized
RDTY,YieldMax R2000 0DTE Covered Strategy ETF,NASDAQ,Uncategorized
RDVI,FT Vest Rising Dividend Achievers Target Income ETF,BATS,Uncategorized
RDVT,"Red Violet, Inc.",NASDAQ,Uncategorized
RDVY,First Trust Rising Dividend Achievers ETF,NASDAQ,Uncategorized
RDW,Redwire Corporation,NYSE,Uncategorized
RDWR,Radware Ltd. - Ordinary Shares,NASDAQ,Uncategorized
RDWU,T-REX 2X Long RDW Daily Target ETF,BATS,Uncategorized
RDY,Dr. Reddy's Laboratories Ltd,NYSE,Uncategorized
RDYY,YieldMax RDDT Option Income Strategy ETF,NYSE ARCA,Uncategorized
RDZN,"Roadzen, Inc. - Ordinary Shares",NASDAQ,Uncategorized
RDZNW,"Roadzen, Inc. - Warrants",NASDAQ,Uncategorized
REAI,Intelligent Real Estate ETF,NASDAQ,Uncategorized
REAL,"The RealReal, Inc.",NASDAQ,Uncategorized
REAX,"The Real Brokerage, Inc. - Common Shares",NASDAQ,Uncategorized
REBN,"Reborn Coffee, Inc.",NASDAQ,Uncategorized
RECS,Columbia Research Enhanced Core ETF,NYSE ARCA,Uncategorized
RECT,Rectitude Holdings Ltd - Ordinary Shares,NASDAQ,Uncategorized
REE,REE Automotive Ltd.,NASDAQ,Uncategorized
REED,"Reed's, Inc.",NYSE MKT,Uncategorized
REET,iShares Global REIT ETF,NYSE ARCA,Uncategorized
REFA,Columbia Research Enhanced International Equity ETF,NYSE ARCA,Uncategorized
REFI,"Chicago Atlantic Real Estate Finance, Inc.",NASDAQ,Uncategorized
REFR,Research Frontiers Incorporated,NASDAQ,Uncategorized
REG,Regency Centers Corporation,NASDAQ,Uncategorized
REGCO,Regency Centers Corporation - 5.875% Series B Cumulative Redeemable Preferred Stock,NASDAQ,Uncategorized
REGCP,Regency Centers Corporation - 6.25% Series A Cumulative Redeemable Preferred Stock,NASDAQ,Uncategorized
REGL,ProShares S&P MidCap 400 Dividend Aristocrats ETF,BATS,Uncategorized
REGN,"Regeneron Pharmaceuticals, Inc.",NASDAQ,Uncategorized
REI,"Ring Energy, Inc.",NYSE MKT,Uncategorized
REIT,ALPS Active REIT ETF,NASDAQ,Uncategorized
REK,ProShares Short Real Estate,NYSE ARCA,Uncategorized
REKR,"Rekor Systems, Inc.",NASDAQ,Uncategorized
REKT,Direxion Daily Crypto Industry Bear 1X Shares,NYSE ARCA,Uncategorized
RELL,"Richardson Electronics, Ltd.",NASDAQ,Uncategorized
RELX,RELX PLC PLC American Depositary Shares (Each representing One Ordinary Share),NYSE,Uncategorized
RELY,"Remitly Global, Inc.",NASDAQ,Uncategorized
REM,iShares Mortgage Real Estate ETF,BATS,Uncategorized
REMC,Columbia Research Enhanced Mid Cap ETF,NYSE ARCA,Uncategorized
REMG,Russell Investments Emerging Markets Equity ETF,NASDAQ,Uncategorized
REMX,VanEck Rare Earth and Strategic Metals ETF,NYSE ARCA,Uncategorized
RENT,"Rent the Runway, Inc. - Class A",NASDAQ,Uncategorized
RENX,RenX Enterprises Corp.,NASDAQ,Uncategorized
REPL,"Replimune Group, Inc.",NASDAQ,Uncategorized
REPX,"Riley Exploration Permian, Inc.",NYSE MKT,Uncategorized
RERE,ATRenew Inc. American Depositary Shares (every three of which representing two Class A ordinary shares),NYSE,Uncategorized
RES,"RPC, Inc.",NYSE,Uncategorized
RESM,Columbia Research Enhanced Small Cap ETF,NYSE ARCA,Uncategorized
RETL,Direxion Daily Retail Bull 3X Shares ETF,NYSE ARCA,Uncategorized
RETO,"ReTo Eco-Solutions, Inc.",NASDAQ,Uncategorized
REVB,"Revelation Biosciences, Inc.",NASDAQ,Uncategorized
REVBW,"Revelation Biosciences, Inc. - Warrant",NASDAQ,Uncategorized
REVS,Columbia Research Enhanced Value ETF,NYSE ARCA,Uncategorized
REW,ProShares UltraShort Technology,NYSE ARCA,Uncategorized
REX,REX American Resources Corporation,NYSE,Uncategorized
REXR,"Rexford Industrial Realty, Inc.",NYSE,Uncategorized
REXR$B,"Rexford Industrial Realty, Inc. 5.875% Series B Cumulative Redeemable Preferred Stock",NYSE,Uncategorized
REXR$C,"Rexford Industrial Realty, Inc. 5.625% Series C Cumulative Redeemable Preferred Stock, par value $0.01 per share",NYSE,Uncategorized
REYN,Reynolds Consumer Products Inc.,NASDAQ,Uncategorized
REZ,iShares Residential and Multisector Real Estate ETF,NYSE ARCA,Uncategorized
REZI,"Resideo Technologies, Inc.",NYSE,Uncategorized
RF,Regions Financial Corporation,NYSE,Uncategorized
RF$C,"Regions Financial Corporation Depositary Shares, each Representing a 1/40th Interest in a  Share of 5.700% Fixed-to-Floating Rate Non-Cumulative  Perpetual Preferred Stock, Series C",NYSE,Uncategorized
RF$E,"Regions Financial Corporation Depositary Shares, Each Representing a 1/40th Interest in a Share of 4.45% Non-Cumulative Perpetual Preferred Stock, Series E",NYSE,Uncategorized
RF$F,"Regions Financial Corporation Depositary Shares Each Representing a 1/40th Interest in a Share of Non-Cumulative Perpetual Preferred Stock, Series F",NYSE,Uncategorized
RFAI,RF Acquisition Corp II - Ordinary Shares,NASDAQ,Uncategorized
RFAIR,RF Acquisition Corp II - Right,NASDAQ,Uncategorized
RFAIU,RF Acquisition Corp II,NASDAQ,Uncategorized
RFAM,RF Acquisition Corp III - Ordinary Shares,NASDAQ,Uncategorized
RFAMR,RF Acquisition Corp III - Rights,NASDAQ,Uncategorized
RFAMU,RF Acquisition Corp III,NASDAQ,Uncategorized
RFCI,RiverFront Dynamic Core Income ETF,NYSE ARCA,Uncategorized
RFDA,RiverFront Dynamic US Dividend Advantage ETF,NYSE ARCA,Uncategorized
RFDI,First Trust RiverFront Dynamic Developed International ETF,NASDAQ,Uncategorized
RFEM,First Trust RiverFront Dynamic Emerging Markets ETF,NASDAQ,Uncategorized
RFFC,ALPS Active Equity Opportunity ETF,NYSE ARCA,Uncategorized
RFG,Invesco S&P MidCap 400 Pure Growth ETF,NYSE ARCA,Uncategorized
RFI,"Cohen & Steers Total Return Realty Fund, Inc.",NYSE,Uncategorized
RFIL,"RF Industries, Ltd.",NASDAQ,Uncategorized
RFIX,Simplify Bond Bull ETF,NYSE ARCA,Uncategorized
RFL,"Rafael Holdings, Inc. Class B",NYSE,Uncategorized
RFLR,Innovator U.S. Small Cap Managed Floor ETF,NYSE ARCA,Uncategorized
RFM,"RiverNorth Flexible Municipal Income Fund, Inc.",NYSE,Uncategorized
RFMZ,"RiverNorth Flexible Municipal Income Fund II, Inc.",NYSE,Uncategorized
RFV,Invesco S&P MidCap 400 Pure Value ETF,NYSE ARCA,Uncategorized
RGA,"Reinsurance Group of America, Incorporated",NYSE,Uncategorized
RGC,Regencell Bioscience Holdings Limited - Ordinary Shares,NASDAQ,Uncategorized
RGCO,RGC Resources Inc.,NASDAQ,Uncategorized
RGEF,Rockefeller Global Equity ETF,NYSE ARCA,Uncategorized
RGEN,Repligen Corporation,NASDAQ,Uncategorized
RGLD,"Royal Gold, Inc.",NASDAQ,Uncategorized
RGLO,Russell Investments Global Equity ETF,NASDAQ,Uncategorized
RGNT,Regentis Biomaterials Ltd. Ordinary Shares,NYSE MKT,Uncategorized
RGNX,REGENXBIO Inc.,NASDAQ,Uncategorized
RGP,"Resources Connection, Inc.",NASDAQ,Uncategorized
RGR,"Sturm, Ruger & Company, Inc.",NYSE,Uncategorized
RGS,Regis Corporation,NASDAQ,Uncategorized
RGT,"Royce Global Trust, Inc.",NYSE,Uncategorized
RGTI,"Rigetti Computing, Inc.",NASDAQ,Uncategorized
RGTIW,"Rigetti Computing, Inc.  - Redeemable warrants, each whole warrant exercisable for one Class A ordinary share at an exercise price of $11.50",NASDAQ,Uncategorized
RGTU,Tradr 2X Long RGTI Daily ETF,BATS,Uncategorized
RGTX,Defiance Daily Target 2X Long RGTI ETF,NASDAQ,Uncategorized
RGTZ,Defiance Daily Target 2x Short RGTI ETF,NASDAQ,Uncategorized
RGYY,GraniteShares YieldBoost RGTI ETF,NASDAQ,Uncategorized
RH,RH,NYSE,Uncategorized
RHI,Robert Half Inc.,NYSE,Uncategorized
RHLD,Resolute Holdings Management,NYSE,Uncategorized
RHP,"Ryman Hospitality Properties, Inc. (REIT)",NYSE,Uncategorized
RHRX,RH Tactical Rotation ETF,NYSE ARCA,Uncategorized
RHTX,RH Tactical Outlook ETF,NYSE ARCA,Uncategorized
RIBB,Ribbon Acquisition Corp,NASDAQ,Uncategorized
RIBBR,Ribbon Acquisition Corp - Rights,NASDAQ,Uncategorized
RIBBU,Ribbon Acquisition Corp,NASDAQ,Uncategorized
RICK,"RCI Hospitality Holdings, Inc.",NASDAQ,Uncategorized
RIET,Hoya Capital High Dividend Yield ETF,NYSE ARCA,Uncategorized
RIFR,Russell Investments Global Infrastructure ETF,NASDAQ,Uncategorized
RIG,Transocean Ltd (Switzerland),NYSE,Uncategorized
RIGL,"Rigel Pharmaceuticals, Inc.",NASDAQ,Uncategorized
RIGS,RiverFront Strategic Income Fund,NYSE ARCA,Uncategorized
RILA,Indexperts Gorilla Aggressive Growth ETF,NYSE ARCA,Uncategorized
RILY,"BRC Group Holdings, Inc.",NASDAQ,Uncategorized
RILYG,"BRC Group Holdings, Inc. - 5.00% Senior Notes due 2026",NASDAQ,Uncategorized
RILYK,"BRC Group Holdings, Inc. - 5.50% Senior Notes Due 2026",NASDAQ,Uncategorized
RILYL,"BRC Group Holdings, Inc. - Depositary Shares, each representing a 1/1000th fractional interest in a share of Series B Cumulative Perpetual Preferred Stock",NASDAQ,Uncategorized
RILYN,"BRC Group Holdings, Inc. - 6.50% Senior Notes Due 2026",NASDAQ,Uncategorized
RILYP,"BRC Group Holdings, Inc. - Depositary Shares, each representing a 1/1000th fractional interest in a share of Series A Cumulative Perpetual Preferred Stock",NASDAQ,Uncategorized
RILYT,"BRC Group Holdings, Inc. - 6.00% Senior Notes Due 2028",NASDAQ,Uncategorized
RILYZ,"BRC Group Holdings, Inc. - 5.25% Senior Notes due 2028",NASDAQ,Uncategorized
RIME,"Algorhythm Holdings, Inc.",NASDAQ,Uncategorized
RINF,ProShares Inflation Expectations ETF,NYSE ARCA,Uncategorized
RING,iShares MSCI Global Gold Miners ETF,NASDAQ,Uncategorized
RINT,Russell Investments International Developed Equity ETF,NASDAQ,Uncategorized
RIO,Rio Tinto Plc,NYSE,Uncategorized
RIOT,"Riot Platforms, Inc.",NASDAQ,Uncategorized
RIOX,Defiance Daily Target 2X Long RIOT ETF,NYSE ARCA,Uncategorized
RISN,Inspire Capital Appreciation ETF,NYSE ARCA,Uncategorized
RISR,FolioBeyond Alternative Income and Interest Rate Hedge ETF,NYSE ARCA,Uncategorized
RITA,ETFB Green SRI REITs ETF,NYSE ARCA,Uncategorized
RITM,Rithm Capital Corp.,NYSE,Uncategorized
RITM$A,Rithm Capital Corp. 7.50% Series A Fixed-to-Floating Rate Cumulative Redeemable Preferred Stock,NYSE,Uncategorized
RITM$B,Rithm Capital Corp. 7.125% Series B Fixed-to-Floating Rate Cumulative Redeemable Preferred Stock,NYSE,Uncategorized
RITM$C,Rithm Capital Corp. 6.375% Series C Fixed-to-Floating Rate Cumulative Redeemable Preferred Stock,NYSE,Uncategorized
RITM$D,Rithm Capital Corp. 7.00% Fixed-Rate Reset Series D Cumulative Redeemable Preferred Stock,NYSE,Uncategorized
RITM$E,Rithm Capital Corp. 8.75% Series E Fixed-Rate Cumulative Redeemable Preferred Stock,NYSE,Uncategorized
RITM$F,Rithm Capital Corp. 8.750% Series F Fixed-Rate Reset Cumulative Redeemable Preferred Stock,NYSE,Uncategorized
RITR,Reitar Logtech Holdings Limited - Ordinary shares,NASDAQ,Uncategorized
RIV,"RiverNorth Opportunities Fund, Inc.",NYSE,Uncategorized
RIV$A,"RiverNorth Opportunities Fund, Inc. 6.00% Series A Perpetual Preferred Stock",NYSE,Uncategorized
RIVN,"Rivian Automotive, Inc. - Class A",NASDAQ,Uncategorized
RJDI,RJ Eagle GCM Dividend Select Income ETF,NYSE ARCA,Uncategorized
RJET,Republic Airways Holdings Inc.,NASDAQ,Uncategorized
RJF,"Raymond James Financial, Inc.",NYSE,Uncategorized
RJMI,RJ Eagle Municipal Income ETF,NYSE ARCA,Uncategorized
RJVI,RJ Eagle Vertical Income ETF,NYSE ARCA,Uncategorized
RKDA,"Arcadia Biosciences, Inc.",NASDAQ,Uncategorized
RKLB,Rocket Lab Corporation,NASDAQ,Uncategorized
RKLX,Defiance Daily Target 2X Long RKLB ETF,NASDAQ,Uncategorized
RKLZ,Defiance Daily Target 2x Short RKLB ETF,NASDAQ,Uncategorized
RKNG,Defiance Retail Kings ETF,NASDAQ,Uncategorized
RKT,"Rocket Companies, Inc. Class A",NYSE,Uncategorized
RKTL,Defiance Daily Target 2X Long RKT ETF,BATS,Uncategorized
RL,Ralph Lauren Corporation,NYSE,Uncategorized
RLAY,"Relay Therapeutics, Inc.",NASDAQ,Uncategorized
RLGT,"Radiant Logistics, Inc.",NYSE MKT,Uncategorized
RLI,RLI Corp. Common Stock (DE),NYSE,Uncategorized
RLJ,RLJ Lodging Trust Common Shares of Beneficial Interest $0.01 par value,NYSE,Uncategorized
RLJ$A,RLJ Lodging Trust $1.95 Series A Cumulative Convertible  Preferred Shares,NYSE,Uncategorized
RLMD,"Relmada Therapeutics, Inc.",NASDAQ,Uncategorized
RLTY,Cohen & Steers Real Estate Opportunities and Income Fund Common Shares of Beneficial Interest,NYSE,Uncategorized
RLX,"RLX Technology Inc. American Depositary Shares, each representing the right to receive one (1) Class A ordinary share",NYSE,Uncategorized
RLY,State Street Multi-Asset Real Return ETF,NYSE ARCA,Uncategorized
RLYB,Rallybio Corporation,NASDAQ,Uncategorized
RM,Regional Management Corp.,NYSE,Uncategorized
RMAX,"RE/MAX Holdings, Inc. Class A",NYSE,Uncategorized
RMBI,"Richmond Mutual Bancorporation, Inc.",NASDAQ,Uncategorized
RMBS,"Rambus, Inc.",NASDAQ,Uncategorized
RMCA,Rockefeller California Municipal Bond ETF,NYSE ARCA,Uncategorized
RMCF,"Rocky Mountain Chocolate Factory, Inc.",NASDAQ,Uncategorized
RMCO,Royalty Management Holding Corporation - Class A,NASDAQ,Uncategorized
RMCOW,Royalty Management Holding Corporation - Warrant,NASDAQ,Uncategorized
RMD,ResMed Inc.,NYSE,Uncategorized
RMI,"RiverNorth Opportunistic Municipal Income Fund, Inc.",NYSE,Uncategorized
RMIF,LHA Risk-Managed Income ETF,BATS,Uncategorized
RMM,"RiverNorth Managed Duration Municipal Income Fund, Inc.",NYSE,Uncategorized
RMME,Rareview Government Money Market ETF,BATS,Uncategorized
RMMZ,"RiverNorth Managed Duration Municipal Income Fund II, Inc.",NYSE,Uncategorized
RMNI,"Rimini Street, Inc.",NASDAQ,Uncategorized
RMNY,Rockefeller New York Municipal Bond ETF,NYSE ARCA,Uncategorized
RMOP,Rockefeller Opportunistic Municipal Bond ETF,NYSE ARCA,Uncategorized
RMR,The RMR Group Inc. - Class A,NASDAQ,Uncategorized
RMRC,ARMOR Core Risk-Managed ETF,NYSE ARCA,Uncategorized
RMSG,Real Messenger Corporation - Ordinary Shares,NASDAQ,Uncategorized
RMSGW,Real Messenger Corporation - Warrants,NASDAQ,Uncategorized
RMT,"Royce Micro-Cap Trust, Inc.",NYSE,Uncategorized
RMTI,"Rockwell Medical, Inc.",NASDAQ,Uncategorized
RNA,"Atrium Therapeutics, Inc.",NASDAQ,Uncategorized
RNAC,"Cartesian Therapeutics, Inc.",NASDAQ,Uncategorized
RNAM,"Avidity Biosciences, Inc.",NASDAQ,Uncategorized
RNAZ,"TransCode Therapeutics, Inc.",NASDAQ,Uncategorized
RND,First Trust Bloomberg R&D Leaders ETF,NYSE ARCA,Uncategorized
RNEM,Emerging Markets Equity Select ETF,NASDAQ,Uncategorized
RNG,"RingCentral, Inc. Class A",NYSE,Uncategorized
RNGR,"Ranger Energy Services, Inc. Class A",NYSE,Uncategorized
RNGT,Range Capital Acquisition Corp II,NASDAQ,Uncategorized
RNGTU,Range Capital Acquisition Corp II,NASDAQ,Uncategorized
RNGTW,Range Capital Acquisition Corp II - Warrants,NASDAQ,Uncategorized
RNIN,Bushido Capital US SMID Cap Equity ETF,NASDAQ,Uncategorized
RNP,"Cohen & Steers REIT and Preferred and Income Fund, Inc. Common Shares",NYSE,Uncategorized
RNR,RenaissanceRe Holdings Ltd.,NYSE,Uncategorized
RNR$F,"RenaissanceRe Holdings Ltd. Depositary Shares, each Representing a 1/1,000th Interest in a 5.750% Series F Preference Share",NYSE,Uncategorized
RNR$G,"RenaissanceRe Holdings Ltd. Depositary Shares, each representing a 1/1,000th interest in a share of 4.20% Series G Preference Shares",NYSE,Uncategorized
RNRG,Global X Renewable Energy Producers ETF,NASDAQ,Uncategorized
RNST,Renasant Corporation,NYSE,Uncategorized
RNTX,"Rein Therapeutics, Inc.",NASDAQ,Uncategorized
RNTY,YieldMax Target 12 Real Estate Option Income ETF,NYSE ARCA,Uncategorized
RNW,ReNew Energy Global plc,NASDAQ,Uncategorized
RNWWW,ReNew Energy Global plc - Warrant,NASDAQ,Uncategorized
RNWZ,TrueShares Eagle Global Renewable Energy Income ETF,NYSE ARCA,Uncategorized
RNXT,"RenovoRx, Inc.",NASDAQ,Uncategorized
ROAD,"Construction Partners, Inc.",NASDAQ,Uncategorized
ROAM,Hartford Multifactor Emerging Markets ETF,NYSE ARCA,Uncategorized
ROBN,T-Rex 2X Long HOOD Daily Target ETF,BATS,Uncategorized
ROBO,ROBO Global Robotics and Automation Index ETF,NYSE ARCA,Uncategorized
ROBT,First Trust Nasdaq Artificial Intelligence and Robotics ETF,NASDAQ,Uncategorized
ROC,Rank One Computing Corporation,NASDAQ,Uncategorized
ROCK,"Gibraltar Industries, Inc.",NASDAQ,Uncategorized
RODM,Hartford Multifactor Developed Markets (ex-US) ETF,NYSE ARCA,Uncategorized
ROE,Astoria US Equal Weight Quality Kings ETF,NASDAQ,Uncategorized
ROG,Rogers Corporation,NYSE,Uncategorized
ROIV,Roivant Sciences Ltd. - Common Shares,NASDAQ,Uncategorized
ROK,"Rockwell Automation, Inc.",NYSE,Uncategorized
ROKT,State Street SPDR S&P Kensho Final Frontiers ETF,NYSE ARCA,Uncategorized
ROKU,"Roku, Inc. - Class A",NASDAQ,Uncategorized
ROL,"Rollins, Inc.",NYSE,Uncategorized
ROLR,"High Roller Technologies, Inc.",NYSE MKT,Uncategorized
ROM,ProShares Ultra Technology,NYSE ARCA,Uncategorized
ROMA,Roma Green Finance Limited,NASDAQ,Uncategorized
ROMO,Strategy Shares Newfound/ReSolve Robust Momentum ETF,BATS,Uncategorized
RONB,Baron First Principles ETF,NYSE,Uncategorized
ROOT,"Root, Inc.",NASDAQ,Uncategorized
ROP,"Roper Technologies, Inc.",NASDAQ,Uncategorized
ROPE,Coastal Compass 100 ETF,NYSE ARCA,Uncategorized
ROSC,Hartford Multifactor Small Cap ETF,NYSE ARCA,Uncategorized
ROST,"Ross Stores, Inc.",NASDAQ,Uncategorized
ROUS,Hartford Multifactor U.S. Equity ETF,NYSE ARCA,Uncategorized
RPAR,RPAR Risk Parity ETF,NYSE ARCA,Uncategorized
RPAY,Repay Holdings Corporation - Class A,NASDAQ,Uncategorized
RPC,"Ridgepost Capital, Inc. Class A",NYSE,Uncategorized
RPD,"Rapid7, Inc.",NASDAQ,Uncategorized
RPG,Invesco S&P 500 Pure Growth ETF,NYSE ARCA,Uncategorized
RPGL,Republic Power Group Limited,NASDAQ,Uncategorized
RPHS,Regents Park Hedged Market Strategy ETF,BATS,Uncategorized
RPID,"Rapid Micro Biosystems, Inc. - Class A",NASDAQ,Uncategorized
RPM,RPM International Inc.,NYSE,Uncategorized
RPRX,Royalty Pharma plc,NASDAQ,Uncategorized
RPT,Rithm Property Trust Inc.,NYSE,Uncategorized
RPT$C,Rithm Property Trust Inc. 9.875% Series C Fixed-to-Floating Rate Cumulative Redeemable Preferred Stock,NYSE,Uncategorized
RPV,Invesco S&P 500 Pure Value ETF,NYSE ARCA,Uncategorized
RQI,Cohen & Steers Quality Income Realty Fund Inc Common Shares,NYSE,Uncategorized
RR,Richtech Robotics Inc. - Class B,NASDAQ,Uncategorized
RRBI,"Red River Bancshares, Inc.",NASDAQ,Uncategorized
RRC,Range Resources Corporation,NYSE,Uncategorized
RRGB,"Red Robin Gourmet Burgers, Inc.",NASDAQ,Uncategorized
RRR,"Red Rock Resorts, Inc. - Class A",NASDAQ,Uncategorized
RRX,Regal Rexnord Corporation,NYSE,Uncategorized
RS,"Reliance, Inc.",NYSE,Uncategorized
RSBA,Return Stacked Bonds & Merger Arbitrage ETF,BATS,Uncategorized
RSBT,Return Stacked Bonds & Managed Futures ETF,BATS,Uncategorized
RSBY,Return Stacked Bonds & Futures Yield ETF,BATS,Uncategorized
RSDE,FT Vest U.S. Equity Equal Weight Buffer ETF - December,NYSE ARCA,Uncategorized
RSEE,Rareview Systematic Equity ETF,BATS,Uncategorized
RSF,RiverNorth Capital and Income Fund,NYSE,Uncategorized
RSG,"Republic Services, Inc.",NYSE,Uncategorized
RSHO,Tema American Reshoring ETF,NYSE ARCA,Uncategorized
RSI,"Rush Street Interactive, Inc. Class A",NYSE,Uncategorized
RSJN,FT Vest U.S. Equity Equal Weight Buffer ETF - June,NYSE ARCA,Uncategorized
RSKD,Riskified Ltd. Class A Ordinary Shares,NYSE,Uncategorized
RSMC,Rockefeller U.S. Small-Mid Cap ETF,NYSE ARCA,Uncategorized
RSMR,FT Vest U.S. Equity Equal Weight Buffer ETF - March,NYSE ARCA,Uncategorized
RSMV,Relative Strength Managed Volatility Strategy ETF,NYSE ARCA,Uncategorized
RSP,Invesco S&P 500 Equal Weight ETF,NYSE ARCA,Uncategorized
RSPA,Invesco S&P 500 Equal Weight Income Advantage ETF,NYSE ARCA,Uncategorized
RSPC,Invesco S&P 500 Equal Weight Communication Services ETF,NYSE ARCA,Uncategorized
RSPD,Invesco S&P 500 Equal Weight Consumer Discretionary ETF,NYSE ARCA,Uncategorized
RSPE,Invesco ESG S&P 500 Equal Weight ETF,NYSE ARCA,Uncategorized
RSPF,Invesco S&P 500 Equal Weight Financial ETF,NYSE ARCA,Uncategorized
RSPG,Invesco S&P 500 Equal Weight Energy ETF,NYSE ARCA,Uncategorized
RSPH,Invesco S&P 500 Equal Weight Health Care ETF,NYSE ARCA,Uncategorized
RSPM,Invesco S&P 500 Equal Weight Materials ETF,NYSE ARCA,Uncategorized
RSPN,Invesco S&P 500 Equal Weight Industrials Portfolio,NYSE ARCA,Uncategorized
RSPR,Invesco S&P 500 Equal Weight Real Estate ETF,NYSE ARCA,Uncategorized
RSPS,Invesco S&P 500 Equal Weight Consumer Staples ETF,NYSE ARCA,Uncategorized
RSPT,Invesco S&P 500 Equal Weight Technology ETF,NYSE ARCA,Uncategorized
RSPU,Invesco S&P 500 Equal Weight Utilities ETF,NYSE ARCA,Uncategorized
RSSB,Return Stacked Global Stocks & Bonds ETF,BATS,Uncategorized
RSSE,FT Vest U.S. Equity Equal Weight Buffer ETF  September,NYSE ARCA,Uncategorized
RSSL,Global X Russell 2000 ETF,NYSE ARCA,Uncategorized
RSSS,"Research Solutions, Inc",NASDAQ,Uncategorized
RSST,Return Stacked U.S. Stocks & Managed Futures ETF,BATS,Uncategorized
RSSX,Return Stacked U.S. Stocks & Gold/Bitcoin ETF,BATS,Uncategorized
RSSY,Return Stacked U.S. Stocks & Futures Yield ETF,BATS,Uncategorized
RSVR,"Reservoir Media, Inc..",NASDAQ,Uncategorized
RSVRW,"Reservoir Media, Inc.. - Warrant",NASDAQ,Uncategorized
RTAC,Renatus Tactical Acquisition Corp I,NASDAQ,Uncategorized
RTACU,Renatus Tactical Acquisition Corp I,NASDAQ,Uncategorized
RTACW,Renatus Tactical Acquisition Corp I - Warrant,NASDAQ,Uncategorized
RTAI,Rareview Tax Advantaged Income ETF,BATS,Uncategorized
RTH,VanEck Retail ETF,NASDAQ,Uncategorized
RTO,Rentokil Initial plc American Depositary Shares (each representing five (5) Ordinary Shares),NYSE,Uncategorized
RTRE,Rareview Total Return Bond ETF,BATS,Uncategorized
RTX,RTX Corporation,NYSE,Uncategorized
RTXG,Leverage Shares 2X Long RTX Daily ETF,NASDAQ,Uncategorized
RTYY,GraniteShares YieldBoost RIOT ETF,NASDAQ,Uncategorized
RUBI,Rubico Inc.,NASDAQ,Uncategorized
RULE,Adaptive Core ETF,BATS,Uncategorized
RUM,Rumble Inc. - Class A,NASDAQ,Uncategorized
RUMBW,Rumble Inc. - Warrant,NASDAQ,Uncategorized
RUN,Sunrun Inc.,NASDAQ,Uncategorized
RUNN,Running Oak Efficient Growth ETF,NASDAQ,Uncategorized
RUSC,Russell Investments U.S. Small Cap Equity ETF,NASDAQ,Uncategorized
RUSHA,"Rush Enterprises, Inc. - Class A",NASDAQ,Uncategorized
RUSHB,"Rush Enterprises, Inc. - Class B",NASDAQ,Uncategorized
RVER,Trenchless Fund ETF,NYSE ARCA,Uncategorized
RVLV,"Revolve Group, Inc. Class A",NYSE,Uncategorized
RVMD,"Revolution Medicines, Inc.",NASDAQ,Uncategorized
RVMDW,"Revolution Medicines, Inc. - Warrant",NASDAQ,Uncategorized
RVNL,GraniteShares 2x Long RIVN Daily ETF,NASDAQ,Uncategorized
RVNU,Xtrackers Municipal Infrastructure Revenue Bond ETF,NYSE ARCA,Uncategorized
RVP,"Retractable Technologies, Inc.",NYSE MKT,Uncategorized
RVPH,"Reviva Pharmaceuticals Holdings, Inc.",NASDAQ,Uncategorized
RVRB,Reverb ETF,BATS,Uncategorized
RVSB,Riverview Bancorp Inc,NASDAQ,Uncategorized
RVSN,Rail Vision Ltd. - Ordinary Shares,NASDAQ,Uncategorized
RVSNW,Rail Vision Ltd. - Warrant,NASDAQ,Uncategorized
RVT,"Royce Small-Cap Trust, Inc.",NYSE,Uncategorized
RVTY,"Revvity, Inc.",NYSE,Uncategorized
RVYL,Ryvyl Inc.,NASDAQ,Uncategorized
RW,Rainwater Equity ETF,NYSE ARCA,Uncategorized
RWAY,Runway Growth Finance Corp.,NASDAQ,Uncategorized
RWAYI,Runway Growth Finance Corp. - 7.25% Notes due 2031,NASDAQ,Uncategorized
RWAYL,Runway Growth Finance Corp. - 7.50% Notes due 2027,NASDAQ,Uncategorized
RWAYZ,Runway Growth Finance Corp. - 8.00% Notes due 2027,NASDAQ,Uncategorized
RWEM,Rayliant Wilshire NxtGen Emerging Markets Equity ETF,NYSE ARCA,Uncategorized
RWJ,Invesco S&P SmallCap 600 Revenue ETF,NYSE ARCA,Uncategorized
RWK,Invesco S&P MidCap 400 Revenue ETF,NYSE ARCA,Uncategorized
RWL,Invesco S&P 500 Revenue ETF,NYSE ARCA,Uncategorized
RWLC,Rayliant Wilshire NxtGen US Large Cap Equity ETF,NYSE ARCA,Uncategorized
RWM,ProShares Short Russell2000,NYSE ARCA,Uncategorized
RWO,State Street SPDR Dow Jones Global Real Estate ETF,NYSE ARCA,Uncategorized
RWR,State Street SPDR Dow Jones REIT ETF,NYSE ARCA,Uncategorized
RWT,"Redwood Trust, Inc.",NYSE,Uncategorized
RWT$A,"Redwood Trust, Inc. 10.00% Series A Fixed-Rate Reset Cumulative Redeemable Preferred Stock",NYSE,Uncategorized
RWTN,"Redwood Trust, Inc. 9.125% Senior Notes Due 2029",NYSE,Uncategorized
RWTO,"Redwood Trust, Inc. 9.00% Senior Notes Due 2029",NYSE,Uncategorized
RWTP,"Redwood Trust, Inc. 9.125% Senior Notes Due 2030",NYSE,Uncategorized
RWTQ,"Redwood Trust, Inc. 9.500% Senior Notes Due 2030",NYSE,Uncategorized
RWX,State Street SPDR Dow Jones International Real Estate ETF,NYSE ARCA,Uncategorized
RXD,ProShares UltraShort Health Care,NYSE ARCA,Uncategorized
RXI,iShares Global Consumer Discretionary ETF,NYSE ARCA,Uncategorized
RXL,ProShares Ultra Health Care,NYSE ARCA,Uncategorized
RXO,"RXO, Inc.",NYSE,Uncategorized
RXRX,"Recursion Pharmaceuticals, Inc. - Class A",NASDAQ,Uncategorized
RXST,"RxSight, Inc.",NASDAQ,Uncategorized
RXT,"Rackspace Technology, Inc.",NASDAQ,Uncategorized
RY,Royal Bank Of Canada,NYSE,Uncategorized
RYAAY,"Ryanair Holdings plc - American Depositary Shares, each representing five Ordinary Shares",NASDAQ,Uncategorized
RYAM,Rayonier Advanced Materials Inc.,NYSE,Uncategorized
RYAN,"Ryan Specialty Holdings, Inc. Class A",NYSE,Uncategorized
RYDE,Ryde Group Ltd. Class A Ordinary Shares,NYSE MKT,Uncategorized
RYET,Ruanyun Edai Technology Inc. - Ordinary shares,NASDAQ,Uncategorized
RYLD,Global X Russell 2000 Covered Call ETF,NYSE ARCA,Uncategorized
RYLG,Global X Russell 2000 Covered Call & Growth ETF,NYSE ARCA,Uncategorized
RYM,"RYTHM, Inc.",NASDAQ,Uncategorized
RYN,Rayonier Inc. REIT,NYSE,Uncategorized
RYOJ,"rYojbaba Co., Ltd. - Common Shares",NASDAQ,Uncategorized
RYSE,Vest 10 Year Interest Rate Hedge ETF,BATS,Uncategorized
RYTM,"Rhythm Pharmaceuticals, Inc.",NASDAQ,Uncategorized
RYZ,Ryerson Holding Corporation,NYSE,Uncategorized
RZB,"Reinsurance Group of America, Incorporated 5.75% Fixed-To-Floating Rate Subordinated Debentures due 2056",NYSE,Uncategorized
RZC,"Reinsurance Group of America, Incorporated 7.125% Fixed-Rate Reset Subordinated Debentures due 2052",NYSE,Uncategorized
RZG,Invesco S&P SmallCap 600 Pure Growth ETF,NYSE ARCA,Uncategorized
RZLT,"Rezolute, Inc. - Common Stock (NV)",NASDAQ,Uncategorized
RZLV,Rezolve AI PLC - Ordinary Shares,NASDAQ,Uncategorized
RZLVW,Rezolve AI PLC - Warrants,NASDAQ,Uncategorized
RZV,Invesco S&P SmallCap 600 Pure Value ETF,NYSE ARCA,Uncategorized
S,"SentinelOne, Inc. Class A",NYSE,Uncategorized
SA,"Seabridge Gold, Inc. Ordinary Shares (Canada)",NYSE,Uncategorized
SAA,ProShares Ultra SmallCap600,NYSE ARCA,Uncategorized
SAAQU,Space Asset Acquisition Corp.,NASDAQ,Uncategorized
SABA,Saba Capital Income & Opportunities Fund II Shares of Beneficial Interest,NYSE,Uncategorized
SABR,Sabre Corporation,NASDAQ,Uncategorized
SABS,"SAB Biotherapeutics, Inc.",NASDAQ,Uncategorized
SABSW,"SAB Biotherapeutics, Inc. - Warrant",NASDAQ,Uncategorized
SAC,Safeguard Acquisition Corp. Class A Ordinary Shares,NYSE,Uncategorized
SAC.U,"Safeguard Acquisition Corp. Units, each consisting of one Class A ordinary share and one-half of one redeemable warrant",NYSE,Uncategorized
SAC.W,"Safeguard Acquisition Corp. Warrants, each whole warrant exercisable for one Class A ordinary share at an exercise price of $11.50 per share",NYSE,Uncategorized
SACH,Sachem Capital Corp. Common Shares,NYSE MKT,Uncategorized
SACH$A,Sachem Capital Corp. 7.75% Series A Cumulative Redeemable Preferred Stock,NYSE MKT,Uncategorized
SAEF,Schwab Ariel Opportunities ETF,NYSE ARCA,Uncategorized
SAFE,Safehold Inc. New,NYSE,Uncategorized
SAFT,"Safety Insurance Group, Inc.",NASDAQ,Uncategorized
SAFX,"XCF Global, Inc. - Class A",NASDAQ,Uncategorized
SAGP,Strategas Global Policy Opportunities ETF,NYSE ARCA,Uncategorized
SAGT,SAGTEC GLOBAL LIMITED,NASDAQ,Uncategorized
SAH,"Sonic Automotive, Inc.",NYSE,Uncategorized
SAIA,"Saia, Inc.",NASDAQ,Uncategorized
SAIC,Science Applications International Corporation,NASDAQ,Uncategorized
SAIH,SAIHEAT Limited,NASDAQ,Uncategorized
SAIHW,SAIHEAT Limited - Warrant,NASDAQ,Uncategorized
SAIL,"SailPoint, Inc.",NASDAQ,Uncategorized
SAJ,Saratoga Investment Corp 8.00% Notes due 2027,NYSE,Uncategorized
SAM,"Boston Beer Company, Inc. (The)",NYSE,Uncategorized
SAMG,Silvercrest Asset Management Group Inc.,NASDAQ,Uncategorized
SAMM,Strategas Macro Momentum ETF,NYSE ARCA,Uncategorized
SAMT,Strategas Macro Thematic Opportunities ETF,NYSE ARCA,Uncategorized
SAN,"Banco Santander, S.A. Sponsored ADR (Spain)",NYSE,Uncategorized
SANA,"Sana Biotechnology, Inc.",NASDAQ,Uncategorized
SANG,Sangoma Technologies Corporation - Common Shares,NASDAQ,Uncategorized
SANM,Sanmina Corporation,NASDAQ,Uncategorized
SAP,SAP  SE ADS,NYSE,Uncategorized
SAPH,SAP SE ADRhedged,NYSE ARCA,Uncategorized
SAR,Saratoga Investment Corp New,NYSE,Uncategorized
SARK,Tradr 1X Short Innovation Daily ETF,NASDAQ,Uncategorized
SARO,"StandardAero, Inc.",NYSE,Uncategorized
SAT,Saratoga Investment Corp 6.00% Notes due 2027,NYSE,Uncategorized
SATA,"Strive, Inc. - Variable Rate Series A Perpetual Preferred Stock",NASDAQ,Uncategorized
SATG,Leverage Shares 2X Long SATS Daily ETF,NASDAQ,Uncategorized
SATL,Satellogic Inc. - Class A,NASDAQ,Uncategorized
SATLW,Satellogic Inc. - Warrant,NASDAQ,Uncategorized
SATO,Invesco Alerian Galaxy Crypto Economy ETF,BATS,Uncategorized
SATS,EchoStar Corporation,NASDAQ,Uncategorized
SAUG,FT Vest U.S. Small Cap Moderate Buffer ETF - August,BATS,Uncategorized
SAV,Saratoga Investment Corp 7.50% Notes due 2031,NYSE,Uncategorized
SAVA,"Cassava Sciences, Inc.",NASDAQ,Uncategorized
SAWG,AAM Sawgrass US Large Cap Quality Growth ETF,NYSE ARCA,Uncategorized
SAWS,AAM Sawgrass US Small Cap Quality Growth ETF,NYSE ARCA,Uncategorized
SAY,Saratoga Investment Corp 8.125% Notes due 2027,NYSE,Uncategorized
SAZ,Saratoga Investment Corp 8.50% Notes due 2028,NYSE,Uncategorized
SB,"Safe Bulkers, Inc Common Stock ($0.001 par value)",NYSE,Uncategorized
SB$C,"Safe Bulkers, Inc Cumulative Redeemable Perpetual Preferred Series C (Marshall Islands)",NYSE,Uncategorized
SB$D,"Safe Bulkers, Inc Perpetual Preferred Series D (Marshall Islands)",NYSE,Uncategorized
SBAC,SBA Communications Corporation - Class A,NASDAQ,Uncategorized
SBAR,Simplify Barrier Income ETF,NYSE ARCA,Uncategorized
SBB,ProShares Short SmallCap600,NYSE ARCA,Uncategorized
SBC,SBC Medical Group Holdings Incorporated,NASDAQ,Uncategorized
SBCF,Seacoast Banking Corporation of Florida,NASDAQ,Uncategorized
SBCWW,SBC Medical Group Holdings Incorporated - Warrants,NASDAQ,Uncategorized
SBDS,"Solo Brands, Inc. Class A",NYSE,Uncategorized
SBET,"Sharplink, Inc.",NASDAQ,Uncategorized
SBEV,"Splash Beverage Group, Inc. (NV)",NYSE MKT,Uncategorized
SBFG,"SB Financial Group, Inc.",NASDAQ,Uncategorized
SBFM,Sunshine Biopharma Inc.,NASDAQ,Uncategorized
SBFMW,Sunshine Biopharma Inc. - Warrant,NASDAQ,Uncategorized
SBGI,"Sinclair, Inc. - Class A",NASDAQ,Uncategorized
SBH,"Sally Beauty Holdings, Inc. (Name to be changed from Sally Holdings, Inc.)",NYSE,Uncategorized
SBI,Western Asset Intermediate Muni Fund Inc,NYSE,Uncategorized
SBIL,Simplify Government Money Market ETF,NYSE ARCA,Uncategorized
SBIO,ALPS Medical Breakthroughs ETF,NYSE ARCA,Uncategorized
SBIT,ProShares UltraShort Bitcoin ETF,NYSE ARCA,Uncategorized
SBLK,Star Bulk Carriers Corp. - Common Shares,NASDAQ,Uncategorized
SBLX,"StableX Technologies, Inc.",NASDAQ,Uncategorized
SBND,Columbia Short Duration Bond ETF,NYSE ARCA,Uncategorized
SBR,Sabine Royalty Trust,NYSE,Uncategorized
SBRA,"Sabra Health Care REIT, Inc.",NASDAQ,Uncategorized
SBS,Companhia de saneamento Basico Do Estado De Sao Paulo - Sabesp American Depositary Shares (Each repstg 250 Common Shares),NYSE,Uncategorized
SBSI,"Southside Bancshares, Inc.",NYSE,Uncategorized
SBSW,D/B/A Sibanye-Stillwater Limited ADS,NYSE,Uncategorized
SBTU,T-REX 2X Long SBET Daily Target ETF,BATS,Uncategorized
SBU,Leverage Shares 2X Long SBUX Daily ETF,NASDAQ,Uncategorized
SBUX,Starbucks Corporation,NASDAQ,Uncategorized
SBXD,SilverBox Corp IV Class A Ordinary Shares,NYSE,Uncategorized
SBXD.U,"SilverBox Corp IV Units, each consisting of one Class A ordinary share and one-third of one redeemable warrant",NYSE,Uncategorized
SBXD.W,"SilverBox Corp IV Redeemable warrants, each whole warrant exercisable for one Class A Ordinary Share at an exercise price of $11.50",NYSE,Uncategorized
SBXE,SilverBox Corp V Class A Ordinary Shares,NYSE,Uncategorized
SBXE.U,"SilverBox Corp V Units, each consisting of one Class A Ordinary Share and one-third of one redeemable warrant",NYSE,Uncategorized
SBXE.W,"SilverBox Corp V Redeemable warrants, each whole warrant exercisable for one Class A Ordinary Share at an exercise price of $11.50",NYSE,Uncategorized
SCAG,Scage Future - American Depositary Shares,NASDAQ,Uncategorized
SCAGW,Scage Future - Warrants,NASDAQ,Uncategorized
SCAP,Infrastructure Capital Small Cap Income ETF,NYSE ARCA,Uncategorized
SCC,ProShares UltraShort Consumer Discretionary,NYSE ARCA,Uncategorized
SCCD,Sachem Capital Corp. 6.00% Notes due 2026,NYSE MKT,Uncategorized
SCCE,Sachem Capital Corp. 6.00% Notes due 2027,NYSE MKT,Uncategorized
SCCF,Sachem Capital Corp. 7.125% Notes due 2027,NYSE MKT,Uncategorized
SCCG,Sachem Capital Corp. 8.00% Notes due 2027,NYSE MKT,Uncategorized
SCCO,Southern Copper Corporation,NYSE,Uncategorized
SCCR,Schwab Core Bond ETF,NYSE ARCA,Uncategorized
SCD,LMP Capital and Income Fund Inc.,NYSE,Uncategorized
SCDL,ETRACS 2x Leveraged US Dividend Factor TR ETN,NYSE ARCA,Uncategorized
SCDS,JPMorgan Fundamental Data Science Small Core ETF,NASDAQ,Uncategorized
SCDV,Bahl & Gaynor Small Cap Dividend ETF,NYSE ARCA,Uncategorized
SCE$G,SCE Trust II Trust Preferred Securities,NYSE,Uncategorized
SCE$K,Southern California Edison Company 5.45% Fixed-to-Floating Rate Trust Preference Securities,NYSE,Uncategorized
SCE$L,SCE TRUST VI,NYSE,Uncategorized
SCE$M,SCE Trust VII 7.50% Trust Preference Securities,NYSE,Uncategorized
SCE$N,SCE Trust VIII 6.95% Trust Preference Securities,NYSE,Uncategorized
SCEC,Sterling Capital Enhanced Core Bond ETF,BATS,Uncategorized
SCEP,Sterling Capital Hedged Equity Premium Income ETF,BATS,Uncategorized
SCHA,Schwab U.S. Small-Cap ETF,NYSE ARCA,Uncategorized
SCHB,Schwab U.S. Broad Market ETF,NYSE ARCA,Uncategorized
SCHC,Schwab International Small-Cap Equity ETF,NYSE ARCA,Uncategorized
SCHD,Schwab US Dividend Equity ETF,NYSE ARCA,Uncategorized
SCHE,Schwab Emerging Markets Equity ETF,NYSE ARCA,Uncategorized
SCHF,Schwab International Equity ETF,NYSE ARCA,Uncategorized
SCHG,Schwab U.S. Large-Cap Growth ETF,NYSE ARCA,Uncategorized
SCHH,Schwab U.S. REIT ETF,NYSE ARCA,Uncategorized
SCHI,Schwab 5-10 Year Corporate Bond ETF,NYSE ARCA,Uncategorized
SCHJ,Schwab 1-5 Year Corporate Bond ETF,NYSE ARCA,Uncategorized
SCHK,Schwab 1000 Index ETF,NYSE ARCA,Uncategorized
SCHL,Scholastic Corporation,NASDAQ,Uncategorized
SCHM,Schwab U.S. Mid Cap ETF,NYSE ARCA,Uncategorized
SCHO,Schwab Short-Term U.S. Treasury ETF,NYSE ARCA,Uncategorized
SCHP,Schwab U.S. TIPS ETF,NYSE ARCA,Uncategorized
SCHQ,Schwab Long-Term U.S. Treasury ETF,NYSE ARCA,Uncategorized
SCHR,Schwab Intermediate-Term U.S. Treasury ETF,NYSE ARCA,Uncategorized
SCHV,Schwab U.S. Large-Cap Value ETF,NYSE ARCA,Uncategorized
SCHW,Charles Schwab Corporation (The),NYSE,Uncategorized
SCHW$D,"The Charles Schwab Corporation Depositary Shares each representing 1/40th interest in a share of 5.95% Non-Cumulative Perpetual Preferred Stock, Series D",NYSE,Uncategorized
SCHW$J,"The Charles Schwab Corporation Depositary Shares, Each Representing a 1/40th Interest in a Share of 4.450% Non-Cumulative Perpetual Preferred Stock, Series J",NYSE,Uncategorized
SCHX,Schwab U.S. Large-Cap ETF,NYSE ARCA,Uncategorized
SCHY,Schwab International Dividend Equity ETF,NYSE ARCA,Uncategorized
SCHZ,Schwab US Aggregate Bond ETF,NYSE ARCA,Uncategorized
SCI,Service Corporation International,NYSE,Uncategorized
SCII,SC II Acquisition Corp.,NASDAQ,Uncategorized
SCIIR,SC II Acquisition Corp. - Rights,NASDAQ,Uncategorized
SCIIU,SC II Acquisition Corp.,NASDAQ,Uncategorized
SCIO,First Trust Structured Credit Income Opportunities ETF,NYSE ARCA,Uncategorized
SCJ,iShares MSCI Japan Sm Cap,NYSE ARCA,Uncategorized
SCKT,"Socket Mobile, Inc.",NASDAQ,Uncategorized
SCL,Stepan Company,NYSE,Uncategorized
SCLS,Stoneport Advisors Commodity Long Short ETF,NASDAQ,Uncategorized
SCLX,Scilex Holding Company,NASDAQ,Uncategorized
SCLXW,Scilex Holding Company - Warrant,NASDAQ,Uncategorized
SCLZ,Swan Enhanced Dividend Income ETF,BATS,Uncategorized
SCM,Stellus Capital Investment Corporation,NYSE,Uncategorized
SCMB,Schwab Municipal Bond ETF,NYSE ARCA,Uncategorized
SCMC,Sterling Capital Multi-Strategy Income ETF,BATS,Uncategorized
SCNI,Scinai Immunotherapeutics Ltd. - American Depositary Shares,NASDAQ,Uncategorized
SCNM,Sterling Capital National Municipal Bond ETF,BATS,Uncategorized
SCNX,"Scienture Holdings, Inc.",NASDAQ,Uncategorized
SCO,ProShares UltraShort Bloomberg Crude Oil,NYSE ARCA,Uncategorized
SCOR,"comScore, Inc.",NASDAQ,Uncategorized
SCOW,Pacer S&P SmallCap 600 Quality FCF Aristocrats ETF,BATS,Uncategorized
SCPQ,Social Commerce Partners Corporation,NASDAQ,Uncategorized
SCPQU,Social Commerce Partners Corporation,NASDAQ,Uncategorized
SCPQW,Social Commerce Partners Corporation - Warrant,NASDAQ,Uncategorized
SCSC,"ScanSource, Inc.",NASDAQ,Uncategorized
SCUS,Schwab Ultra-Short Income ETF,NYSE ARCA,Uncategorized
SCVL,"Shoe Carnival, Inc.",NASDAQ,Uncategorized
SCWO,374Water Inc.,NASDAQ,Uncategorized
SCYB,Schwab High Yield Bond ETF,NYSE ARCA,Uncategorized
SCYX,"SCYNEXIS, Inc.",NASDAQ,Uncategorized
SCZ,iShares MSCI EAFE Small-Cap ETF,NASDAQ,Uncategorized
SCZM,Santacruz Silver Mining Ltd. - Common Shares,NASDAQ,Uncategorized
SD,"SandRidge Energy, Inc.",NYSE,Uncategorized
SDA,SunCar Technology Group Inc. - Ordinary Shares,NASDAQ,Uncategorized
SDAWW,SunCar Technology Group Inc. - Warrant,NASDAQ,Uncategorized
SDCI,USCF SummerHaven Dynamic Commodity Strategy No K-1 Fund,NYSE ARCA,Uncategorized
SDCP,Virtus Newfleet Short Duration Core Plus Bond ETF,NYSE ARCA,Uncategorized
SDD,ProShares UltraShort SmallCap600,NYSE ARCA,Uncategorized
SDEM,Global X MSCI SuperDividend Emerging Markets ETF,NYSE ARCA,Uncategorized
SDFI,AB Short Duration Income ETF,NYSE ARCA,Uncategorized
SDG,iShares MSCI Global Sustainable Development Goals ETF,NASDAQ,Uncategorized
SDGR,"Schrodinger, Inc.",NASDAQ,Uncategorized
SDHC,Smith Douglas Homes Corp. Class A,NYSE,Uncategorized
SDHI,Siddhi Acquisition Corp - Class A,NASDAQ,Uncategorized
SDHIR,Siddhi Acquisition Corp - Right,NASDAQ,Uncategorized
SDHIU,Siddhi Acquisition Corp,NASDAQ,Uncategorized
SDHY,PGIM Short Duration High Yield Opportunities Fund Common Shares,NYSE,Uncategorized
SDIV,Global X SuperDividend ETF,NYSE ARCA,Uncategorized
SDM,Smart Digital Group Limited - Ordinary Shares,NASDAQ,Uncategorized
SDMF,Simplify DBi CTA Managed Futures Index ETF,NYSE ARCA,Uncategorized
SDOG,ALPS Sector Dividend Dogs ETF,NYSE ARCA,Uncategorized
SDOT,Sadot Group Inc.,NASDAQ,Uncategorized
SDOW,UltraPro Short Dow30,NYSE ARCA,Uncategorized
SDP,ProShares UltraShort Utilities,NYSE ARCA,Uncategorized
SDRL,Seadrill Limited Common Shares,NYSE,Uncategorized
SDS,ProShares UltraShort S&P500,NYSE ARCA,Uncategorized
SDSI,American Century Short Duration Strategic Income ETF,NASDAQ,Uncategorized
SDST,Stardust Power Inc.,NASDAQ,Uncategorized
SDSTW,Stardust Power Inc. - Warrant,NASDAQ,Uncategorized
SDTY,YieldMax S&P 500 0DTE Covered Call Strategy ETF,NASDAQ,Uncategorized
SDVD,FT Vest SMID Rising Dividend Achievers Target Income ETF,BATS,Uncategorized
SDVY,First Trust SMID Cap Rising Dividend Achievers ETF,NASDAQ,Uncategorized
SDY,State Street SPDR S&P Dividend ETF,NYSE ARCA,Uncategorized
SE,"Sea Limited American Depositary Shares, each representing one Class A Ordinary Share",NYSE,Uncategorized
SEA,U.S. Global Sea to Sky Cargo ETF,NYSE ARCA,Uncategorized
SEAL$A,Seapeak LLC 9.00% Series A Cumulative Redeemable Perpetual Preferred Units,NYSE,Uncategorized
SEAL$B,Seapeak LLC 8.50% Series B Fixed-to-Floating Rate Cumulative Redeemable Perpetual Preferred Units,NYSE,Uncategorized
SEAT,Vivid Seats Inc. - Class A,NASDAQ,Uncategorized
SEATW,Vivid Seats Inc. - Warrant,NASDAQ,Uncategorized
SEB,Seaboard Corporation,NYSE MKT,Uncategorized
SECR,NYLI MacKay Securitized Income ETF,NYSE ARCA,Uncategorized
SECT,Main Sector Rotation ETF,BATS,Uncategorized
SECU,iShares Securitized Income Active ETF,BATS,Uncategorized
SEDG,"SolarEdge Technologies, Inc.",NASDAQ,Uncategorized
SEE,Sealed Air Corporation,NYSE,Uncategorized
SEED,Origin Agritech Limited - Ordinary Shares,NASDAQ,Uncategorized
SEEM,SEI Select Emerging Markets Equity ETF,NASDAQ,Uncategorized
SEER,"Seer, Inc. - Class A",NASDAQ,Uncategorized
SEF,ProShares Short Financials,NYSE ARCA,Uncategorized
SEG,Seaport Entertainment Group Inc.,NYSE,Uncategorized
SEGG,Sports Entertainment Gaming Global Corporation,NASDAQ,Uncategorized
SEI,"Solaris Energy Infrastructure, Inc. Class A",NYSE,Uncategorized
SEIC,SEI Investments Company,NASDAQ,Uncategorized
SEIE,SEI Select International Equity ETF,NASDAQ,Uncategorized
SEIM,SEI Enhanced U.S. Large Cap Momentum Factor ETF,BATS,Uncategorized
SEIQ,SEI Enhanced U.S. Large Cap Quality Factor ETF,BATS,Uncategorized
SEIS,SEI Select Small Cap ETF,NASDAQ,Uncategorized
SEIV,SEI Enhanced U.S. Large Cap Value Factor ETF,BATS,Uncategorized
SEIX,Virtus Seix Senior Loan ETF,NYSE ARCA,Uncategorized
SELF,"Global Self Storage, Inc.",NASDAQ,Uncategorized
SELV,SEI Enhanced Low Volatility U.S. Large Cap ETF,BATS,Uncategorized
SELX,Semilux International Ltd. - Ordinary Shares,NASDAQ,Uncategorized
SEM,Select Medical Holdings Corporation,NYSE,Uncategorized
SEMG,Suncoast Select Growth ETF,NYSE ARCA,Uncategorized
SEMI,Columbia Select Technology ETF,NYSE ARCA,Uncategorized
SEMR,"SEMrush Holdings, Inc. Class A",NYSE,Uncategorized
SEMY,GraniteShares YieldBOOST Semiconductor ETF,NASDAQ,Uncategorized
SENEA,Seneca Foods Corp. - Class A,NASDAQ,Uncategorized
SENEB,Seneca Foods Corp. - Class B,NASDAQ,Uncategorized
SENS,"Senseonics Holdings, Inc.",NASDAQ,Uncategorized
SEPI,Shelton Equity Premium Income ETF,NYSE ARCA,Uncategorized
SEPM,FT Vest U.S. Equity Max Buffer ETF - September,BATS,Uncategorized
SEPN,"Septerna, Inc.",NASDAQ,Uncategorized
SEPP,PGIM S&P 500 Buffer 12 ETF - September,BATS,Uncategorized
SEPT,AllianzIM U.S. Large Cap Buffer10 Sep ETF,BATS,Uncategorized
SEPU,AllianzIM U.S. Equity Buffer15 Uncapped Sep ETF,BATS,Uncategorized
SEPW,AllianzIM U.S. Large Cap Buffer20 Sep ETF,BATS,Uncategorized
SEPZ,TrueShares Structured Outcome (September) ETF,BATS,Uncategorized
SER,"Serina Therapeutics, Inc.",NYSE MKT,Uncategorized
SERA,"Sera Prognostics, Inc. - Class A",NASDAQ,Uncategorized
SERV,Serve Robotics Inc.,NASDAQ,Uncategorized
SES,SES AI Corporation Class A,NYSE,Uncategorized
SES.W,"SES AI Corporation Warrants, each whole warrant exercisable for one share of Class A Common Stock at an exercise price of $11.50 per share",NYSE,Uncategorized
SETH,ProShares Short Ether ETF,NYSE ARCA,Uncategorized
SETM,Sprott Critical Materials ETF,NASDAQ,Uncategorized
SEV,Aptera Motors Corp. - Class B,NASDAQ,Uncategorized
SEVN,Seven Hills Realty Trust,NASDAQ,Uncategorized
SEZL,Sezzle Inc.,NASDAQ,Uncategorized
SF,Stifel Financial Corporation,NYSE,Uncategorized
SF$B,"Stifel Financial Corporation Depositary Shares, Each Representing 1/1,000th  Interest in a Share of 6.25% Non-Cumulative  Preferred Stock, Series B",NYSE,Uncategorized
SF$C,"Stifel Financial Corporation Depositary Shares, Each Representing 1/1,000th Interest in a Share of 6.125% Non Cumulative Preferred Stock, Series C",NYSE,Uncategorized
SF$D,"Stifel Financial Corporation Depositary Shares, Each Representing 1/1,000th Interest in a Share of 4.50% Non-Cumulative Preferred Stock, Series D",NYSE,Uncategorized
SFB,Stifel Financial Corporation 5.20% Senior Notes due 2047,NYSE,Uncategorized
SFBC,"Sound Financial Bancorp, Inc.",NASDAQ,Uncategorized
SFBS,"ServisFirst Bancshares, Inc.",NYSE,Uncategorized
SFD,"Smithfield Foods, Inc.",NASDAQ,Uncategorized
SFEB,FT Vest U.S. Small Cap Moderate Buffer ETF - February,BATS,Uncategorized
SFGV,Sequoia Global Value ETF,NYSE ARCA,Uncategorized
SFHG,Samfine Creation Holdings Group Limited,NASDAQ,Uncategorized
SFIX,"Stitch Fix, Inc. - Class A",NASDAQ,Uncategorized
SFL,SFL Corporation Ltd,NYSE,Uncategorized
SFLO,VictoryShares Small Cap Free Cash Flow ETF,NASDAQ,Uncategorized
SFLR,Innovator Equity Managed Floor ETF,NYSE ARCA,Uncategorized
SFM,"Sprouts Farmers Market, Inc.",NASDAQ,Uncategorized
SFNC,Simmons First National Corporation,NASDAQ,Uncategorized
SFST,"Southern First Bancshares, Inc.",NASDAQ,Uncategorized
SFTX,Horizon International Managed Risk ETF,NYSE ARCA,Uncategorized
SFTY,Horizon Managed Risk ETF,BATS,Uncategorized
SFWL,Shengfeng Development Limited,NASDAQ,Uncategorized
SFY,SoFi Select 500 ETF,NYSE ARCA,Uncategorized
SFYF,SoFi Social 50 ETF,NYSE ARCA,Uncategorized
SG,"Sweetgreen, Inc. Class A",NYSE,Uncategorized
SGA,"Saga Communications, Inc. - Class A",NASDAQ,Uncategorized
SGC,"Superior Group of Companies, Inc.",NASDAQ,Uncategorized
SGDJ,Sprott Junior Gold Miners ETF,NYSE ARCA,Uncategorized
SGDM,Sprott Gold Miners ETF,NYSE ARCA,Uncategorized
SGHC,Super Group (SGHC) Limited Ordinary Shares,NYSE,Uncategorized
SGHT,"Sight Sciences, Inc.",NASDAQ,Uncategorized
SGI,Somnigroup International Inc.,NYSE,Uncategorized
SGLC,SGI U.S. Large Cap Core ETF,NYSE ARCA,Uncategorized
SGLY,Singularity Future Technology Ltd.,NASDAQ,Uncategorized
SGML,Sigma Lithium Corporation - common shares,NASDAQ,Uncategorized
SGMO,"Sangamo Therapeutics, Inc.",NASDAQ,Uncategorized
SGMT,Sagimet Biosciences Inc. - Series A,NASDAQ,Uncategorized
SGN,"Signing Day Sports, Inc.",NYSE MKT,Uncategorized
SGOL,abrdn Physical Gold Shares ETF,NYSE ARCA,Uncategorized
SGOV,iShares 0-3 Month Treasury Bond ETF,NYSE,Uncategorized
SGP,"SpyGlass Pharma, Inc.",NASDAQ,Uncategorized
SGRP,"SPAR Group, Inc.",NASDAQ,Uncategorized
SGRT,SMART Earnings Growth 30 ETF,NYSE ARCA,Uncategorized
SGRW,Harbor Active Small Cap Growth ETF,NYSE ARCA,Uncategorized
SGRY,"Surgery Partners, Inc.",NASDAQ,Uncategorized
SGU,Star Group L.P.,NYSE,Uncategorized
SGVT,Schwab Government Money Market ETF,NYSE ARCA,Uncategorized
SH,ProShares Short S&P500,NYSE ARCA,Uncategorized
SHAG,WisdomTree Yield Enhanced U.S. Short-Term Aggregate Bond Fund,BATS,Uncategorized
SHAK,"Shake Shack, Inc. Class A",NYSE,Uncategorized
SHAZ,"SharonAI Holdings, Inc. - Class A",NASDAQ,Uncategorized
SHBI,"Shore Bancshares, Inc.",NASDAQ,Uncategorized
SHC,Sotera Health Company,NASDAQ,Uncategorized
SHDG,Soundwatch Hedged Equity ETF,BATS,Uncategorized
SHE,State Street SPDR MSCI USA Gender Diversity ETF,NYSE ARCA,Uncategorized
SHEH,Shell plc ADRhedged,NYSE ARCA,Uncategorized
SHEL,Shell PLC American Depositary Shares (each representing two (2) Ordinary Shares),NYSE,Uncategorized
SHEN,Shenandoah Telecommunications Co,NASDAQ,Uncategorized
SHFS,"SHF Holdings, Inc. - Class A",NASDAQ,Uncategorized
SHFSW,"SHF Holdings, Inc. - Warrants",NASDAQ,Uncategorized
SHG,Shinhan Financial Group Co Ltd American Depositary Shares,NYSE,Uncategorized
SHIM,Shimmick Corporation,NASDAQ,Uncategorized
SHIP,Seanergy Maritime Holdings Corp.,NASDAQ,Uncategorized
SHLD,Global X Defense Tech ETF,NYSE ARCA,Uncategorized
SHLS,"Shoals Technologies Group, Inc. - Class A",NASDAQ,Uncategorized
SHM,State Street SPDR Nuveen ICE Short Term Municipal Bond ETF,NYSE ARCA,Uncategorized
SHMD,SCHMID Group N.V.,NASDAQ,Uncategorized
SHMDW,SCHMID Group N.V. - Warrants,NASDAQ,Uncategorized
SHNY,"MicroSectors Gold 3X Leveraged ETNs due January 29, 2043",NYSE ARCA,Uncategorized
SHO,"Sunstone Hotel Investors, Inc. Sunstone Hotel Investors, Inc. Common Shares",NYSE,Uncategorized
SHO$H,"Sunstone Hotel Investors, Inc. 6.125% Series H Cumulative Redeemable Preferred Stock",NYSE,Uncategorized
SHO$I,"Sunstone Hotel Investors, Inc. 5.70% Series I Cumulative Redeemable Preferred Stock",NYSE,Uncategorized
SHOC,Strive U.S. Semiconductor ETF,NYSE,Uncategorized
SHOO,"Steven Madden, Ltd.",NASDAQ,Uncategorized
SHOP,Shopify Inc.,NASDAQ,Uncategorized
SHPD,Direxion Daily SHOP Bear 1X ETF,NASDAQ,Uncategorized
SHPH,"Shuttle Pharmaceuticals Holdings, Inc.",NASDAQ,Uncategorized
SHPP,Pacer Industrials and Logistics ETF,NYSE ARCA,Uncategorized
SHPU,Direxion Daily SHOP Bull 2X ETF,NASDAQ,Uncategorized
SHRT,Gotham Short Strategies ETF,NYSE ARCA,Uncategorized
SHRY,First Trust Bloomberg Shareholder Yield ETF,NASDAQ,Uncategorized
SHUS,Stratified LargeCap Hedged ETF,NYSE ARCA,Uncategorized
SHV,iShares 0-1 Year Treasury Bond ETF,NYSE,Uncategorized
SHW,Sherwin-Williams Company (The),NYSE,Uncategorized
SHY,iShares 1-3 Year Treasury Bond ETF,NASDAQ,Uncategorized
SHYD,VanEck Short High Yield Muni ETF,BATS,Uncategorized
SHYG,iShares 0-5 Year High Yield Corporate Bond ETF,NYSE ARCA,Uncategorized
SHYL,Xtrackers Short Duration High Yield Bond ETF,NYSE ARCA,Uncategorized
SHYM,iShares Short Duration High Yield Muni Active ETF,BATS,Uncategorized
SI,"Shoulder Innovations, Inc.",NYSE,Uncategorized
SIBN,"SI-BONE, Inc.",NASDAQ,Uncategorized
SID,Companhia Siderurgica Nacional S.A.,NYSE,Uncategorized
SIDU,"Sidus Space, Inc. - Class A",NASDAQ,Uncategorized
SIEB,Siebert Financial Corp.,NASDAQ,Uncategorized
SIF,"SIFCO Industries, Inc.",NYSE MKT,Uncategorized
SIFI,Harbor Scientific Alpha Income ETF,NYSE ARCA,Uncategorized
SIFY,Sify Technologies Limited - American Depository Shares,NASDAQ,Uncategorized
SIG,Signet Jewelers Limited Common Shares,NYSE,Uncategorized
SIGA,SIGA Technologies Inc.,NASDAQ,Uncategorized
SIGI,"Selective Insurance Group, Inc.",NASDAQ,Uncategorized
SIGIP,"Selective Insurance Group, Inc. - Depositary Shares, each representing a 1/1,000th interest in a share of 4.60% Non-Cumulative Preferred Stock, Series B",NASDAQ,Uncategorized
SIHY,Harbor Scientific Alpha High-Yield ETF,NYSE ARCA,Uncategorized
SII,Sprott Inc. Common Shares,NYSE,Uncategorized
SIJ,ProShares UltraShort Industrials,NYSE ARCA,Uncategorized
SIL,Global X Silver Miners ETF,NYSE ARCA,Uncategorized
SILA,"Sila Realty Trust, Inc.",NYSE,Uncategorized
SILC,Silicom Ltd - Ordinary Shares,NASDAQ,Uncategorized
SILJ,Amplify Junior Silver Miners ETF,NYSE ARCA,Uncategorized
SILO,"Silo Pharma, Inc.",NASDAQ,Uncategorized
SIM,"Grupo Simec, S.A.B. de C.V. American Depositary Shares",NYSE MKT,Uncategorized
SIMA,SIM Acquisition Corp. I,NASDAQ,Uncategorized
SIMAU,SIM Acquisition Corp. I,NASDAQ,Uncategorized
SIMAW,SIM Acquisition Corp. I - Warrant,NASDAQ,Uncategorized
SIMO,"Silicon Motion Technology Corporation - American Depositary Shares, each representing four ordinary shares",NASDAQ,Uncategorized
SIMS,State Street SPDR S&P Kensho Intelligent Structures ETF,NYSE ARCA,Uncategorized
SINT,"SiNtx Technologies, Inc.",NASDAQ,Uncategorized
SIO,Touchstone Strategic Income ETF,NYSE ARCA,Uncategorized
SION,"Sionna Therapeutics, Inc.",NASDAQ,Uncategorized
SIOO,VistaShares Target 15 S&P 100 Distribution ETF,NYSE ARCA,Uncategorized
SIRI,SiriusXM Holdings Inc.,NASDAQ,Uncategorized
SITC,SITE Centers Corp.,NYSE,Uncategorized
SITE,"SiteOne Landscape Supply, Inc.",NYSE,Uncategorized
SITM,SiTime Corporation,NASDAQ,Uncategorized
SIVR,abrdn Physical Silver Shares ETF,NYSE ARCA,Uncategorized
SIXA,ETC 6 Meridian Mega Cap Equity ETF,NYSE ARCA,Uncategorized
SIXD,AllianzIM U.S. Large Cap 6 Month Buffer10 Jun/Dec ETF,BATS,Uncategorized
SIXF,AllianzIM U.S. Large Cap 6 Month Buffer10 Feb/Aug ETF,BATS,Uncategorized
SIXG,Defiance Connective Technologies ETF,NASDAQ,Uncategorized
SIXH,ETC 6 Meridian Hedged Equity Index Option ETF,NYSE ARCA,Uncategorized
SIXJ,AllianzIM U.S. Large Cap 6 Month Buffer10 Jan/Jul ETF,BATS,Uncategorized
SIXL,ETC 6 Meridian Low Beta Equity ETF,NYSE ARCA,Uncategorized
SIXO,AllianzIM U.S. Large Cap 6 Month Buffer10 Apr/Oct ETF,BATS,Uncategorized
SIXP,AllianzIM U.S. Large Cap 6 Month Buffer10 Mar/Sep ETF,BATS,Uncategorized
SIXS,ETC 6 Meridian Small Cap Equity ETF,NYSE ARCA,Uncategorized
SIXZ,AllianzIM U.S. Large Cap 6 Month Buffer10 May/Nov ETF,BATS,Uncategorized
SIZE,iShares MSCI USA Size Factor ETF,NYSE ARCA,Uncategorized
SJ,Scienjoy Holding Corporation,NASDAQ,Uncategorized
SJB,ProShares Short High Yield,NYSE ARCA,Uncategorized
SJCP,SanJac Alpha Core Plus Bond ETF,NASDAQ,Uncategorized
SJLD,SanJac Alpha Low Duration ETF,NASDAQ,Uncategorized
SJM,The J.M. Smucker Company,NYSE,Uncategorized
SJNK,State Street SPDR Bloomberg Short Term High Yield Bond ETF,NYSE ARCA,Uncategorized
SJT,San Juan Basin Royalty Trust,NYSE,Uncategorized
SKBL,Skyline Builders Group Holding Limited,NASDAQ,Uncategorized
SKE,Skeena Resources Limited Common Shares,NYSE,Uncategorized
SKF,ProShares UltraShort Financials,NYSE ARCA,Uncategorized
SKIL,Skillsoft Corp. Class A,NYSE,Uncategorized
SKIN,The Beauty Health Company - Class A,NASDAQ,Uncategorized
SKK,SKK Holdings Limited - Ordinary Shares,NASDAQ,Uncategorized
SKLZ,Skillz Inc. Class A,NYSE,Uncategorized
SKM,"SK Telecom Co., Ltd.",NYSE,Uncategorized
SKOR,FlexShares Credit-Scored US Corporate Bond Index Fund,NASDAQ,Uncategorized
SKRE,Tuttle Capital Daily 2X Inverse Regional Banks ETF,NASDAQ,Uncategorized
SKT,Tanger Inc.,NYSE,Uncategorized
SKWD,"Skyward Specialty Insurance Group, Inc.",NASDAQ,Uncategorized
SKY,"Champion Homes, Inc.",NYSE,Uncategorized
SKYE,"Skye Bioscience, Inc.",NASDAQ,Uncategorized
SKYH,Sky Harbour Group Corporation Class A,NYSE,Uncategorized
SKYH.W,"Sky Harbour Group Corporation Warrants, each whole warrant exercisable for one share of Class A common stock at an exercise price of $11.50 per share",NYSE,Uncategorized
SKYQ,Sky Quarry Inc.,NASDAQ,Uncategorized
SKYT,"SkyWater Technology, Inc.",NASDAQ,Uncategorized
SKYU,ProShares Ultra Cloud Computing,NASDAQ,Uncategorized
SKYW,"SkyWest, Inc.",NASDAQ,Uncategorized
SKYX,SKYX Platforms Corp.,NASDAQ,Uncategorized
SKYY,First Trust Cloud Computing ETF,NASDAQ,Uncategorized
SLAB,"Silicon Laboratories, Inc.",NASDAQ,Uncategorized
SLAI,SOLAI Limited American Depositary Shares (each representing one hundred (100) Class A Ordinary Shares),NYSE,Uncategorized
SLB,SLB Limited Common Shares,NYSE,Uncategorized
SLDB,Solid Biosciences Inc.,NASDAQ,Uncategorized
SLDE,"Slide Insurance Holdings, Inc.",NASDAQ,Uncategorized
SLDP,"Solid Power, Inc. - Class A",NASDAQ,Uncategorized
SLDPW,"Solid Power, Inc. - Warrant",NASDAQ,Uncategorized
SLDR,Global X Short-Term Treasury Ladder ETF,NYSE ARCA,Uncategorized
SLE,"Super League Enterprise, Inc.",NASDAQ,Uncategorized
SLF,Sun Life Financial Inc.,NYSE,Uncategorized
SLG,SL Green Realty Corp,NYSE,Uncategorized
SLG$I,SL Green Realty Corporation Preferred Series I,NYSE,Uncategorized
SLGB,Smart Logistics Global Limited - Ordinary Shares,NASDAQ,Uncategorized
SLGL,Sol-Gel Technologies Ltd. - Ordinary Shares,NASDAQ,Uncategorized
SLGN,Silgan Holdings Inc.,NYSE,Uncategorized
SLI,Standard Lithium Ltd. Common Shares,NYSE MKT,Uncategorized
SLJY,Amplify SILJ Covered Call ETF,NYSE ARCA,Uncategorized
SLM,SLM Corporation,NASDAQ,Uncategorized
SLMBP,"SLM Corporation - Floating Rate Non-Cumulative Preferred Stock, Series B",NASDAQ,Uncategorized
SLMT,Brera Holdings PLC,NASDAQ,Uncategorized
SLN,Silence Therapeutics Plc - American Depository Share,NASDAQ,Uncategorized
SLND,"Southland Holdings, Inc.",NYSE MKT,Uncategorized
SLND.W,"Southland Holdings, Inc. Warrants",NYSE MKT,Uncategorized
SLNG,"Stabilis Solutions, Inc.",NASDAQ,Uncategorized
SLNH,"Soluna Holdings, Inc.",NASDAQ,Uncategorized
SLNHP,"Soluna Holdings, Inc. - 9.0% Series A Cumulative Perpetual Preferred Stock",NASDAQ,Uncategorized
SLNO,"Soleno Therapeutics, Inc.",NASDAQ,Uncategorized
SLNZ,TCW Senior Loan ETF,NYSE,Uncategorized
SLON,ProShares Ultra Solana ETF,NYSE ARCA,Uncategorized
SLP,"Simulations Plus, Inc.",NASDAQ,Uncategorized
SLQD,iShares 0-5 Year Investment Grade Corporate Bond ETF,NASDAQ,Uncategorized
SLQT,"SelectQuote, Inc.",NYSE,Uncategorized
SLRC,SLR Investment Corp. - Closed End Fund,NASDAQ,Uncategorized
SLS,"SELLAS Life Sciences Group, Inc.",NASDAQ,Uncategorized
SLSN,"Solesence, Inc.",NASDAQ,Uncategorized
SLSR,Solaris Resources Inc. Common Shares,NYSE MKT,Uncategorized
SLTY,YieldMax Ultra Short Option Income Strategy ETF,NYSE ARCA,Uncategorized
SLV,iShares Silver Trust,NYSE ARCA,Uncategorized
SLVM,Sylvamo Corporation,NYSE,Uncategorized
SLVO,"ETRACS Silver Shares Covered Call ETNs due April 21, 2033",NASDAQ,Uncategorized
SLVP,iShares MSCI Global Silver Miners Fund,BATS,Uncategorized
SLVR,Sprott Silver Miners & Physical Silver ETF,NASDAQ,Uncategorized
SLVX,Nicholas Silver Income ETF,NYSE ARCA,Uncategorized
SLX,VanEck Steel ETF,NYSE ARCA,Uncategorized
SLXN,Silexion Therapeutics Corp - Ordinary Shares,NASDAQ,Uncategorized
SLXNW,Silexion Therapeutics Corp - Warrant,NASDAQ,Uncategorized
SLYG,State Street SPDR S&P 600 Small Cap Growth ETF,NYSE ARCA,Uncategorized
SLYV,State Street SPDR S&P 600 Small Cap Value ETF,NYSE ARCA,Uncategorized
SM,SM Energy Company,NYSE,Uncategorized
SMA,"SmartStop Self Storage REIT, Inc.",NYSE,Uncategorized
SMAP,Amplify Small-Mid Cap Equity ETF,NYSE ARCA,Uncategorized
SMAX,iShares Large Cap Max Buffer Sep ETF,BATS,Uncategorized
SMAY,FT Vest U.S. Small Cap Moderate Buffer ETF - May,BATS,Uncategorized
SMB,VanEck Short Muni ETF,BATS,Uncategorized
SMBC,"Southern Missouri Bancorp, Inc.",NASDAQ,Uncategorized
SMBK,"SmartFinancial, Inc.",NYSE,Uncategorized
SMBS,Schwab Mortgage-Backed Securities ETF,NYSE ARCA,Uncategorized
SMC,Summit Midstream Corporation,NYSE,Uncategorized
SMCF,Themes US Small Cap Cash Flow Champions ETF,NASDAQ,Uncategorized
SMCI,"Super Micro Computer, Inc.",NASDAQ,Uncategorized
SMCL,GraniteShares 2x Long SMCI Daily ETF,NASDAQ,Uncategorized
SMCO,Hilton Small-MidCap Opportunity ETF,NASDAQ,Uncategorized
SMCX,Defiance Daily Target 2X Long SMCI ETF,NASDAQ,Uncategorized
SMCY,YieldMax SMCI Option Income Strategy ETF,NYSE ARCA,Uncategorized
SMCZ,Defiance Daily Target 2X Short SMCI ETF,NASDAQ,Uncategorized
SMDD,UltraPro Short MidCap400,NYSE ARCA,Uncategorized
SMDV,ProShares Russell 2000 Dividend Growers ETF,BATS,Uncategorized
SMDX,Intech S&P Small-Mid Cap Diversified Alpha ETF,NYSE ARCA,Uncategorized
SMFG,Sumitomo Mitsui Financial Group Inc Unsponsored American Depositary Shares (Japan),NYSE,Uncategorized
SMG,Scotts Miracle-Gro Company (The),NYSE,Uncategorized
SMH,VanEck Semiconductor ETF,NASDAQ,Uncategorized
SMHB,ETRACS Monthly Pay 2x Leveraged Small Cap High Dividend ETN Series B,NYSE ARCA,Uncategorized
SMHI,SEACOR Marine Holdings Inc.,NYSE,Uncategorized
SMHX,VanEck Fabless Semiconductor ETF,NASDAQ,Uncategorized
SMID,Smith-Midland Corporation,NASDAQ,Uncategorized
SMIG,Bahl & Gaynor Small/Mid Cap Income Growth ETF,NYSE ARCA,Uncategorized
SMIN,Ishares MSCI India Small Cap ETF,BATS,Uncategorized
SMIZ,Zacks Small/Mid Cap ETF,NYSE ARCA,Uncategorized
SMJF,SMJ International Holdings Inc. Class A Ordinary Shares,NYSE MKT,Uncategorized
SMLF,iShares U.S. Small-Cap Equity Factor ETF,NYSE ARCA,Uncategorized
SMLL,Harbor Active Small Cap ETF,NYSE ARCA,Uncategorized
SMLV,State Street SPDR US Small Cap Low Volatility Index ETF,NYSE ARCA,Uncategorized
SMMD,iShares Russell 2500 ETF,BATS,Uncategorized
SMMT,Summit Therapeutics Inc.,NASDAQ,Uncategorized
SMMU,Short Term Municipal Bond Active Exchange-Traded Fund,NYSE ARCA,Uncategorized
SMMV,iShares MSCI USA Small-Cap Min Vol Factor ETF,BATS,Uncategorized
SMN,ProShares UltraShort Materials,NYSE ARCA,Uncategorized
SMOG,VanEck Low Carbon Energy ETF,NYSE ARCA,Uncategorized
SMOM,Symmetry Panoramic Sector Momentum ETF,NASDAQ,Uncategorized
SMOT,VanEck Morningstar SMID Moat ETF,BATS,Uncategorized
SMOX,Horizon Small/Mid Cap Core Equity ETF,NYSE ARCA,Uncategorized
SMP,"Standard Motor Products, Inc.",NYSE,Uncategorized
SMPL,The Simply Good Foods Company,NASDAQ,Uncategorized
SMQ,Tradr 1X Short Innovation 100 Monthly ETF,BATS,Uncategorized
SMR,NuScale Power Corporation Class A,NYSE,Uncategorized
SMRF,"ALPS Nautilus SMR, Nuclear & Technology ETF",NYSE ARCA,Uncategorized
SMRI,Bushido Capital US Equity ETF,NASDAQ,Uncategorized
SMRT,"SmartRent, Inc. Class A",NYSE,Uncategorized
SMSI,"Smith Micro Software, Inc.",NASDAQ,Uncategorized
SMST,Defiance Daily Target 2x Short MSTR ETF,NASDAQ,Uncategorized
SMTC,Semtech Corporation,NASDAQ,Uncategorized
SMTH,ALPS Smith Core Plus Bond ETF,NYSE ARCA,Uncategorized
SMTI,Sanara MedTech Inc.,NASDAQ,Uncategorized
SMTK,"SmartKem, Inc.",NASDAQ,Uncategorized
SMU,Tradr 2X Long SMR Daily ETF,BATS,Uncategorized
SMUP,T-REX 2X Long SMR Daily Target ETF,BATS,Uncategorized
SMWB,Similarweb Ltd. Ordinary Shares,NYSE,Uncategorized
SMX,SMX (Security Matters) Public Limited Company - Ordinary Shares,NASDAQ,Uncategorized
SMXT,Solarmax Technology Inc.,NASDAQ,Uncategorized
SMXWW,SMX (Security Matters) Public Limited Company - Warrant,NASDAQ,Uncategorized
SMYY,GraniteShares YieldBOOST SMCI ETF,NASDAQ,Uncategorized
SMZ,Tradr 2X Short SMR Daily ETF,BATS,Uncategorized
SN,"SharkNinja, Inc. Ordinary Shares",NYSE,Uncategorized
SNA,Snap-On Incorporated,NYSE,Uncategorized
SNAG,Leverage Shares 2x Long SNAP Daily ETF,NASDAQ,Uncategorized
SNAL,"Snail, Inc. - Class A",NASDAQ,Uncategorized
SNAP,Snap Inc. Class A,NYSE,Uncategorized
SNAV,Mohr Sector Nav ETF,BATS,Uncategorized
SNBR,Sleep Number Corporation,NASDAQ,Uncategorized
SNCY,"Sun Country Airlines Holdings, Inc.",NASDAQ,Uncategorized
SND,"Smart Sand, Inc.",NASDAQ,Uncategorized
SNDA,"Sonida Senior Living, Inc.",NYSE,Uncategorized
SNDK,Sandisk Corporation,NASDAQ,Uncategorized
SNDL,SNDL Inc. - Common Shares,NASDAQ,Uncategorized
SNDR,"Schneider National, Inc.",NYSE,Uncategorized
SNDX,"Syndax Pharmaceuticals, Inc.",NASDAQ,Uncategorized
SNES,"SenesTech, Inc.",NASDAQ,Uncategorized
SNEX,StoneX Group Inc.,NASDAQ,Uncategorized
SNFCA,Security National Financial Corporation - Class A,NASDAQ,Uncategorized
SNGX,"Soligenix, Inc.",NASDAQ,Uncategorized
SNN,"Smith & Nephew SNATS, Inc.",NYSE,Uncategorized
SNOA,"Sonoma Pharmaceuticals, Inc.",NASDAQ,Uncategorized
SNOU,T-REX 2X Long SNOW Daily Target ETF,BATS,Uncategorized
SNOV,FT Vest U.S. Small Cap Moderate Buffer ETF - November,BATS,Uncategorized
SNOW,Snowflake Inc.,NYSE,Uncategorized
SNOY,YieldMax SNOW Option Income Strategy ETF,NYSE ARCA,Uncategorized
SNPD,Xtrackers S&P Dividend Aristocrats Screened ETF,BATS,Uncategorized
SNPE,Xtrackers S&P 500 Scored & Screened ETF,NYSE ARCA,Uncategorized
SNPG,Xtrackers S&P 500 Growth Scored & Screened ETF,BATS,Uncategorized
SNPS,"Synopsys, Inc.",NASDAQ,Uncategorized
SNPX,Tradr 2X Long SNPS Daily ETF,BATS,Uncategorized
SNSE,"Sensei Biotherapeutics, Inc.",NASDAQ,Uncategorized
SNSR,Global X Internet of Things ETF,NASDAQ,Uncategorized
SNT,Senstar Technologies Corporation - Common Shares,NASDAQ,Uncategorized
SNTG,Sentage Holdings Inc.,NASDAQ,Uncategorized
SNTH,MRP SynthEquity ETF,NYSE ARCA,Uncategorized
SNTI,"Senti Biosciences, Inc.",NASDAQ,Uncategorized
SNWV,"SANUWAVE Health, Inc.",NASDAQ,Uncategorized
SNX,TD SYNNEX Corporation,NYSE,Uncategorized
SNXX,Tradr 2X Long SNDK Daily ETF,BATS,Uncategorized
SNY,Sanofi - American Depositary Shares,NASDAQ,Uncategorized
SNYR,Synergy CHC Corp.,NASDAQ,Uncategorized
SO,Southern Company (The),NYSE,Uncategorized
SOAR,"Volato Group, Inc. Class A",NYSE MKT,Uncategorized
SOBO,South Bow Corporation Common Shares,NYSE,Uncategorized
SOBR,"SOBR Safe, Inc.",NASDAQ,Uncategorized
SOC,Sable Offshore Corp.,NYSE,Uncategorized
SOCA,Solarius Capital Acquisition Corp.,NASDAQ,Uncategorized
SOCAU,Solarius Capital Acquisition Corp.,NASDAQ,Uncategorized
SOCAW,Solarius Capital Acquisition Corp. - Warrant,NASDAQ,Uncategorized
SOCL,Global X Social Media ETF,NASDAQ,Uncategorized
SOEZ,Franklin Solana ETF,NYSE ARCA,Uncategorized
SOFA,Direxion Daily SOFI Bull 2X ETF,NASDAQ,Uncategorized
SOFI,"SoFi Technologies, Inc.",NASDAQ,Uncategorized
SOFR,Amplify Samsung SOFR ETF,NYSE ARCA,Uncategorized
SOFX,Defiance Daily Target 2X Long SOFI ETF,NASDAQ,Uncategorized
SOGP,Sound Group Inc. - American Depositary Shares,NASDAQ,Uncategorized
SOHOB,Sotherly Hotels Inc. - 8.0% Series B Cumulative Redeemable Perpetual Preferred Stock,NASDAQ,Uncategorized
SOHON,Sotherly Hotels Inc. - 8.25% Series D Cumulative Redeemable Perpetual Preferred Stock,NASDAQ,Uncategorized
SOHOO,Sotherly Hotels Inc. - 7.875% Series C Cumulative Redeemable Perpetual Preferred Stock,NASDAQ,Uncategorized
SOHU,Sohu.com Limited  - American Depositary Shares,NASDAQ,Uncategorized
SOJC,"Southern Company (The) Series 2017B 5.25% Junior Subordinated Notes due December 1, 2077",NYSE,Uncategorized
SOJD,"Southern Company (The) Series 2020A 4.95% Junior Subordinated Notes due January 30, 2080",NYSE,Uncategorized
SOJE,"Southern Company (The) Series 2020C 4.20% Junior Subordinated Notes due October 15, 2060",NYSE,Uncategorized
SOJF,"Southern Company (The) Series 2025A 6.50% Junior Subordinated Notes due March 15, 2085",NYSE,Uncategorized
SOLC,Canary Marinade Solana ETF,NASDAQ,Uncategorized
SOLM,Amplify Solana 3% Monthly Option Income ETF,BATS,Uncategorized
SOLR,Guinness Atkinson Sustainable Energy ETF,NYSE ARCA,Uncategorized
SOLS,Solstice Advanced Materials Inc.,NASDAQ,Uncategorized
SOLT,2x Solana ETF,NASDAQ,Uncategorized
SOLV,Solventum Corporation,NYSE,Uncategorized
SOLX,T-REX 2X Long SOL Daily Target ETF,BATS,Uncategorized
SOLZ,Solana ETF,NASDAQ,Uncategorized
SOMN,Southern Company (The) 2025 Series A Corporate Units,NYSE,Uncategorized
SON,Sonoco Products Company,NYSE,Uncategorized
SONM,"DNA X, Inc.",NASDAQ,Uncategorized
SONO,"Sonos, Inc.",NASDAQ,Uncategorized
SONY,Sony Group Corporation American Depositary Shares,NYSE,Uncategorized
SOPA,Society Pass Incorporated,NASDAQ,Uncategorized
SOPH,SOPHiA GENETICS SA - Ordinary Shares,NASDAQ,Uncategorized
SOR,"Source Capital, Inc. Cmn Shs of BI",NYSE,Uncategorized
SORA,AsiaStrategy - Ordinary Shares,NASDAQ,Uncategorized
SORN,Soren Acquisition Corp.,NASDAQ,Uncategorized
SORNU,Soren Acquisition Corp.,NASDAQ,Uncategorized
SORNW,Soren Acquisition Corp. - Warrant,NASDAQ,Uncategorized
SOS,SOS Limited Class A Ordinary Shares,NYSE,Uncategorized
SOTK,Sono-Tek Corporation,NASDAQ,Uncategorized
SOUL,Soulpower Acquisition Corporation Class A Ordinary Shares,NYSE,Uncategorized
SOUL.R,"Soulpower Acquisition Corporation Rights, each right entitling the holder to receive one-tenth (1/10) of one Class A Ordinary Share",NYSE,Uncategorized
SOUL.U,"Soulpower Acquisition Corporation Units, each consisting of one Class A ordinary share and one right",NYSE,Uncategorized
SOUN,"SoundHound AI, Inc. - Class A",NASDAQ,Uncategorized
SOUNW,"SoundHound AI, Inc. - Warrant",NASDAQ,Uncategorized
SOUX,Defiance Daily Target 2X Long SOUN ETF,NASDAQ,Uncategorized
SOVF,Sovereign's Capital Flourish Fund,NYSE ARCA,Uncategorized
SOWG,Sow Good Inc.,NASDAQ,Uncategorized
SOXL,Direxion Daily Semiconductor Bull 3X Shares,NYSE ARCA,Uncategorized
SOXQ,Invesco PHLX Semiconductor ETF,NASDAQ,Uncategorized
SOXS,Direxion Daily Semiconductor Bear 3X Shares,NYSE ARCA,Uncategorized
SOXX,iShares PHLX SOX Semiconductor Sector Index Fund,NASDAQ,Uncategorized
SOXY,YieldMax Target 12 Semiconductor Option Income ETF,NYSE ARCA,Uncategorized
SOYB,Teucrium Soybean Fund ETV,NYSE ARCA,Uncategorized
SPAB,State Street SPDR Portfolio Aggregate Bond ETF,NYSE ARCA,Uncategorized
SPAI,Safe Pro Group Inc.,NASDAQ,Uncategorized
SPAM,Themes Cybersecurity ETF,NASDAQ,Uncategorized
SPAQ,Horizon Kinetics SPAC Active ETF,NASDAQ,Uncategorized
SPB,"Spectrum Brands Holdings, Inc.",NYSE,Uncategorized
SPBC,Simplify US Equity PLUS Bitcoin Strategy ETF,NASDAQ,Uncategorized
SPBO,State Street SPDR Portfolio Corporate Bond ETF,NYSE ARCA,Uncategorized
SPBU,AllianzIM Buffer15 Uncapped Allocation ETF,BATS,Uncategorized
SPBW,AllianzIM Buffer20 Allocation ETF,BATS,Uncategorized
SPBX,AllianzIM 6 Month Buffer10 Allocation ETF,BATS,Uncategorized
SPCB,"SuperCom, Ltd. - Ordinary Shares",NASDAQ,Uncategorized
SPCE,"Virgin Galactic Holdings, Inc.",NYSE,Uncategorized
SPCT,Liberty One Spectrum ETF,NASDAQ,Uncategorized
SPCX,SPAC and New Issue ETF,NASDAQ,Uncategorized
SPCZ,RiverNorth Enhanced Pre-Merger SPAC ETF,BATS,Uncategorized
SPD,Simplify US Equity PLUS Downside Convexity ETF,NYSE ARCA,Uncategorized
SPDG,State Street SPDR Portfolio S&P Sector Neutral Dividend ETF,NYSE ARCA,Uncategorized
SPDN,Direxion Daily S&P 500 Bear 1X Shares,NYSE ARCA,Uncategorized
SPDV,AAM S&P 500 High Dividend Value ETF,NYSE ARCA,Uncategorized
SPDW,State Street SPDR Portfolio Developed World ex-US ETF,NYSE ARCA,Uncategorized
SPE,"Special Opportunities Fund, Inc",NYSE,Uncategorized
SPE$C,"Special Opportunities Fund Inc. 2.75% Convertible Preferred Stock, Series C",NYSE,Uncategorized
SPEG,Silver Pegasus Acquisition Corp,NASDAQ,Uncategorized
SPEGR,Silver Pegasus Acquisition Corp - Rights,NASDAQ,Uncategorized
SPEGU,Silver Pegasus Acquisition Corp,NASDAQ,Uncategorized
SPEM,State Street SPDR Portfolio Emerging Markets ETF,NYSE ARCA,Uncategorized
SPEU,State Street SPDR Portfolio Europe ETF,NYSE ARCA,Uncategorized
SPFF,Global X SuperIncome Preferred ETF,NYSE ARCA,Uncategorized
SPFI,"South Plains Financial, Inc.",NASDAQ,Uncategorized
SPG,"Simon Property Group, Inc.",NYSE,Uncategorized
SPG$J,"Simon Property Group, Inc. Simon Property Group 8 3/8% Series J Cumulative Redeemable Preferred Stock",NYSE,Uncategorized
SPGI,S&P Global Inc.,NYSE,Uncategorized
SPGM,State Street SPDR Portfolio MSCI Global Stock Market ETF,NYSE ARCA,Uncategorized
SPGP,Invesco S&P 500 GARP ETF,NYSE ARCA,Uncategorized
SPH,"Suburban Propane Partners, L.P.",NYSE,Uncategorized
SPHB,Invesco S&P 500 High Beta ETF,NYSE ARCA,Uncategorized
SPHD,Invesco S&P 500 High Dividend Low Volatility ETF,NYSE ARCA,Uncategorized
SPHL,Springview Holdings Ltd - Ordinary shares,NASDAQ,Uncategorized
SPHQ,Invesco S&P 500 Quality ETF,NYSE ARCA,Uncategorized
SPHR,Sphere Entertainment Co. Class A,NYSE,Uncategorized
SPHY,State Street SPDR Portfolio High Yield Bond ETF,NYSE ARCA,Uncategorized
SPIB,State Street SPDR Portfolio Intermediate Term Corporate Bond ETF,NYSE ARCA,Uncategorized
SPIN,State Street US Equity Premium Income ETF,BATS,Uncategorized
SPIP,State Street SPDR Portfolio TIPS ETF,NYSE ARCA,Uncategorized
SPIR,"Spire Global, Inc. Class A",NYSE,Uncategorized
SPIT,F/m Emerald Special Situations ETF,NASDAQ,Uncategorized
SPKL,Spark I Acquisition Corp.,NASDAQ,Uncategorized
SPKLU,Spark I Acquisition Corp.,NASDAQ,Uncategorized
SPKLW,Spark I Acquisition Corp. - Warrant,NASDAQ,Uncategorized
SPLB,State Street SPDR Portfolio Long Term Corporate Bond ETF,NYSE ARCA,Uncategorized
SPLS,PIMCO US Stocks PLUS Active Bond Exchange-Traded Fund,BATS,Uncategorized
SPLV,Invesco S&P 500 Low Volatility ETF,NYSE ARCA,Uncategorized
SPMA,"Sound Point Meridian Capital, Inc. 8.00% Series A Preferred Shares Due 2029",NYSE,Uncategorized
SPMB,State Street SPDR Portfolio Mortgage Backed Bond ETF,NYSE ARCA,Uncategorized
SPMC,"Sound Point Meridian Capital, Inc.",NYSE,Uncategorized
SPMD,State Street SPDR Portfolio S&P 400 Mid Cap ETF,NYSE ARCA,Uncategorized
SPME,"Sound Point Meridian Capital, Inc. 7.875% Series B Preferred Shares due 2030",NYSE,Uncategorized
SPMO,Invesco S&P 500 Momentum ETF,NYSE ARCA,Uncategorized
SPNT,SiriusPoint Ltd. Common Shares,NYSE,Uncategorized
SPOG,Leverage Shares 2X Long SPOT Daily ETF,NASDAQ,Uncategorized
SPOK,"Spok Holdings, Inc.",NASDAQ,Uncategorized
SPOT,Spotify Technology S.A. Ordinary Shares,NYSE,Uncategorized
SPPL,SIMPPLE LTD. - Ordinary Shares,NASDAQ,Uncategorized
SPPP,Sprott Physical Platinum and Palladium Trust,NYSE ARCA,Uncategorized
SPRB,"Spruce Biosciences, Inc.",NASDAQ,Uncategorized
SPRC,SciSparc Ltd. - Ordinary Shares,NASDAQ,Uncategorized
SPRE,SP Funds S&P Global REIT Sharia ETF,NYSE ARCA,Uncategorized
SPRO,"Spero Therapeutics, Inc.",NASDAQ,Uncategorized
SPRU,Spruce Power Holding Corporation Class A,NYSE,Uncategorized
SPRX,Spear Alpha ETF,NASDAQ,Uncategorized
SPRY,"ARS Pharmaceuticals, Inc.",NASDAQ,Uncategorized
SPSB,State Street SPDR Portfolio Short Term Corporate Bond ETF,NYSE ARCA,Uncategorized
SPSC,"SPS Commerce, Inc.",NASDAQ,Uncategorized
SPSK,SP Funds Dow Jones Global Sukuk ETF,NYSE ARCA,Uncategorized
SPSM,State Street SPDR Portfolio S&P 600 Small Cap ETF,NYSE ARCA,Uncategorized
SPT,"Sprout Social, Inc - Class A",NASDAQ,Uncategorized
SPTB,State Street SPDR Portfolio Treasury ETF,NYSE ARCA,Uncategorized
SPTE,SP Funds S&P Global Technology ETF,NYSE ARCA,Uncategorized
SPTI,State Street SPDR Portfolio Intermediate Term Treasury ETF,NYSE ARCA,Uncategorized
SPTL,State Street SPDR Portfolio Long Term Treasury ETF,NYSE ARCA,Uncategorized
SPTM,State Street SPDR Portfolio S&P 1500 Composite Stock Market ETF,NYSE ARCA,Uncategorized
SPTS,State Street SPDR Portfolio Short Term Treasury ETF,NYSE ARCA,Uncategorized
SPTU,State Street SPDR Portfolio Ultra Short T-Bill ETF,NYSE ARCA,Uncategorized
SPUC,Simplify US Equity PLUS Upside Convexity ETF,NYSE ARCA,Uncategorized
SPUS,SP Funds S&P 500 Sharia Industry Exclusions ETF,NYSE ARCA,Uncategorized
SPUT,Innovator Equity Premium Income - Daily PutWrite ETF,NYSE ARCA,Uncategorized
SPUU,Direxion Daily S&P 500 Bull 2X Shares,NYSE ARCA,Uncategorized
SPVM,Invesco S&P 500 Value with Momentum ETF,NYSE ARCA,Uncategorized
SPWH,"Sportsman's Warehouse Holdings, Inc.",NASDAQ,Uncategorized
SPWO,SP Funds S&P World (ex-US) ETF,NYSE ARCA,Uncategorized
SPWR,SunPower Inc.,NASDAQ,Uncategorized
SPWRW,SunPower Inc. - Warrant,NASDAQ,Uncategorized
SPXC,"SPX Technologies, Inc.",NYSE,Uncategorized
SPXD,Xtrackers S&P 500 Diversified Sector Weight ETF,NASDAQ,Uncategorized
SPXE,ProShares S&P 500 Ex-Energy ETF,NYSE ARCA,Uncategorized
SPXL,Direxion Daily S&P 500 Bull 3X Shares,NYSE ARCA,Uncategorized
SPXN,ProShares S&P 500 Ex-Financials ETF,NYSE ARCA,Uncategorized
SPXS,Direxion Daily S&P 500 Bear 3X,NYSE ARCA,Uncategorized
SPXT,ProShares S&P 500 Ex-Technology ETF,NYSE ARCA,Uncategorized
SPXU,ProShares UltraPro Short S&P500,NYSE ARCA,Uncategorized
SPXV,ProShares S&P 500 Ex-Health Care ETF,NYSE ARCA,Uncategorized
SPXX,Nuveen S&P 500 Dynamic Overwrite Fund,NYSE,Uncategorized
SPY,State Street SPDR S&P 500 ETF Trust,NYSE ARCA,Uncategorized
SPYA,Twin Oak Endure ETF,BATS,Uncategorized
SPYC,Simplify US Equity PLUS Convexity ETF,NYSE ARCA,Uncategorized
SPYD,State Street SPDR Portfolio S&P 500 High Dividend ETF,NYSE ARCA,Uncategorized
SPYG,State Street SPDR Portfolio S&P 500 Growth ETF,NYSE ARCA,Uncategorized
SPYH,NEOS S&P 500 Hedged Equity Income ETF,BATS,Uncategorized
SPYI,NEOS S&P 500 High Income ETF,BATS,Uncategorized
SPYM,State Street SPDR Portfolio S&P 500 ETF,NYSE ARCA,Uncategorized
SPYQ,Tradr 2X Long SPY Quarterly ETF,NASDAQ,Uncategorized
SPYT,Defiance S&P 500 Target Income ETF,NYSE ARCA,Uncategorized
SPYU,"MAX S&P 500 4X Leveraged ETNs due October 30, 2043",NYSE ARCA,Uncategorized
SPYV,State Street SPDR Portfolio S&P 500 Value ETF,NYSE ARCA,Uncategorized
SPYX,State Street SPDR S&P 500 Fossil Fuel Reserves Free ETF,NYSE ARCA,Uncategorized
SQFT,"Presidio Property Trust, Inc. - Class A",NASDAQ,Uncategorized
SQFTP,"Presidio Property Trust, Inc. - 9.375% Series D Cumulative Redeemable Perpetual Preferred Stock, $0.01 par value per share",NASDAQ,Uncategorized
SQFTW,"Presidio Property Trust, Inc. - Series A Common Stock Purchase Warrants",NASDAQ,Uncategorized
SQLV,Royce Quant Small-Cap Quality Value ETF,NASDAQ,Uncategorized
SQM,Sociedad Quimica y Minera S.A.,NYSE,Uncategorized
SQMX,FT Vest U.S. Equity Quarterly Max Buffer ETF,BATS,Uncategorized
SQNS,Sequans Communications S.A. American Depositary Shares (each representing one hundred (100) Ordinary Shares),NYSE,Uncategorized
SQQQ,ProShares UltraPro Short QQQ,NASDAQ,Uncategorized
SR,Spire Inc.,NYSE,Uncategorized
SRAD,Sportradar Group AG,NASDAQ,Uncategorized
SRBK,"SR Bancorp, Inc.",NASDAQ,Uncategorized
SRCE,1st Source Corporation,NASDAQ,Uncategorized
SRE,DBA Sempra,NYSE,Uncategorized
SREA,DBA Sempra 5.750% Junior Subordinated Notes due 2079,NYSE,Uncategorized
SRET,Global X SuperDividend REIT ETF,NASDAQ,Uncategorized
SRFM,Surf Air Mobility Inc.,NYSE,Uncategorized
SRG,Seritage Growth Properties Class A,NYSE,Uncategorized
SRG$A,Seritage Growth Properties 7.00% Series A Cumulative Redeemable Preferred Shares of Beneficial Interest,NYSE,Uncategorized
SRHQ,SRH U.S. Quality GARP ETF,NYSE ARCA,Uncategorized
SRHR,SRH REIT Covered Call ETF,NYSE ARCA,Uncategorized
SRI,"Stoneridge, Inc.",NYSE,Uncategorized
SRJN,Spire Inc. 6.375% Junior Subordinated Notes due 2086,NYSE,Uncategorized
SRL,Scully Royalty Ltd.,NYSE,Uncategorized
SRLN,State Street Blackstone Senior Loan ETF,NYSE ARCA,Uncategorized
SROI,Calamos Antetokounmpo Global Sustainable Equities ETF,NYSE ARCA,Uncategorized
SRPT,"Sarepta Therapeutics, Inc.",NASDAQ,Uncategorized
SRPU,Tradr 2X Long SRPT Daily ETF,BATS,Uncategorized
SRRK,Scholar Rock Holding Corporation,NASDAQ,Uncategorized
SRS,ProShares UltraShort Real Estate,NYSE ARCA,Uncategorized
SRTA,"Strata Critical Medical, Inc. - Class A",NASDAQ,Uncategorized
SRTAW,"Strata Critical Medical, Inc. - Warrants",NASDAQ,Uncategorized
SRTS,"Sensus Healthcare, Inc.",NASDAQ,Uncategorized
SRTY,ProShares UltraPro Short Russell2000,NYSE ARCA,Uncategorized
SRV,NXG Cushing Midstream Energy Fund Common Shares of Beneficial Interest,NYSE,Uncategorized
SRVR,Pacer Data & Infrastructure Real Estate ETF,NYSE ARCA,Uncategorized
SRXH,"SRX Health Solutions, Inc.",NYSE MKT,Uncategorized
SRZN,"Surrozen, Inc.",NASDAQ,Uncategorized
SRZNW,"Surrozen, Inc. - Warrant",NASDAQ,Uncategorized
SSAC,SPACSphere Acquisition Corp.,NASDAQ,Uncategorized
SSACR,SPACSphere Acquisition Corp. - Rights,NASDAQ,Uncategorized
SSACU,SPACSphere Acquisition Corp.,NASDAQ,Uncategorized
SSACW,SPACSphere Acquisition Corp. - Warrant,NASDAQ,Uncategorized
SSB,SouthState Bank Corporation,NYSE,Uncategorized
SSBI,Summit State Bank,NASDAQ,Uncategorized
SSD,"Simpson Manufacturing Company, Inc.",NYSE,Uncategorized
SSEA,Starry Sea Acquisition Corp - Ordinary Shares,NASDAQ,Uncategorized
SSEAR,Starry Sea Acquisition Corp - Rights,NASDAQ,Uncategorized
SSEAU,Starry Sea Acquisition Corp,NASDAQ,Uncategorized
SSFI,Day Hagan Smart Sector Fixed Income ETF,NYSE ARCA,Uncategorized
SSG,ProShares UltraShort Semiconductors,NYSE ARCA,Uncategorized
SSII,SS Innovations International Inc.,NASDAQ,Uncategorized
SSK,REX-Osprey SOL + Staking ETF,BATS,Uncategorized
SSL,Sasol Ltd. American Depositary Shares,NYSE,Uncategorized
SSM,Sono Group N.V. - Ordinary Shares,NASDAQ,Uncategorized
SSNC,"SS&C Technologies Holdings, Inc.",NASDAQ,Uncategorized
SSO,ProShares Ultra S&P500,NYSE ARCA,Uncategorized
SSP,E.W. Scripps Company (The) - Class A,NASDAQ,Uncategorized
SSPY,Stratified LargeCap Index ETF,NYSE ARCA,Uncategorized
SSRM,SSR Mining Inc.,NASDAQ,Uncategorized
SSS,CYBER HORNET S&P 500 and Solana 75/25 Strategy ETF,NASDAQ,Uncategorized
SSSS,SuRo Capital Corp. - Closed End Fund,NASDAQ,Uncategorized
SSSSL,SuRo Capital Corp. - 6.00% Notes due 2026,NASDAQ,Uncategorized
SST,"System1, Inc. Class A",NYSE,Uncategorized
SSTI,"SoundThinking, Inc.",NASDAQ,Uncategorized
SSTK,"Shutterstock, Inc.",NYSE,Uncategorized
SSUS,Day Hagan Smart Sector ETF,NYSE ARCA,Uncategorized
SSXU,Day Hagan Smart Sector International ETF,NYSE ARCA,Uncategorized
SSYS,"Stratasys, Ltd.",NASDAQ,Uncategorized
ST,Sensata Technologies Holding plc Ordinary Shares,NYSE,Uncategorized
STAA,STAAR Surgical Company,NASDAQ,Uncategorized
STAG,"Stag Industrial, Inc.",NYSE,Uncategorized
STAK,STAK Inc.,NASDAQ,Uncategorized
STAX,Nomura Tax-Free USA Short Term ETF,NYSE ARCA,Uncategorized
STBA,"S&T Bancorp, Inc.",NASDAQ,Uncategorized
STBF,Performance Trust Short Term Bond ETF,BATS,Uncategorized
STBQ,Amplify Stablecoin Technology ETF,NYSE ARCA,Uncategorized
STC,Stewart Information Services Corporation,NYSE,Uncategorized
STCE,Schwab Crypto Thematic ETF,NYSE ARCA,Uncategorized
STE,STERIS plc (Ireland) Ordinary Shares,NYSE,Uncategorized
STEL,"Stellar Bancorp, Inc.",NYSE,Uncategorized
STEM,"Stem, Inc. Class A",NYSE,Uncategorized
STEN,iShares Large Cap 10% Target Buffer Sep ETF,BATS,Uncategorized
STEP,StepStone Group Inc. - Class A,NASDAQ,Uncategorized
STEW,"SRH Total Return Fund, Inc.",NYSE,Uncategorized
STEX,Streamex Corp.,NASDAQ,Uncategorized
STFS,Star Fashion Culture Holdings Limited,NASDAQ,Uncategorized
STG,"Sunlands Technology Group American Depositary Shares, representing Class A ordinary shares",NYSE,Uncategorized
STGW,Stagwell Inc. - Class A,NASDAQ,Uncategorized
STHH,STMicroelectronics NV ADRhedged,NYSE ARCA,Uncategorized
STHO,Star Holdings - Shares of Beneficial Interest,NASDAQ,Uncategorized
STI,"Solidion Technology, Inc.",NASDAQ,Uncategorized
STIM,"Neuronetics, Inc.",NASDAQ,Uncategorized
STIP,iShares 0-5 Year TIPS Bond ETF,NYSE ARCA,Uncategorized
STK,Columbia Seligman Premium Technology Growth Fund Inc,NYSE,Uncategorized
STKE,Sol Strategies Inc. - Common Shares,NASDAQ,Uncategorized
STKH,Steakholder Foods Ltd. - American Depositary Shares,NASDAQ,Uncategorized
STKL,"SunOpta, Inc.",NASDAQ,Uncategorized
STKS,"The ONE Group Hospitality, Inc.",NASDAQ,Uncategorized
STLA,Stellantis N.V. Common Shares,NYSE,Uncategorized
STLD,"Steel Dynamics, Inc.",NASDAQ,Uncategorized
STM,STMicroelectronics N.V.,NYSE,Uncategorized
STN,Stantec Inc,NYSE,Uncategorized
STNC,Hennessy Sustainable ETF,NASDAQ,Uncategorized
STNE,StoneCo Ltd.,NASDAQ,Uncategorized
STNG,Scorpio Tankers Inc. Common Shares,NYSE,Uncategorized
STOK,"Stoke Therapeutics, Inc.",NASDAQ,Uncategorized
STOT,State Street DoubleLine Short Duration Total Return Tactical ETF,BATS,Uncategorized
STOX,Horizon Core Equity ETF,BATS,Uncategorized
STPZ,PIMCO 1-5 Year U.S. TIPS Index Exchange-Traded Fund,NYSE ARCA,Uncategorized
STRA,"Strategic Education, Inc.",NASDAQ,Uncategorized
STRC,Strategy Inc - Variable Rate Series A Perpetual Stretch Preferred Stock,NASDAQ,Uncategorized
STRD,Strategy Inc - 10.00% Series A Perpetual Stride Preferred Stock,NASDAQ,Uncategorized
STRF,Strategy Inc - 10.00% Series A Perpetual Strife Preferred Stock,NASDAQ,Uncategorized
STRK,Strategy Inc - 8.00% Series A Perpetual Strike Preferred Stock,NASDAQ,Uncategorized
STRL,"Sterling Infrastructure, Inc.",NASDAQ,Uncategorized
STRN,SMART Trend 25 ETF,NYSE ARCA,Uncategorized
STRO,"Sutro Biopharma, Inc.",NASDAQ,Uncategorized
STRR,"Star Equity Holdings, Inc.",NASDAQ,Uncategorized
STRRP,"Star Equity Holdings, Inc. - 10% Series A Cumulative Perpetual Preferred Stock",NASDAQ,Uncategorized
STRS,Stratus Properties Inc.,NASDAQ,Uncategorized
STRT,STRATTEC SECURITY CORPORATION,NASDAQ,Uncategorized
STRV,Strive 500 ETF,NYSE,Uncategorized
STRW,"Strawberry Fields REIT, Inc.",NYSE MKT,Uncategorized
STRZ,Starz Entertainment Corp. - Common Shares,NASDAQ,Uncategorized
STSM,Defiance Daily Target 2X Short TSM ETF,NYSE ARCA,Uncategorized
STSS,Sharps Technology Inc.,NASDAQ,Uncategorized
STSSW,Sharps Technology Inc. - Warrant,NASDAQ,Uncategorized
STT,State Street Corporation,NYSE,Uncategorized
STT$G,"State Street Corporation Depositary shares, each representing a 1/4,000th ownership interest in a share of Fixed-to-Floating Rate Non-Cumulative",NYSE,Uncategorized
STTK,"Shattuck Labs, Inc.",NASDAQ,Uncategorized
STUB,"StubHub Holdings, Inc. Class A",NYSE,Uncategorized
STVN,Stevanato Group S.p.A. Ordinary Shares,NYSE,Uncategorized
STWD,"STARWOOD PROPERTY TRUST, INC. Starwood Property Trust Inc.",NYSE,Uncategorized
STX,Seagate Technology Holdings PLC - Ordinary Shares (Ireland),NASDAQ,Uncategorized
STXD,Strive 1000 Dividend Growth ETF,NYSE,Uncategorized
STXE,Strive Emerging Markets Ex-China ETF,NYSE,Uncategorized
STXG,Strive 1000 Growth ETF,NYSE,Uncategorized
STXI,Strive International Developed Markets ETF,NYSE,Uncategorized
STXK,Strive Small-Cap ETF,NYSE,Uncategorized
STXM,Strive Mid-Cap ETF,NYSE,Uncategorized
STXS,"Stereotaxis, Inc.",NYSE MKT,Uncategorized
STXT,Strive Total Return Bond ETF,NYSE,Uncategorized
STXV,Strive 1000 Value ETF,NYSE,Uncategorized
STZ,"Constellation Brands, Inc.",NYSE,Uncategorized
SU,Suncor Energy  Inc.,NYSE,Uncategorized
SUB,iShares Short-Term National Muni Bond ETF,NYSE ARCA,Uncategorized
SUGP,SU Group Holdings Limited - Ordinary Shares,NASDAQ,Uncategorized
SUI,"Sun Communities, Inc.",NYSE,Uncategorized
SUIG,Sui Group Holdings Limited,NASDAQ,Uncategorized
SUIS,Canary Staked SUIS ETF,NASDAQ,Uncategorized
SUN,Sunoco LP Common Units representing limited partner interests,NYSE,Uncategorized
SUNC,"SunocoCorp LLC Common Units, representing limited liability company interests",NYSE,Uncategorized
SUNE,"SUNation Energy, Inc.",NASDAQ,Uncategorized
SUNS,"Sunrise Realty Trust, Inc.",NASDAQ,Uncategorized
SUPL,ProShares Supply Chain Logistics ETF,NYSE ARCA,Uncategorized
SUPN,"Supernus Pharmaceuticals, Inc.",NASDAQ,Uncategorized
SUPP,TCW Transform Supply Chain ETF,NASDAQ,Uncategorized
SUPV,Grupo Supervielle S.A. American Depositary Shares each Representing five Class B shares,NYSE,Uncategorized
SUPX,SuperX AI Technology Limited - Ordinary Shares,NASDAQ,Uncategorized
SURE,AdvisorShares Insider Advantage ETF,NYSE ARCA,Uncategorized
SURG,"SurgePays, Inc.",NASDAQ,Uncategorized
SURI,Simplify Propel Opportunities ETF,NYSE ARCA,Uncategorized
SUSA,iShares ESG Optimized MSCI USA ETF,NYSE ARCA,Uncategorized
SUSB,iShares ESG Aware 1-5 Year USD Corporate Bond ETF,NASDAQ,Uncategorized
SUSC,iShares ESG Aware USD Corporate Bond ETF,NASDAQ,Uncategorized
SUSL,iShares ESG MSCI USA Leaders ETF,NASDAQ,Uncategorized
SUUN,PowerBank Corporation,NASDAQ,Uncategorized
SUZ,Suzano S.A. American Depositary Shares (each representing One Ordinary Share),NYSE,Uncategorized
SVA,"Sinovac Biotech, Ltd. - Ordinary Shares (Antigua/Barbudo)",NASDAQ,Uncategorized
SVAC,Spring Valley Acquisition Corp. III,NASDAQ,Uncategorized
SVACU,Spring Valley Acquisition Corp. III,NASDAQ,Uncategorized
SVACW,Spring Valley Acquisition Corp. III - Warrant,NASDAQ,Uncategorized
SVAL,iShares US Small Cap Value Factor ETF,BATS,Uncategorized
SVAQ,Silicon Valley Acquisition Corp.,NASDAQ,Uncategorized
SVAQU,Silicon Valley Acquisition Corp.,NASDAQ,Uncategorized
SVAQW,Silicon Valley Acquisition Corp. - Warrants,NASDAQ,Uncategorized
SVC,Service Properties Trust - Shares of Beneficial Interest,NASDAQ,Uncategorized
SVCC,Stellar V Capital Corp.,NASDAQ,Uncategorized
SVCCU,Stellar V Capital Corp.,NASDAQ,Uncategorized
SVCCW,Stellar V Capital Corp. - Warrant,NASDAQ,Uncategorized
SVCO,"Silvaco Group, Inc.",NASDAQ,Uncategorized
SVIVU,Spring Valley Acquisition Corp. IV,NASDAQ,Uncategorized
SVIX,-1x Short VIX Futures ETF,BATS,Uncategorized
SVM,Silvercorp Metals Inc. Common Shares,NYSE MKT,Uncategorized
SVOL,Simplify Volatility Premium ETF,NYSE ARCA,Uncategorized
SVRA,"Savara, Inc.",NASDAQ,Uncategorized
SVRE,SaverOne 2014 Ltd. - American Depositary Shares,NASDAQ,Uncategorized
SVREW,SaverOne 2014 Ltd. - Warrant,NASDAQ,Uncategorized
SVRN,OceanPal Inc.,NASDAQ,Uncategorized
SVV,"Savers Value Village, Inc.",NYSE,Uncategorized
SVXY,ProShares Short VIX Short Term Futures ETF,BATS,Uncategorized
SW,Smurfit WestRock plc Ordinary Shares,NYSE,Uncategorized
SWAG,"Stran & Company, Inc.",NASDAQ,Uncategorized
SWAGW,"Stran & Company, Inc. - Warrant",NASDAQ,Uncategorized
SWAN,Amplify BlackSwan Growth & Treasury Core ETF,NYSE ARCA,Uncategorized
SWBI,"Smith & Wesson Brands, Inc.",NASDAQ,Uncategorized
SWIM,"Latham Group, Inc.",NASDAQ,Uncategorized
SWK,"Stanley Black & Decker, Inc.",NYSE,Uncategorized
SWKH,SWK Holdings Corporation,NASDAQ,Uncategorized
SWKHL,SWK Holdings Corporation - 9.00% Senior Notes due 2027,NASDAQ,Uncategorized
SWKS,"Skyworks Solutions, Inc.",NASDAQ,Uncategorized
SWP,SWP Growth & Income ETF,NASDAQ,Uncategorized
SWVL,Swvl Holdings Corp - Ordinary Shares,NASDAQ,Uncategorized
SWVLW,Swvl Holdings Corp - Warrant,NASDAQ,Uncategorized
SWX,"Southwest Gas Holdings, Inc. Common Stock (DE)",NYSE,Uncategorized
SWZ,Total Return Securities Fund,NYSE,Uncategorized
SXC,"SunCoke Energy, Inc.",NYSE,Uncategorized
SXI,Standex International Corporation,NYSE,Uncategorized
SXQG,ETC 6 Meridian Quality Growth ETF,NYSE ARCA,Uncategorized
SXT,Sensient Technologies Corporation,NYSE,Uncategorized
SXTC,"China SXT Pharmaceuticals, Inc.",NASDAQ,Uncategorized
SXTP,"60 Degrees Pharmaceuticals, Inc.",NASDAQ,Uncategorized
SXTPW,"60 Degrees Pharmaceuticals, Inc. - Warrant",NASDAQ,Uncategorized
SY,So-Young International Inc. - American Depository Shares,NASDAQ,Uncategorized
SYBT,"Stock Yards Bancorp, Inc.",NASDAQ,Uncategorized
SYF,Synchrony Financial,NYSE,Uncategorized
SYF$A,"Synchrony Financial Depositary Shares, each Representing a 1/40th Interest in a Share of 5.625% Fixed Rate Non-Cumulative Perpetual Preferred Stock, Series A",NYSE,Uncategorized
SYF$B,"Synchrony Financial Depositary Shares Each Representing a 1/40th Interest in a Share of 8.250% Fixed Rate Reset Non-Cumulative Perpetual Preferred Stock, Series B",NYSE,Uncategorized
SYFI,AB Short Duration High Yield ETF,NYSE ARCA,Uncategorized
SYK,Stryker Corporation,NYSE,Uncategorized
SYLD,Cambria Shareholder Yield ETF,BATS,Uncategorized
SYM,Symbotic Inc. - Class A,NASDAQ,Uncategorized
SYNA,Synaptics Incorporated,NASDAQ,Uncategorized
SYNX,Silynxcom Ltd. Ordinary Shares,NYSE MKT,Uncategorized
SYPR,"Sypris Solutions, Inc.",NASDAQ,Uncategorized
SYRE,"Spyre Therapeutics, Inc.",NASDAQ,Uncategorized
SYSB,iShares Systematic Bond ETF,BATS,Uncategorized
SYY,Sysco Corporation,NYSE,Uncategorized
SYZ,Lazard US Systematic Small Cap Equity ETF,NASDAQ,Uncategorized
SZK,ProShares UltraShort Consumer Staples,NYSE ARCA,Uncategorized
SZNE,Pacer CFRA-Stovall Equal Weight Seasonal Rotation ETF,NYSE ARCA,Uncategorized
SZZL,Sizzle Acquisition Corp. II,NASDAQ,Uncategorized
SZZLR,Sizzle Acquisition Corp. II - Right,NASDAQ,Uncategorized
SZZLU,Sizzle Acquisition Corp. II,NASDAQ,Uncategorized
T,AT&T Inc.,NYSE,Uncategorized
T$A,"AT&T Inc. Depositary Shares, each representing a 1/1,000th interest in a share of 5.000% Perpetual Preferred Stock, Series A",NYSE,Uncategorized
T$C,"AT&T Inc. Depositary Shares, each representing a 1/1,000th interest in a share of 4.750% Perpetual Preferred Stock, Series C",NYSE,Uncategorized
TABD,Transamerica Bond Active ETF,NYSE ARCA,Uncategorized
TAC,TransAlta Corporation Ordinary Shares,NYSE,Uncategorized
TACH,Titan Acquisition Corp.,NASDAQ,Uncategorized
TACHU,Titan Acquisition Corp.,NASDAQ,Uncategorized
TACHW,Titan Acquisition Corp. - Warrants,NASDAQ,Uncategorized
TACK,Fairlead Tactical Sector ETF,NYSE ARCA,Uncategorized
TACN,T. Rowe Price Active Core International Equity ETF,NYSE ARCA,Uncategorized
TACO,Berto Acquisition Corp. - Ordinary Shares,NASDAQ,Uncategorized
TACOU,Berto Acquisition Corp.,NASDAQ,Uncategorized
TACOW,Berto Acquisition Corp. - Warrant,NASDAQ,Uncategorized
TACT,TransAct Technologies Incorporated,NASDAQ,Uncategorized
TACU,T. Rowe Price Active Core U.S. Equity ETF,NYSE ARCA,Uncategorized
TAFI,AB Tax-Aware Short Duration Municipal ETF,NYSE ARCA,Uncategorized
TAFL,AB Tax-Aware Long Municipal ETF,NYSE ARCA,Uncategorized
TAFM,AB Tax-Aware Intermediate Municipal ETF,NYSE ARCA,Uncategorized
TAGG,T. Rowe Price QM U.S. Bond ETF,NYSE ARCA,Uncategorized
TAGS,Teucrium Agricultural Fund ETV,NYSE ARCA,Uncategorized
TAIL,Cambria Tail Risk ETF,BATS,Uncategorized
TAK,Takeda Pharmaceutical Company Limited American Depositary Shares (each representing 1/2 of a share of Common Stock),NYSE,Uncategorized
TAL,TAL Education Group American Depositary Shares,NYSE,Uncategorized
TALK,"Talkspace, Inc.",NASDAQ,Uncategorized
TALKW,"Talkspace, Inc. - Warrant",NASDAQ,Uncategorized
TALO,"Talos Energy, Inc.",NYSE,Uncategorized
TALV,Transamerica Large Value Active ETF,NYSE ARCA,Uncategorized
TAN,Invesco Solar ETF,NYSE ARCA,Uncategorized
TANH,Tantech Holdings Ltd.,NASDAQ,Uncategorized
TAOP,Taoping Inc. - Ordinary Shares,NASDAQ,Uncategorized
TAOX,Tao Synergies Inc.,NASDAQ,Uncategorized
TAP,Molson Coors Beverage Company Class B,NYSE,Uncategorized
TAP.A,Molson Coors Beverage Company Class A,NYSE,Uncategorized
TAPR,Innovator Equity Defined Protection ETF - 2 Yr to April 2027,BATS,Uncategorized
TARA,"Protara Therapeutics, Inc.",NASDAQ,Uncategorized
TARK,Tradr 2X Long Innovation ETF,NASDAQ,Uncategorized
TARS,"Tarsus Pharmaceuticals, Inc.",NASDAQ,Uncategorized
TASK,"TaskUs, Inc. - Class A",NASDAQ,Uncategorized
TATT,TAT Technologies Ltd. - Ordinary Shares,NASDAQ,Uncategorized
TAVI,Tavia Acquisition Corp. - Ordinary Shares,NASDAQ,Uncategorized
TAVIR,Tavia Acquisition Corp. - Right,NASDAQ,Uncategorized
TAVIU,Tavia Acquisition Corp.,NASDAQ,Uncategorized
TAX,Cambria Tax Aware ETF,NASDAQ,Uncategorized
TAXE,Intermediate Municipal Income ETF,NASDAQ,Uncategorized
TAXF,American Century Diversified Municipal Bond ETF,NYSE ARCA,Uncategorized
TAXI,Northern Trust Intermediate Tax-Exempt Bond ETF,NASDAQ,Uncategorized
TAXM,BondBloxx IR+M Tax-Aware ETF for Massachusetts Residents,NYSE ARCA,Uncategorized
TAXS,Northern Trust Short-Term Tax-Exempt Bond ETF,NASDAQ,Uncategorized
TAXT,Northern Trust Tax-Exempt Bond ETF,NASDAQ,Uncategorized
TAXX,BondBloxx IR+M Tax-Aware Short Duration ETF,NYSE ARCA,Uncategorized
TAYD,"Taylor Devices, Inc.",NASDAQ,Uncategorized
TBB,AT&T Inc. 5.350% Global Notes due 2066,NYSE,Uncategorized
TBBB,BBB Foods Inc. Class A Common Shares,NYSE,Uncategorized
TBBK,"The Bancorp, Inc.",NASDAQ,Uncategorized
TBCH,Turtle Beach Corporation,NASDAQ,Uncategorized
TBF,ProShares Short 20+ Year Treasury,NYSE ARCA,Uncategorized
TBFC,The Brinsmere Fund  Conservative ETF,NYSE ARCA,Uncategorized
TBFG,The Brinsmere Fund Growth ETF,NYSE ARCA,Uncategorized
TBG,TBG Dividend Focus ETF,NYSE ARCA,Uncategorized
TBH,"Brag House Holdings, Inc.",NASDAQ,Uncategorized
TBHC,"The Brand House Collective, Inc",NASDAQ,Uncategorized
TBI,"TrueBlue, Inc.",NYSE,Uncategorized
TBIL,F/m US Treasury 3 Month Bill Fund,NASDAQ,Uncategorized
TBJL,Innovator 20  Year Treasury Bond 9 Buffer ETF - July,BATS,Uncategorized
TBLA,Taboola.com Ltd. - Ordinary Shares,NASDAQ,Uncategorized
TBLAW,Taboola.com Ltd. - Warrant,NASDAQ,Uncategorized
TBLD,Thornburg Income Builder Opportunities Trust - Closed End Fund,NASDAQ,Uncategorized
TBLL,Invesco Short Term Treasury ETF,NYSE ARCA,Uncategorized
TBLU,Tortoise Global Water Fund,NYSE,Uncategorized
TBMC,Trailblazer Merger Corporation I - Class A,NASDAQ,Uncategorized
TBMCR,Trailblazer Merger Corporation I - Rights,NASDAQ,Uncategorized
TBN,Tamboran Resources Corporation,NYSE,Uncategorized
TBPH,"Theravance Biopharma, Inc. - Ordinary Shares",NASDAQ,Uncategorized
TBRG,"TruBridge, Inc.",NASDAQ,Uncategorized
TBT,ProShares UltraShort Lehman 20  Year Treasury,NYSE ARCA,Uncategorized
TBUX,T. Rowe Price Ultra Short-Term Bond ETF,NYSE ARCA,Uncategorized
TBX,ProShares Short 7 10 Year Treasury,NYSE ARCA,Uncategorized
TBXU,Direxion Daily Biotech Top 5 Bull 2X ETF,NYSE ARCA,Uncategorized
TC,Token Cat Limited - American Depositary Shares,NASDAQ,Uncategorized
TCAF,T. Rowe Price Capital Appreciation Equity ETF,NYSE ARCA,Uncategorized
TCAI,Tortoise AI Infrastructure ETF,NYSE,Uncategorized
TCAL,T. Rowe Price Capital Appreciation Premium Income ETF,NYSE ARCA,Uncategorized
TCBI,"Texas Capital Bancshares, Inc.",NASDAQ,Uncategorized
TCBIO,"Texas Capital Bancshares, Inc. - Depositary Shares 5.75% Fixed Rate Non-Cumulative Perpetual Preferred Stock Series B",NASDAQ,Uncategorized
TCBK,TriCo Bancshares,NASDAQ,Uncategorized
TCBS,"Texas Community Bancshares, Inc.",NASDAQ,Uncategorized
TCBX,"Third Coast Bancshares, Inc.",NYSE,Uncategorized
TCGL,TechCreate Group Ltd. Class A Ordinary Shares,NYSE MKT,Uncategorized
TCHI,iShares MSCI China Multisector Tech ETF,NASDAQ,Uncategorized
TCHP,T. Rowe Price Blue Chip Growth ETF,NYSE ARCA,Uncategorized
TCI,"Transcontinental Realty Investors, Inc.",NYSE,Uncategorized
TCMD,"Tactile Systems Technology, Inc.",NASDAQ,Uncategorized
TCOM,Trip.com Group Limited - American Depositary Shares,NASDAQ,Uncategorized
TCPA,TransCanada PipeLines Limited 6.250% Junior Subordinated Notes due 2085,NYSE,Uncategorized
TCPB,Thrivent Core Plus Bond ETF,NYSE ARCA,Uncategorized
TCPC,BlackRock TCP Capital Corp. - Closed End Fund,NASDAQ,Uncategorized
TCRT,"Alaunos Therapeutics, Inc.",NASDAQ,Uncategorized
TCRX,"TScan Therapeutics, Inc.",NASDAQ,Uncategorized
TCV,Towle Value ETF,NYSE ARCA,Uncategorized
TCX,Tucows Inc.,NASDAQ,Uncategorized
TD,Toronto Dominion Bank (The),NYSE,Uncategorized
TDAC,Translational Development Acquisition Corp. - Ordinary Shares,NASDAQ,Uncategorized
TDACU,Translational Development Acquisition Corp.,NASDAQ,Uncategorized
TDACW,Translational Development Acquisition Corp. - Warrants,NASDAQ,Uncategorized
TDAQ,TappAlpha Innovation 100 Growth & Daily Income ETF,BATS,Uncategorized
TDAX,TDAQ Lift ETF,BATS,Uncategorized
TDAY,"USA TODAY Co., Inc.",NYSE,Uncategorized
TDC,Teradata Corporation,NYSE,Uncategorized
TDEC,FT Vest Emerging Markets Buffer ETF - December,BATS,Uncategorized
TDF,"Templeton Dragon Fund, Inc.",NYSE,Uncategorized
TDG,Transdigm Group Incorporated,NYSE,Uncategorized
TDI,Touchstone Dynamic International ETF,NASDAQ,Uncategorized
TDIC,Dreamland Limited,NASDAQ,Uncategorized
TDIV,First Trust NASDAQ Technology Dividend Index Fund,NASDAQ,Uncategorized
TDOC,"Teladoc Health, Inc.",NYSE,Uncategorized
TDOG,21shares Dogecoin ETF,NASDAQ,Uncategorized
TDS,"Telephone and Data Systems, Inc. Common Shares",NYSE,Uncategorized
TDS$U,"Telephone and Data Systems, Inc. Depositary Shares, Each Representing a 1/1,000th Interest in a 6.625% Series UU Cumulative Redeemable Perpetual Preferred Stock",NYSE,Uncategorized
TDS$V,"Telephone and Data Systems, Inc. Depositary Shares, Each Representing a 1/1,000th Interest in a 6.000% Series VV Cumulative Redeemable Perpetual Preferred Stock",NYSE,Uncategorized
TDSB,ETC Cabana Target Beta ETF,NASDAQ,Uncategorized
TDSC,ETC Cabana Target Drawdown 10 ETF,NASDAQ,Uncategorized
TDTF,FlexShares iBoxx 5 Year Target Duration TIPS Index Fund,NYSE ARCA,Uncategorized
TDTH,Trident Digital Tech Holdings Ltd - American Depository Shares,NASDAQ,Uncategorized
TDTT,FlexShares iBoxx 3 Year Target Duration TIPS Index Fund,NYSE ARCA,Uncategorized
TDUP,ThredUp Inc. - Class A,NASDAQ,Uncategorized
TDV,ProShares S&P Technology Dividend Aristocrats ETF,BATS,Uncategorized
TDVG,T. Rowe Price Dividend Growth ETF,NYSE ARCA,Uncategorized
TDVI,FT Vest Technology Dividend Target Income ETF,BATS,Uncategorized
TDW,Tidewater Inc.,NYSE,Uncategorized
TDWD,Tailwind 2.0 Acquisition Corp.,NASDAQ,Uncategorized
TDWDR,Tailwind 2.0 Acquisition Corp. - Rights,NASDAQ,Uncategorized
TDWDU,Tailwind 2.0 Acquisition Corp.,NASDAQ,Uncategorized
TDY,Teledyne Technologies Incorporated,NYSE,Uncategorized
TE,T1 Energy Inc.,NYSE,Uncategorized
TE.W,"T1 Energy Inc. Warrants, each whole warrant exercisable to purchase one Common Stock at an exercise price of $11.50 per share",NYSE,Uncategorized
TEAD,Teads Holding Co.,NASDAQ,Uncategorized
TEAM,Atlassian Corporation  - Class A,NASDAQ,Uncategorized
TEC,Harbor Transformative Technologies ETF,NYSE ARCA,Uncategorized
TECB,iShares U.S. Tech Breakthrough Multisector ETF,NYSE ARCA,Uncategorized
TECH,Bio-Techne Corp,NASDAQ,Uncategorized
TECK,Teck Resources Ltd Ordinary Shares,NYSE,Uncategorized
TECL,Direxion Technology Bull 3X Shares,NYSE ARCA,Uncategorized
TECS,Direxion Technology Bear 3X Shares,NYSE ARCA,Uncategorized
TECX,"Tectonic Therapeutic, Inc.",NASDAQ,Uncategorized
TEI,"Templeton Emerging Markets Income Fund, Inc.",NYSE,Uncategorized
TEK,iShares Technology Opportunities Active ETF,NYSE ARCA,Uncategorized
TEKX,SPDR Galaxy Transformative Tech Accelerators ETF,NASDAQ,Uncategorized
TEKY,Lazard Next Gen Technologies ETF,NASDAQ,Uncategorized
TEL,TE Connectivity plc Ordinary Shares,NYSE,Uncategorized
TELA,"TELA Bio, Inc.",NASDAQ,Uncategorized
TELO,"Telomir Pharmaceuticals, Inc.",NASDAQ,Uncategorized
TEM,"Tempus AI, Inc. - Class A",NASDAQ,Uncategorized
TEMD,Templeton Emerging Markets Debt ETF,NYSE ARCA,Uncategorized
TEMT,Tradr 2X Long TEM Daily ETF,BATS,Uncategorized
TEMX,Touchstone Sands Capital Emerging Markets ex-China Growth ETF,BATS,Uncategorized
TEN,Tsakos Energy Navigation Ltd Common Shares,NYSE,Uncategorized
TEN$E,"Tsakos Energy Navigation Ltd Series E Fixed-to-Floating Rate Cumulative Redeemable Perpetual Preferred Shares, par value $1.00",NYSE,Uncategorized
TEN$F,"Tsakos Energy Navigation Ltd Series F Fixed-to-Floating Rate Cumulative Redeemable Perpetual Preferred Shares, par value $1.00",NYSE,Uncategorized
TENB,"Tenable Holdings, Inc.",NASDAQ,Uncategorized
TEND,iShares Large Cap 10% Target Buffer Dec ETF,BATS,Uncategorized
TENJ,iShares Large Cap 10% Target Buffer Jun ETF,BATS,Uncategorized
TENM,iShares Large Cap 10% Target Buffer Mar ETF,BATS,Uncategorized
TENX,"Tenax Therapeutics, Inc.",NASDAQ,Uncategorized
TEO,Telecom Argentina SA,NYSE,Uncategorized
TEQI,T. Rowe Price Equity Income ETF,NYSE ARCA,Uncategorized
TER,"Teradyne, Inc.",NASDAQ,Uncategorized
TERG,Leverage Shares 2X Long TER Daily ETF,NASDAQ,Uncategorized
TERN,"Terns Pharmaceuticals, Inc.",NASDAQ,Uncategorized
TESL,Simplify Volt TSLA Revolution ETF,NYSE ARCA,Uncategorized
TEST,YieldMax TSLA Performance & Distribution Target 25 ETF,BATS,Uncategorized
TETH,21Shares Ethereum ETF,BATS,Uncategorized
TEVA,Teva Pharmaceutical Industries Limited American Depositary Shares,NYSE,Uncategorized
TEX,Terex Corporation,NYSE,Uncategorized
TEXN,iShares Texas Equity ETF,NASDAQ,Uncategorized
TEXU,Direxion Daily Energy Top 5 Bull 2X ETF,NYSE ARCA,Uncategorized
TEXX,Horizon Kinetics Texas ETF,NASDAQ,Uncategorized
TFC,Truist Financial Corporation,NYSE,Uncategorized
TFC$I,Truist Financial Corporation Depositary Shares,NYSE,Uncategorized
TFC$O,"Truist Financial Corporation Depositary Shares, Each Representing a 1/1,000th Interest in a Share of Series O Non-Cumulative Perpetual Preferred Stock",NYSE,Uncategorized
TFC$R,"Truist Financial Corporation Depositary Shares, each representing 1/1,000th interest in a share of Series R Non-Cumulative Perpetual Preferred Stock",NYSE,Uncategorized
TFFI,Chesapeake Trend-Following Fixed Income ETF,NYSE ARCA,Uncategorized
TFI,State Street SPDR Nuveen ICE Municipal Bond ETF,NYSE ARCA,Uncategorized
TFII,TFI International Inc. Common Shares,NYSE,Uncategorized
TFIN,"Triumph Financial, Inc.",NYSE,Uncategorized
TFIN$,"Triumph Financial, Inc. Depositary Shares, Each Representing a 1/40th Interest in a Share of 7.125% Series C Fixed-Rate Non-Cumulative Perpetual Preferred Stock",NYSE,Uncategorized
TFJL,Innovator 20  Year Treasury Bond 5 Floor ETF - July,BATS,Uncategorized
TFLO,iShares Treasury Floating Rate Bond ETF,NYSE ARCA,Uncategorized
TFLR,T. Rowe Price Floating Rate ETF,NYSE ARCA,Uncategorized
TFNS,T. Rowe Price Financials ETF,NASDAQ,Uncategorized
TFPM,Triple Flag Precious Metals Corp. Common Shares,NYSE,Uncategorized
TFPN,Blueprint Chesapeake Multi-Asset Trend ETF,NYSE ARCA,Uncategorized
TFSA,"Terra Income Fund 6, LLC 7.00% Notes due 2026",NYSE,Uncategorized
TFSL,TFS Financial Corporation,NASDAQ,Uncategorized
TFX,Teleflex Incorporated,NYSE,Uncategorized
TG,Tredegar Corporation,NYSE,Uncategorized
TGB,"Taseko Mines, Ltd.",NYSE MKT,Uncategorized
TGE,The Generation Essentials Group Class A Ordinary Shares,NYSE,Uncategorized
TGE.W,"The Generation Essentials Group Warrants, each whole warrant exercisable for one Class A Ordinary Share",NYSE MKT,Uncategorized
TGEN,Tecogen Inc.,NYSE MKT,Uncategorized
TGHL,The GrowHub Limited,NASDAQ,Uncategorized
TGL,Treasure Global Inc.,NASDAQ,Uncategorized
TGLB,T. Rowe Price Global Equity ETF,NYSE ARCA,Uncategorized
TGLR,LAFFER TENGLER Equity Income ETF,BATS,Uncategorized
TGLS,Tecnoglass Inc. Ordinary Shares,NYSE,Uncategorized
TGNA,TEGNA Inc,NYSE,Uncategorized
TGRT,T. Rowe Price Growth ETF,NYSE ARCA,Uncategorized
TGRW,T. Rowe Price Growth Stock ETF,NYSE ARCA,Uncategorized
TGS,Transportadora de Gas del Sur SA TGS,NYSE,Uncategorized
TGT,Target Corporation,NYSE,Uncategorized
TGTX,"TG Therapeutics, Inc.",NASDAQ,Uncategorized
TH,Target Hospitality Corp.,NASDAQ,Uncategorized
THC,Tenet Healthcare Corporation,NYSE,Uncategorized
THCH,TH International Limited - Ordinary shares,NASDAQ,Uncategorized
THD,iShares MSCI Thailand ETF,NYSE ARCA,Uncategorized
THEQ,T. Rowe Price Hedged Equity ETF,NYSE ARCA,Uncategorized
THFF,First Financial Corporation,NASDAQ,Uncategorized
THG,Hanover Insurance Group Inc,NYSE,Uncategorized
THH,TryHard Holdings Limited - Ordinary Shares,NASDAQ,Uncategorized
THIR,THOR Index Rotation ETF,NYSE,Uncategorized
THLV,THOR Equal Weight Low Volatility ETF,NYSE,Uncategorized
THM,"International Tower Hill Mines, Ltd. Ordinary Shares (Canada)",NYSE MKT,Uncategorized
THMZ,Lazard Equity Megatrends ETF,NASDAQ,Uncategorized
THNQ,ROBO Global Artificial Intelligence ETF,NYSE ARCA,Uncategorized
THNR,Amplify Weight Loss Drug & Treatment ETF,NYSE ARCA,Uncategorized
THO,"Thor Industries, Inc.",NYSE,Uncategorized
THQ,abrdn Healthcare Opportunities Fund Shares of Beneficial Interest,NYSE,Uncategorized
THR,"Thermon Group Holdings, Inc.",NYSE,Uncategorized
THRM,Gentherm Inc,NASDAQ,Uncategorized
THRO,iShares U.S. Thematic Rotation Active ETF,NYSE ARCA,Uncategorized
THRV,Prospera Income ETF,NASDAQ,Uncategorized
THRY,"Thryv Holdings, Inc.",NASDAQ,Uncategorized
THTA,SoFi Enhanced Yield ETF,NYSE ARCA,Uncategorized
THW,abrdn World Healthcare Fund Shares of Beneficial Interest,NYSE,Uncategorized
THY,Toews Agility Shares Dynamic Tactical Income ETF,NYSE ARCA,Uncategorized
THYF,T. Rowe Price U.S. High Yield ETF,NYSE ARCA,Uncategorized
THYM,T. Rowe Price High Income Municipal ETF,NASDAQ,Uncategorized
TIC,"TIC Solutions, Inc.",NYSE,Uncategorized
TIER,T. Rowe Price International Equity Research ETF,NYSE ARCA,Uncategorized
TIGO,Millicom International Cellular S.A.,NASDAQ,Uncategorized
TIGR,UP Fintech Holding Limited - American Depositary Shares representing fifteen Class A Ordinary Shares,NASDAQ,Uncategorized
TII,Titan Mining Corporation Common Shares,NYSE MKT,Uncategorized
TIIV,AAM Todd International Intrinsic Value ETF,NYSE ARCA,Uncategorized
TIL,"Instil Bio, Inc.",NASDAQ,Uncategorized
TILE,"Interface, Inc.",NASDAQ,Uncategorized
TILL,Teucrium Agricultural Strategy No K-1 ETF,NYSE ARCA,Uncategorized
TILT,FlexShares Mornigstar US Market Factors Tilt Index Fund ETF,BATS,Uncategorized
TIMB,TIM S.A. American Depositary Shares (Each representing 5 Common Shares),NYSE,Uncategorized
TIME,Clockwise U.S. Core Equity ETF,NYSE ARCA,Uncategorized
TINS,Templeton International Insights ETF,NYSE ARCA,Uncategorized
TINT,ProShares Smart Materials ETF,NYSE ARCA,Uncategorized
TINY,ProShares Nanotechnology ETF,NYSE ARCA,Uncategorized
TIP,iShares TIPS Bond ETF,NYSE ARCA,Uncategorized
TIPA,Northern Trust 2030 Inflation-Linked Distributing Ladder ETF,NYSE ARCA,Uncategorized
TIPB,Northern Trust 2035 Inflation-Linked Distributing Ladder ETF,NYSE ARCA,Uncategorized
TIPC,Northern Trust 2045 Inflation-Linked Distributing Ladder ETF,NYSE ARCA,Uncategorized
TIPD,Northern Trust 2055 Inflation-Linked Distributing Ladder ETF,NYSE ARCA,Uncategorized
TIPT,Tiptree Inc.,NASDAQ,Uncategorized
TIPX,State Street SPDR Bloomberg 1a??10 Year TIPS ETF,NYSE ARCA,Uncategorized
TIPZ,PIMCO Broad U.S. TIPS Index Exchange-Traded Fund,NYSE ARCA,Uncategorized
TIRX,TIAN RUIXIANG Holdings Ltd,NASDAQ,Uncategorized
TISI,"Team, Inc.",NYSE,Uncategorized
TITN,Titan Machinery Inc.,NASDAQ,Uncategorized
TIVC,"Tivic Health Systems, Inc.",NASDAQ,Uncategorized
TJAN,Innovator Equity Defined Protection ETF - 2 Yr to January 2027,BATS,Uncategorized
TJGC,TJGC Group Limited - ordinary shares,NASDAQ,Uncategorized
TJUL,Innovator Equity Defined Protection ETF - 2 Yr to July 2027,BATS,Uncategorized
TJUN,FT Vest Emerging Markets Buffer ETF - June,BATS,Uncategorized
TJX,"TJX Companies, Inc. (The)",NYSE,Uncategorized
TK,Teekay Corporation Ltd.,NYSE,Uncategorized
TKC,Turkcell Iletisim Hizmetleri AS,NYSE,Uncategorized
TKLF,"Tokyo Lifestyle Co., Ltd. - American Depositary Shares",NASDAQ,Uncategorized
TKNO,"Alpha Teknova, Inc.",NASDAQ,Uncategorized
TKNQ,Amplify Tokenization Technology ETF,NYSE ARCA,Uncategorized
TKO,"TKO Group Holdings, Inc. Class A",NYSE,Uncategorized
TKR,Timken Company (The),NYSE,Uncategorized
TLA,GraniteShares Autocallable TSLA ETF,NASDAQ,Uncategorized
TLCI,Touchstone International Equity ETF,NYSE ARCA,Uncategorized
TLDR,The Laddered T-Bill ETF,BATS,Uncategorized
TLF,"Tandy Leather Factory, Inc.",NASDAQ,Uncategorized
TLH,iShares 10-20 Year Treasury Bond ETF,NYSE ARCA,Uncategorized
TLIH,Ten-League International Holdings Limited - Ordinary Shares,NASDAQ,Uncategorized
TLK,"PT Telekomunikasi Indonesia, Tbk",NYSE,Uncategorized
TLN,Talen Energy Corporation,NASDAQ,Uncategorized
TLNC,Talon Capital Corp.,NASDAQ,Uncategorized
TLNCU,Talon Capital Corp.,NASDAQ,Uncategorized
TLNCW,Talon Capital Corp. - Warrants,NASDAQ,Uncategorized
TLPH,"Talphera, Inc.",NASDAQ,Uncategorized
TLRY,"Tilray Brands, Inc.",NASDAQ,Uncategorized
TLS,Telos Corporation,NASDAQ,Uncategorized
TLSA,Tiziana Life Sciences Ltd - Common Shares,NASDAQ,Uncategorized
TLSI,"TriSalus Life Sciences, Inc.",NASDAQ,Uncategorized
TLSIW,"TriSalus Life Sciences, Inc. - Warrant",NASDAQ,Uncategorized
TLT,iShares 20+ Year Treasury Bond ETF,NASDAQ,Uncategorized
TLTD,FlexShares Morningstar Developed Markets ex-US Factor Tilt Index Fund,NYSE ARCA,Uncategorized
TLTE,FlexShares Morningstar Emerging Markets Factor Tilt Index Fund,NYSE ARCA,Uncategorized
TLTI,NEOS Enhanced Income 20+ Year Treasury Bond ETF,BATS,Uncategorized
TLTP,Amplify TLT U.S. Treasury 12% Option Income ETF,BATS,Uncategorized
TLTW,iShares 20+ Year Treasury Bond BuyWrite Strategy ETF,BATS,Uncategorized
TLTX,Global X Treasury Bond Enhanced Income ETF,BATS,Uncategorized
TLX,Telix Pharmaceuticals Limited - American Depositary Shares,NASDAQ,Uncategorized
TLYS,"Tilly's, Inc.",NYSE,Uncategorized
TM,Toyota Motor Corporation,NYSE,Uncategorized
TMAR,FT Vest Emerging Markets Buffer ETF - March,BATS,Uncategorized
TMAT,Main Thematic Innovation ETF,BATS,Uncategorized
TMB,Thornburg Multi Sector Bond ETF,NASDAQ,Uncategorized
TMC,TMC the metals company Inc.,NASDAQ,Uncategorized
TMCI,"Treace Medical Concepts, Inc.",NASDAQ,Uncategorized
TMCWW,TMC the metals company Inc. - Warrant,NASDAQ,Uncategorized
TMDE,TMD Energy Limited Ordinary Shares,NYSE MKT,Uncategorized
TMDV,ProShares Russell US Dividend Growers ETF,BATS,Uncategorized
TMDX,"TransMedics Group, Inc.",NASDAQ,Uncategorized
TME,"Tencent Music Entertainment Group American Depositary Shares, each representing two Class A Ordinary Shares",NYSE,Uncategorized
TMED,T. Rowe Price Health Care ETF,NASDAQ,Uncategorized
TMET,iShares Transition-Enabling Metals ETF,NASDAQ,Uncategorized
TMF,Direxion Daily 20-Yr Treasury Bull 3x Shrs,NYSE ARCA,Uncategorized
TMFC,Motley Fool 100 Index ETF ETF,BATS,Uncategorized
TMFE,Motley Fool Capital Efficiency 100 Index ETF,BATS,Uncategorized
TMFG,Motley Fool Global Opportunities ETF,BATS,Uncategorized
TMFM,Motley Fool Mid-Cap Growth ETF,BATS,Uncategorized
TMFS,Motley Fool Small-Cap Growth ETF,BATS,Uncategorized
TMFX,Motley Fool Next Index ETF,BATS,Uncategorized
TMH,Toyota Motor Corporation ADRhedged,NYSE ARCA,Uncategorized
TMHC,Taylor Morrison Home Corporation,NYSE,Uncategorized
TMLP,Tortoise MLP ETF,NYSE ARCA,Uncategorized
TMNL,T. Rowe Price Long Municipal Income ETF,NASDAQ,Uncategorized
TMNS,T. Rowe Price Short Municipal Income ETF,NASDAQ,Uncategorized
TMO,Thermo Fisher Scientific Inc,NYSE,Uncategorized
TMP,Tompkins Financial Corporation,NYSE MKT,Uncategorized
TMQ,Trilogy Metals Inc.,NYSE MKT,Uncategorized
TMSF,T. Rowe Price Multi-Sector Income ETF,NASDAQ,Uncategorized
TMSL,T. Rowe Price Small-Mid Cap ETF,NYSE ARCA,Uncategorized
TMTSU,Spartacus Acquisition Corp. II,NASDAQ,Uncategorized
TMUS,"T-Mobile US, Inc.",NASDAQ,Uncategorized
TMUSI,"T-Mobile US, Inc. - 5.500% Senior Notes due June 2070",NASDAQ,Uncategorized
TMUSL,"T-Mobile US, Inc. - 6.250% Senior Notes due 2069",NASDAQ,Uncategorized
TMUSZ,"T-Mobile US, Inc. - 5.500% Senior Notes due March 2070",NASDAQ,Uncategorized
TMV,Direxion Daily 20-Year Treasury Bear 3X,NYSE ARCA,Uncategorized
TMVE,Thrivent Mid Cap Value ETF,NYSE ARCA,Uncategorized
TNA,Direxion Small Cap Bull 3X Shares,NYSE ARCA,Uncategorized
TNC,Tennant Company,NYSE,Uncategorized
TNDM,"Tandem Diabetes Care, Inc.",NASDAQ,Uncategorized
TNET,"TriNet Group, Inc.",NYSE,Uncategorized
TNGX,"Tango Therapeutics, Inc.",NASDAQ,Uncategorized
TNGY,Tortoise Energy Fund,NYSE,Uncategorized
TNK,Teekay Tankers Ltd.,NYSE,Uncategorized
TNL,Travel   Leisure Co. Common  Stock,NYSE,Uncategorized
TNMG,TNL Mediagene - Ordinary Shares,NASDAQ,Uncategorized
TNON,"Tenon Medical, Inc.",NASDAQ,Uncategorized
TNONW,"Tenon Medical, Inc. - Warrant",NASDAQ,Uncategorized
TNUK,Tortoise Nuclear Renaissance ETF,NYSE ARCA,Uncategorized
TNXP,Tonix Pharmaceuticals Holding Corp.,NASDAQ,Uncategorized
TNXT,T. Rowe Price Innovation Leaders ETF,NASDAQ,Uncategorized
TNYA,"Tenaya Therapeutics, Inc.",NASDAQ,Uncategorized
TOAK,Manager Directed Portfolios Twin Oak Short Horizon Absolute Return ETF,NYSE ARCA,Uncategorized
TOCT,Innovator Equity Defined Protection ETF - 2 Yr to October 2027,BATS,Uncategorized
TOGA,Managed Portfolio Series Tremblant Global ETF,NYSE ARCA,Uncategorized
TOI,"The Oncology Institute, Inc.",NASDAQ,Uncategorized
TOIIW,"The Oncology Institute, Inc. - Warrant",NASDAQ,Uncategorized
TOK,iShares MSCI Kokusai ETF,NYSE ARCA,Uncategorized
TOKE,Cambria Cannabis ETF,BATS,Uncategorized
TOL,"Toll Brothers, Inc.",NYSE,Uncategorized
TOLL,Tema Monopolies and Oligopolies ETF,BATS,Uncategorized
TOLZ,ProShares DJ Brookfield Global Infrastructure ETF,NYSE ARCA,Uncategorized
TOMZ,"TOMI Environmental Solutions, Inc.",NASDAQ,Uncategorized
TONX,TON Strategy Company,NASDAQ,Uncategorized
TOON,"Kartoon Studios, Inc.",NYSE MKT,Uncategorized
TOP,TOP Financial Group Limited,NASDAQ,Uncategorized
TOPC,iShares S&P 500 3% Capped ETF,NYSE ARCA,Uncategorized
TOPP,Toppoint Holdings Inc.,NYSE MKT,Uncategorized
TOPS,"TOP Ships, Inc.",NYSE MKT,Uncategorized
TOPT,iShares Top 20 U.S. Stocks ETF,NYSE ARCA,Uncategorized
TORO,Toro Corp.,NASDAQ,Uncategorized
TOS,Twin Oak Strategic Solutions ETF,BATS,Uncategorized
TOST,"Toast, Inc. Class A",NYSE,Uncategorized
TOT,LionShares U.S. Equity Total Return ETF,NYSE ARCA,Uncategorized
TOTL,State Street DoubleLine Total Return Tactical ETF,NYSE ARCA,Uncategorized
TOTR,T. Rowe Price Total Return ETF,NYSE ARCA,Uncategorized
TOUR,Tuniu Corporation - American Depositary Shares,NASDAQ,Uncategorized
TOUS,T. Rowe Price International Equity ETF,NYSE ARCA,Uncategorized
TOV,JLens 500 Jewish Advocacy U.S. ETF,NYSE ARCA,Uncategorized
TOVX,"Theriva Biologics, Inc.",NYSE MKT,Uncategorized
TOWN,Towne Bank,NASDAQ,Uncategorized
TOXR,Shares of Beneficial Interest,BATS,Uncategorized
TOYO,"TOYO Co., Ltd - Ordinary Shares",NASDAQ,Uncategorized
TPAY,Roundhill S&P 500 Target 10 Managed Distribution ETF,BATS,Uncategorized
TPB,"Turning Point Brands, Inc.",NYSE,Uncategorized
TPC,Tutor Perini Corporation,NYSE,Uncategorized
TPCS,TechPrecision Corporation,NASDAQ,Uncategorized
TPET,Trio Petroleum Corp.,NYSE MKT,Uncategorized
TPG,TPG Inc. - Class A,NASDAQ,Uncategorized
TPGXL,TPG Inc. - 6.950% Fixed-Rate Junior Subordinated Notes due 2064,NASDAQ,Uncategorized
TPH,"Tri Pointe Homes, Inc.",NYSE,Uncategorized
TPHD,Timothy Plan High Dividend Stock ETF,NYSE ARCA,Uncategorized
TPIF,Timothy Plan International ETF,NYSE ARCA,Uncategorized
TPL,Texas Pacific Land Corporation,NYSE,Uncategorized
TPLC,Timothy Plan US Large/Mid Cap Core ETF,NYSE ARCA,Uncategorized
TPLS,Thornburg Core Plus Bond ETF,NASDAQ,Uncategorized
TPOR,Direxion Daily Transportation Bull 3X Shares,NYSE ARCA,Uncategorized
TPR,"Tapestry, Inc.",NYSE,Uncategorized
TPRY,VistaShares Target 15 TEPRTantrum Contrarian Distribution ETF,NYSE ARCA,Uncategorized
TPSC,Timothy Plan US Small Cap Core ETF,NYSE ARCA,Uncategorized
TPST,"Tempest Therapeutics, Inc.",NASDAQ,Uncategorized
TPTA,"Terra Property Trust, Inc. 6.00% Notes due 2026",NYSE,Uncategorized
TPVG,TriplePoint Venture Growth BDC Corp.,NYSE,Uncategorized
TPYP,Tortoise North American Pipeline Fund,NYSE,Uncategorized
TPZ,Tortoise Electrification Infrastructure ETF,NYSE,Uncategorized
TQQQ,ProShares UltraPro QQQ,NASDAQ,Uncategorized
TQQY,GraniteShares YieldBOOST QQQ ETF,NASDAQ,Uncategorized
TR,"Tootsie Roll Industries, Inc.",NYSE,Uncategorized
TRAD.U,"APEX Tech Acquisition Inc. Units, each consisting of one Class A ordinary share and one right to receive one sixth (1/6) of a Class A ordinary share",NYSE,Uncategorized
TRAK,"ReposiTrak, Inc.",NYSE,Uncategorized
TRAW,"Traws Pharma, Inc.",NASDAQ,Uncategorized
TRBF,Angel Oak Total Return ETF,NASDAQ,Uncategorized
TRC,Tejon Ranch Co,NYSE,Uncategorized
TRDA,"Entrada Therapeutics, Inc.",NASDAQ,Uncategorized
TREE,"LendingTree, Inc.",NASDAQ,Uncategorized
TREX,"Trex Company, Inc.",NYSE,Uncategorized
TRFK,Pacer Data and Digital Revolution ETF,NYSE ARCA,Uncategorized
TRFM,AAM Transformers ETF,NYSE ARCA,Uncategorized
TRGP,"Targa Resources, Inc.",NYSE,Uncategorized
TRGSU,TRG Latin America Acquisitions Corp.,NASDAQ,Uncategorized
TRI,Thomson Reuters Corp - Common Shares,NASDAQ,Uncategorized
TRIB,Trinity Biotech plc - American Depositary Shares,NASDAQ,Uncategorized
TRIN,Trinity Capital Inc.,NASDAQ,Uncategorized
TRINI,Trinity Capital Inc. - 7.875% Notes Due 2029,NASDAQ,Uncategorized
TRINZ,Trinity Capital Inc. - 7.875% Notes due 2029,NASDAQ,Uncategorized
TRIO,MC Trio Equity Buffered ETF,BATS,Uncategorized
TRIP,"TripAdvisor, Inc.",NASDAQ,Uncategorized
TRMB,Trimble Inc.,NASDAQ,Uncategorized
TRMD,TORM plc - Class A,NASDAQ,Uncategorized
TRMK,Trustmark Corporation,NASDAQ,Uncategorized
TRN,"Trinity Industries, Inc.",NYSE,Uncategorized
TRND,Pacer Trendpilot Fund of Funds ETF,NYSE ARCA,Uncategorized
TRNO,Terreno Realty Corporation,NYSE,Uncategorized
TRNR,Interactive Strength Inc.,NASDAQ,Uncategorized
TRNS,"Transcat, Inc.",NASDAQ,Uncategorized
TRON,Tron Inc.,NASDAQ,Uncategorized
TROO,"TROOPS, Inc.  - Ordinary Shares",NASDAQ,Uncategorized
TROT,Invesco MSCI Treasury Duration Rotation ETF,NYSE ARCA,Uncategorized
TROW,"T. Rowe Price Group, Inc.",NASDAQ,Uncategorized
TROX,Tronox Holdings plc Ordinary Shares (UK),NYSE,Uncategorized
TRP,TC Energy Corporation,NYSE,Uncategorized
TRPA,Hartford AAA CLO ETF,BATS,Uncategorized
TRS,TriMas Corporation,NASDAQ,Uncategorized
TRSG,Tungray Technologies Inc,NASDAQ,Uncategorized
TRST,TrustCo Bank Corp NY,NASDAQ,Uncategorized
TRSY,Xtrackers US 0-1 Year Treasury ETF,BATS,Uncategorized
TRT,Trio-Tech International,NYSE MKT,Uncategorized
TRTN$A,Triton International Limited 8.50% Series A Cumulative Redeemable Perpetual  Preference Shares,NYSE,Uncategorized
TRTN$B,Triton International Limited 8.00% Series B Cumulative Redeemable Perpetual Preference Shares,NYSE,Uncategorized
TRTN$C,Triton International Limited 7.375% Series C Cumulative Redeemable Perpetual Preference Shares,NYSE,Uncategorized
TRTN$D,Triton International Limited 6.875% Series D Cumulative Redeemable Perpetual Preference Shares,NYSE,Uncategorized
TRTN$E,Triton International Limited 5.75% Series E Cumulative Redeemable Perpetual Preference Shares,NYSE,Uncategorized
TRTN$F,Triton International Limited 7.625% Series F Cumulative Redeemable Perpetual Preference Shares,NYSE,Uncategorized
TRTN$G,Triton International Limited 7.500% Series G Cumulative Redeemable Perpetual Preference Shares,NYSE,Uncategorized
TRTX,"TPG RE Finance Trust, Inc.",NYSE,Uncategorized
TRTX$C,"TPG RE Finance Trust, Inc. 6.25% Series C Cumulative Redeemable Preferred Stock, $0.001 par value per share",NYSE,Uncategorized
TRTY,Cambria Trinity ETF,BATS,Uncategorized
TRU,TransUnion,NYSE,Uncategorized
TRUC,VanEck Communication Services TruSector ETF,NASDAQ,Uncategorized
TRUD,VanEck Consumer Discretionary TruSector ETF,NASDAQ,Uncategorized
TRUG,"TruGolf Holdings, Inc. - Class A",NASDAQ,Uncategorized
TRUP,"Trupanion, Inc.",NASDAQ,Uncategorized
TRUT,VanEck Technology TruSector ETF,NASDAQ,Uncategorized
TRV,"The Travelers Companies, Inc.",NYSE,Uncategorized
TRVG,trivago N.V. - American Depositary Shares,NASDAQ,Uncategorized
TRVI,"Trevi Therapeutics, Inc.",NASDAQ,Uncategorized
TRX,TRX Gold Corporation,NYSE MKT,Uncategorized
TS,Tenaris S.A. American Depositary Shares,NYSE,Uncategorized
TSAT,Telesat Corporation,NASDAQ,Uncategorized
TSBK,"Timberland Bancorp, Inc.",NASDAQ,Uncategorized
TSCM,TimesSquare Quality Mid Cap Growth ETF,NASDAQ,Uncategorized
TSCO,Tractor Supply Company,NASDAQ,Uncategorized
TSCV,Thrivent Small Cap Value ETF,NYSE ARCA,Uncategorized
TSDD,GraniteShares 2x Short TSLA Daily ETF,NASDAQ,Uncategorized
TSE,Trinseo PLC Ordinary Shares,NYSE,Uncategorized
TSEC,Touchstone Securitized Income ETF,NYSE ARCA,Uncategorized
TSEL,Touchstone Sands Capital US Select Growth ETF,NASDAQ,Uncategorized
TSEM,Tower Semiconductor Ltd. - Ordinary Shares,NASDAQ,Uncategorized
TSEP,FT Vest Emerging Market Buffer ETF - September,BATS,Uncategorized
TSES,Truth Social American Energy Security ETF,NYSE ARCA,Uncategorized
TSHA,"Taysha Gene Therapies, Inc.",NASDAQ,Uncategorized
TSI,"TCW Strategic Income Fund, Inc.",NYSE,Uncategorized
TSI.R,"TCW Strategic Income Fund, Inc. Rights (expiring March 18, 2026) Rights",NYSE,Uncategorized
TSIC,Truth Social American Icons ETF,NYSE ARCA,Uncategorized
TSII,REX TSLA Growth & Income ETF,BATS,Uncategorized
TSL,GraniteShares 1.25x Long TSLA Daily ETF,NASDAQ,Uncategorized
TSLA,"Tesla, Inc.",NASDAQ,Uncategorized
TSLG,Leverage Shares 2X Long TSLA Daily ETF,NASDAQ,Uncategorized
TSLI,ProShares Ultra TSLA,NYSE ARCA,Uncategorized
TSLL,Direxion Daily TSLA Bull 2X Shares,NASDAQ,Uncategorized
TSLO,Leverage Shares 2x Capped Accelerated TSLA Monthly ETF,BATS,Uncategorized
TSLP,Kurv Yield Premium Strategy Tesla (TSLA) ETF,BATS,Uncategorized
TSLQ,Tradr 2X Short TSLA Daily ETF,NASDAQ,Uncategorized
TSLR,GraniteShares 2x Long TSLA Daily ETF,NASDAQ,Uncategorized
TSLS,Direxion Daily TSLA Bear 1X Shares,NASDAQ,Uncategorized
TSLT,T-REX 2X Long Tesla Daily Target ETF,BATS,Uncategorized
TSLW,Roundhill TSLA WeeklyPay ETF,BATS,Uncategorized
TSLX,"Sixth Street Specialty Lending, Inc.",NYSE,Uncategorized
TSLY,YieldMax TSLA Option Income Strategy ETF,NYSE ARCA,Uncategorized
TSLZ,T-Rex 2X Inverse Tesla Daily Target ETF,BATS,Uncategorized
TSM,Taiwan Semiconductor Manufacturing Company Ltd.,NYSE,Uncategorized
TSME,Thrivent Small-Mid Cap Equity ETF,NYSE ARCA,Uncategorized
TSMG,Leverage Shares 2X Long TSM Daily ETF,NASDAQ,Uncategorized
TSMU,GraniteShares 2x Long TSM Daily ETF,NASDAQ,Uncategorized
TSMX,Direxion Daily TSM Bull 2X Shares,NASDAQ,Uncategorized
TSMY,YieldMax TSM Option Income Strategy ETF,NYSE ARCA,Uncategorized
TSMZ,Direxion Daily TSM Bear 1X Shares,NASDAQ,Uncategorized
TSN,"Tyson Foods, Inc.",NYSE,Uncategorized
TSNF,Truth Social American Next Frontiers ETF,NYSE ARCA,Uncategorized
TSOL,21Shares Solana ETF,BATS,Uncategorized
TSPA,T. Rowe Price U.S. Equity Research ETF,NYSE ARCA,Uncategorized
TSPX,Twin Oak Active Opportunities ETF,BATS,Uncategorized
TSPY,TappAlpha SPY Growth & Daily Income ETF,NASDAQ,Uncategorized
TSQ,"Townsquare Media, Inc. Class A",NYSE,Uncategorized
TSRS,Truth Social American Red State REITs ETF,NYSE ARCA,Uncategorized
TSSD,Truth Social American Security & Defense ETF,NYSE ARCA,Uncategorized
TSSI,"TSS, Inc.",NASDAQ,Uncategorized
TSUI,21Shares Sui ETF,NASDAQ,Uncategorized
TSXD,Direxion Daily Semiconductors Top 5 Bear 2X ETF,NYSE ARCA,Uncategorized
TSXU,Direxion Daily Semiconductors Top 5 Bull 2X ETF,NYSE ARCA,Uncategorized
TSYW,Roundhill Treasury Bond WeeklyPay ETF,BATS,Uncategorized
TSYX,TSPY Lift ETF,NASDAQ,Uncategorized
TSYY,GraniteShares YieldBOOST TSLA ETF,NASDAQ,Uncategorized
TT,Trane Technologies plc,NYSE,Uncategorized
TTAM,Titan America SA Common Shares,NYSE,Uncategorized
TTAN,"ServiceTitan, Inc. - Class A",NASDAQ,Uncategorized
TTC,Toro Company (The),NYSE,Uncategorized
TTD,"The Trade Desk, Inc. - Class A",NASDAQ,Uncategorized
TTDU,T-REX 2X Long TTD Daily Target ETF,BATS,Uncategorized
TTE,TotalEnergies SE Ordinary Shares,NYSE,Uncategorized
TTEC,"TTEC Holdings, Inc.",NASDAQ,Uncategorized
TTEK,"Tetra Tech, Inc.",NASDAQ,Uncategorized
TTEQ,T. Rowe Price Technology ETF,NASDAQ,Uncategorized
TTGT,"TechTarget, Inc.",NASDAQ,Uncategorized
TTI,"Tetra Technologies, Inc.",NYSE,Uncategorized
TTMI,"TTM Technologies, Inc.",NASDAQ,Uncategorized
TTOP,21Shares FTSE Crypto 10 Index ETF,NYSE ARCA,Uncategorized
TTRX,Turn Therapeutics Inc.,NASDAQ,Uncategorized
TTT,ProShares UltraPro Short 20 Year Treasury,NYSE ARCA,Uncategorized
TTWO,"Take-Two Interactive Software, Inc.",NASDAQ,Uncategorized
TTXD,Direxion Daily Technology Top 5 Bear 2X ETF,NYSE ARCA,Uncategorized
TTXU,Direxion Daily Technology Top 5 Bull 2X ETF,NYSE ARCA,Uncategorized
TU,Telus Corporation Ordinary Shares,NYSE,Uncategorized
TUA,Simplify Short Term Treasury Futures Strategy ETF,NYSE ARCA,Uncategorized
TUG,STF Tactical Growth ETF,NASDAQ,Uncategorized
TUGN,STF Tactical Growth & Income ETF,NASDAQ,Uncategorized
TULP,"Bloomia Holdings, Inc.",NASDAQ,Uncategorized
TUR,iShares MSCI Turkey ETF,NASDAQ,Uncategorized
TURB,"Turbo Energy, S.A. - American Depositary Shares",NASDAQ,Uncategorized
TURF,T. Rowe Price Natural Resources ETF,NASDAQ,Uncategorized
TUSB,Thrivent Ultra Short Bond ETF,NYSE ARCA,Uncategorized
TUSI,Touchstone Ultra Short Income ETF,BATS,Uncategorized
TUSK,"Mammoth Energy Services, Inc.",NASDAQ,Uncategorized
TUYA,"Tuya Inc. American Depositary Shares, each representing one Class A Ordinary Share",NYSE,Uncategorized
TV,Grupo Televisa S.A.B.,NYSE,Uncategorized
TVA,Texas Ventures Acquisition III Corp,NASDAQ,Uncategorized
TVACU,Texas Ventures Acquisition III Corp,NASDAQ,Uncategorized
TVACW,Texas Ventures Acquisition III Corp - Warrants,NASDAQ,Uncategorized
TVAI,Thayer Ventures Acquisition Corporation II,NASDAQ,Uncategorized
TVAIR,Thayer Ventures Acquisition Corporation II - Rights,NASDAQ,Uncategorized
TVAIU,Thayer Ventures Acquisition Corporation II,NASDAQ,Uncategorized
TVAL,T. Rowe Price Value ETF,NYSE ARCA,Uncategorized
TVC,Tennessee Valley Authority,NYSE,Uncategorized
TVE,Tennessee Valley Authority,NYSE,Uncategorized
TVGN,Tevogen Bio Holdings Inc.,NASDAQ,Uncategorized
TVGNW,Tevogen Bio Holdings Inc. - Warrant,NASDAQ,Uncategorized
TVRD,"Tvardi Therapeutics, Inc.",NASDAQ,Uncategorized
TVTX,"Travere Therapeutics, Inc.",NASDAQ,Uncategorized
TW,Tradeweb Markets Inc. - Class A,NASDAQ,Uncategorized
TWAV,"TaoWeave, Inc.",NASDAQ,Uncategorized
TWFG,"TWFG, Inc.",NASDAQ,Uncategorized
TWG,Top Wealth Group Holding Limited,NASDAQ,Uncategorized
TWI,"Titan International, Inc. (DE)",NYSE,Uncategorized
TWIN,"Twin Disc, Incorporated",NASDAQ,Uncategorized
TWLO,Twilio Inc. Class A,NYSE,Uncategorized
TWLV,Twelve Seas Investment Company III,NASDAQ,Uncategorized
TWLVR,Twelve Seas Investment Company III - Rights,NASDAQ,Uncategorized
TWLVU,Twelve Seas Investment Company III,NASDAQ,Uncategorized
TWM,ProShares UltraShort Russell2000,NYSE ARCA,Uncategorized
TWN,"Taiwan Fund, Inc. (The)",NYSE,Uncategorized
TWO,Two Harbors Investment Corp,NYSE,Uncategorized
TWO$A,Two Harbors Investments Corp 8.125% Series A Fixed-to-Floating Rate Cumulative Redeemable Preferred Stock ($25.00 liquidation preference per share),NYSE,Uncategorized
TWO$B,Two Harbors Investments Corp 7.625% Series B Fixed-to-Floating Rate Cumulative Redeemable Preferred Stock,NYSE,Uncategorized
TWO$C,Two Harbors Investments Corp 7.25% Series C Fixed-to-Floating Rate Cumulative Redeemable Preferred Stock,NYSE,Uncategorized
TWOD,Two Harbors Investments Corp 9.375% Senior Notes due 2030,NYSE,Uncategorized
TWOX,iShares Large Cap Accelerated Outcome ETF,BATS,Uncategorized
TWST,Twist Bioscience Corporation,NASDAQ,Uncategorized
TX,"Ternium S.A. Ternium S.A. American Depositary Shares (each representing ten shares, USD1.00 par value)",NYSE,Uncategorized
TXBC,21Shares FTSE Crypto 10 ex-BTC Index ETF,NYSE ARCA,Uncategorized
TXG,"10x Genomics, Inc.",NASDAQ,Uncategorized
TXMD,"TherapeuticsMD, Inc.",NASDAQ,Uncategorized
TXN,Texas Instruments Incorporated,NASDAQ,Uncategorized
TXNM,"TXNM Energy, Inc.",NYSE,Uncategorized
TXO,"TXO Partners, L.P. Common Units Representing Limited Partner Interests",NYSE,Uncategorized
TXRH,"Texas Roadhouse, Inc.",NASDAQ,Uncategorized
TXS,Texas Capital Texas Equity Index ETF,NYSE ARCA,Uncategorized
TXT,Textron Inc.,NYSE,Uncategorized
TXUE,Thornburg International Equity ETF,NASDAQ,Uncategorized
TXUG,Thornburg International Growth Fund ETF,NASDAQ,Uncategorized
TXXD,21Shares 2x Long Dogecoin ETF,NASDAQ,Uncategorized
TXXI,BondBloxx IR+M Tax-Aware Intermediate Duration ETF,NYSE ARCA,Uncategorized
TXXS,21Shares 2x Long Sui ETF,NASDAQ,Uncategorized
TY,Tri Continental Corporation,NYSE,Uncategorized
TY$,Tri Continental Corporation Preferred Stock,NYSE,Uncategorized
TYA,Simplify Intermediate Term Treasury Futures Strategy ETF,BATS,Uncategorized
TYD,Direxion Daily 10-Yr Treasury Bull 3x Shrs,NYSE ARCA,Uncategorized
TYG,Tortoise Energy Infrastructure Corporation,NYSE,Uncategorized
TYGO,"Tigo Energy, Inc.",NASDAQ,Uncategorized
TYL,"Tyler Technologies, Inc.",NYSE,Uncategorized
TYLD,Cambria Tactical Yield ETF,BATS,Uncategorized
TYLG,Global X Information Technology Covered Call & Growth ETF,NYSE ARCA,Uncategorized
TYO,Direxion Daily 10-Yr Treasury Bear 3x Shrs,NYSE ARCA,Uncategorized
TYRA,"Tyra Biosciences, Inc.",NASDAQ,Uncategorized
TZA,Direxion Small Cap Bear 3X Shares,NYSE ARCA,Uncategorized
TZOO,Travelzoo,NASDAQ,Uncategorized
U,Unity Software Inc.,NYSE,Uncategorized
UA,"Under Armour, Inc. Class C",NYSE,Uncategorized
UAA,"Under Armour, Inc. Class A",NYSE,Uncategorized
UAC,United Acquisition Corp. I Class A Ordinary Shares,NYSE MKT,Uncategorized
UAC.U,"United Acquisition Corp. I Units, each consisting of one Class A ordinary share and one-quarter of one redeemable warrant",NYSE MKT,Uncategorized
UAC.W,"United Acquisition Corp. I Warrants, each whole warrant exercisable for one Class A ordinary share at an exercise price of $11.50",NYSE MKT,Uncategorized
UAE,iShares MSCI UAE ETF,NASDAQ,Uncategorized
UAL,"United Airlines Holdings, Inc.",NASDAQ,Uncategorized
UAMY,United States Antimony Corporation,NYSE MKT,Uncategorized
UAN,"CVR Partners, LP Common Units representing Limited Partner Interests",NYSE,Uncategorized
UAPR,Innovator U.S. Equity Ultra Buffer ETF - April,BATS,Uncategorized
UAUG,Innovator U.S. Equity Ultra Buffer ETF - August,BATS,Uncategorized
UAVS,"AgEagle Aerial Systems, Inc.",NYSE MKT,Uncategorized
UBCP,"United Bancorp, Inc.",NASDAQ,Uncategorized
UBER,"Uber Technologies, Inc.",NYSE,Uncategorized
UBEW,Roundhill UBER WeeklyPay ETF,BATS,Uncategorized
UBFO,United Security Bancshares,NASDAQ,Uncategorized
UBND,VictoryShares Core Plus Bond ETF,NASDAQ,Uncategorized
UBOT,"Direxion Daily Robotics, Artificial Intelligence & Automation Index Bull 2X Shares",NYSE ARCA,Uncategorized
UBR,ProShares Ultra MSCI Brazil Capped,NYSE ARCA,Uncategorized
UBRL,GraniteShares 2x Long UBER Daily ETF,NASDAQ,Uncategorized
UBS,UBS Group AG Registered Ordinary Shares,NYSE,Uncategorized
UBSI,"United Bankshares, Inc.",NASDAQ,Uncategorized
UBT,ProShares Ultra 20+ Year Treasury,NYSE ARCA,Uncategorized
UBXG,U-BX Technology Ltd.,NASDAQ,Uncategorized
UCAR,U Power Limited,NASDAQ,Uncategorized
UCB,"United Community Banks, Inc.",NYSE,Uncategorized
UCC,ProShares Ultra Consumer Discretionary,NYSE ARCA,Uncategorized
UCFI,CN Healthy Food Tech Group Corp.,NASDAQ,Uncategorized
UCFIW,CN Healthy Food Tech Group Corp. - Warrant,NASDAQ,Uncategorized
UCIB,"ETRACS UBS Bloomberg Constant Maturity Commodity Index (CMCI) Total Return ETN Series B due April 5, 2038",NYSE ARCA,Uncategorized
UCL,uCloudlink Group Inc. - American Depositary Shares,NASDAQ,Uncategorized
UCO,ProShares Ultra Bloomberg Crude Oil,NYSE ARCA,Uncategorized
UCON,First Trust Smith Unconstrained Bond ETF,NYSE ARCA,Uncategorized
UCRD,VictoryShares Corporate Bond ETF,NASDAQ,Uncategorized
UCTT,"Ultra Clean Holdings, Inc.",NASDAQ,Uncategorized
UCYB,ProShares Ultra Nasdaq Cybersecurity,NASDAQ,Uncategorized
UDEC,Innovator U.S. Equity Ultra Buffer ETF - December,BATS,Uncategorized
UDI,USCF Dividend Income Fund,NYSE ARCA,Uncategorized
UDIV,Franklin U.S. Core Dividend Tilt Index ETF,NYSE ARCA,Uncategorized
UDMY,"Udemy, Inc.",NASDAQ,Uncategorized
UDN,Invesco DB USD Index Bearish ETF,NYSE ARCA,Uncategorized
UDOW,ProShares UltraPro Dow30,NYSE ARCA,Uncategorized
UDR,"UDR, Inc.",NYSE,Uncategorized
UE,Urban Edge Properties Common Shares of Beneficial Interest,NYSE,Uncategorized
UEC,Uranium Energy Corp.,NYSE MKT,Uncategorized
UECG,Leverage Shares 2x Long UEC Daily ETF,NASDAQ,Uncategorized
UEIC,Universal Electronics Inc.,NASDAQ,Uncategorized
UEVM,VictoryShares Emerging Markets Value Momentum ETF,NASDAQ,Uncategorized
UFCS,"United Fire Group, Inc",NASDAQ,Uncategorized
UFEB,Innovator U.S. Equity Ultra Buffer ETF - February,BATS,Uncategorized
UFG,Uni-Fuels Holdings Limited,NASDAQ,Uncategorized
UFI,"Unifi, Inc. New",NYSE,Uncategorized
UFIV,US Treasury 5 Year Note ETF,NASDAQ,Uncategorized
UFO,Procure Space ETF,NASDAQ,Uncategorized
UFOD,Tuttle Capital UFO Disclosure ETF,BATS,Uncategorized
UFPI,"UFP Industries, Inc.",NASDAQ,Uncategorized
UFPT,"UFP Technologies, Inc.",NASDAQ,Uncategorized
UG,"United-Guardian, Inc.",NASDAQ,Uncategorized
UGA,United States Gasoline Fund LP,NYSE ARCA,Uncategorized
UGE,ProShares Ultra Consumer Staples,NYSE ARCA,Uncategorized
UGI,UGI Corporation,NYSE,Uncategorized
UGL,ProShares Ultra Gold,NYSE ARCA,Uncategorized
UGP,Ultrapar Participacoes S.A. (New) American Depositary Shares (Each representing one Common Share),NYSE,Uncategorized
UGRO,"urban-gro, Inc.",NASDAQ,Uncategorized
UHAL,U-Haul Holding Company,NYSE,Uncategorized
UHAL.B,U-Haul Holding Company Series N Non-Voting,NYSE,Uncategorized
UHG,"United Homes Group, Inc - Class A",NASDAQ,Uncategorized
UHGWW,"United Homes Group, Inc - Warrant",NASDAQ,Uncategorized
UHS,"Universal Health Services, Inc.",NYSE,Uncategorized
UHT,Universal Health Realty Income Trust,NYSE,Uncategorized
UI,Ubiquiti Inc.,NYSE,Uncategorized
UIS,Unisys Corporation New,NYSE,Uncategorized
UITB,VictoryShares Core Intermediate Bond ETF,NASDAQ,Uncategorized
UIVM,VictoryShares International Value Momentum ETF,NASDAQ,Uncategorized
UJAN,Innovator U.S. Equity Ultra Buffer ETF - January,BATS,Uncategorized
UJB,ProShares Ultra High Yield ETF,NYSE ARCA,Uncategorized
UJUL,Innovator U.S. Equity Ultra Buffer ETF - July,BATS,Uncategorized
UJUN,Innovator U.S. Equity Ultra Buffer ETF - June,BATS,Uncategorized
UK,Ucommune International Ltd  - Ordinary Shares,NASDAQ,Uncategorized
UL,Unilever PLC American Depositary Shares (each representing One Ordinary Share),NYSE,Uncategorized
ULBI,Ultralife Corporation,NASDAQ,Uncategorized
ULCC,"Frontier Group Holdings, Inc.",NASDAQ,Uncategorized
ULE,ProShares Ultra Euro,NYSE ARCA,Uncategorized
ULH,"Universal Logistics Holdings, Inc.",NASDAQ,Uncategorized
ULS,UL Solutions Inc. Class A,NYSE,Uncategorized
ULST,State Street Ultra Short Term Bond ETF,NYSE ARCA,Uncategorized
ULTA,"Ulta Beauty, Inc.",NASDAQ,Uncategorized
ULTI,REX IncomeMax Option Strategy ETF,NASDAQ,Uncategorized
ULTY,YieldMax Ultra Option Income Strategy ETF,NYSE ARCA,Uncategorized
ULVM,VictoryShares US Value Momentum ETF,NASDAQ,Uncategorized
ULY,Urgent.ly Inc.,NASDAQ,Uncategorized
UMAC,"Unusual Machines, Inc.",NYSE MKT,Uncategorized
UMAR,Innovator U.S. Equity Ultra Buffer ETF - March,BATS,Uncategorized
UMAY,Innovator U.S. Equity Ultra Buffer ETF - May,BATS,Uncategorized
UMBF,UMB Financial Corporation,NASDAQ,Uncategorized
UMBFO,"UMB Financial Corporation - Depositary Shares Each Representing a 1/400th Interest in a Share of 7.750% Fixed-Rate Reset Non-Cumulative Perpetual Preferred Stock, Series B",NASDAQ,Uncategorized
UMC,United Microelectronics Corporation (NEW),NYSE,Uncategorized
UMDD,UltraPro MidCap400,NYSE ARCA,Uncategorized
UMH,"UMH Properties, Inc.",NYSE,Uncategorized
UMH$D,"UMH Properties, Inc. 6.375% Series D Cumulative Redeemable Preferred Stock, Liquidation Preference $25 per share",NYSE,Uncategorized
UMI,USCF Midstream Energy Income Fund ETF,NYSE ARCA,Uncategorized
UMMA,Wahed Dow Jones Islamic World ETF,NASDAQ,Uncategorized
UNB,"Union Bankshares, Inc.",NASDAQ,Uncategorized
UNCY,"Unicycive Therapeutics, Inc.",NASDAQ,Uncategorized
UNF,Unifirst Corporation,NYSE,Uncategorized
UNFI,"United Natural Foods, Inc.",NYSE,Uncategorized
UNG,United States Natural Gas Fund LP,NYSE ARCA,Uncategorized
UNH,UnitedHealth Group Incorporated Common Stock (DE),NYSE,Uncategorized
UNHG,Leverage Shares 2X Long UNH Daily ETF,NASDAQ,Uncategorized
UNHW,Roundhill UNH WeeklyPay ETF,BATS,Uncategorized
UNIT,Uniti Group Inc.,NASDAQ,Uncategorized
UNIY,WisdomTree Voya Yield Enhanced USD Universal Bond Fund,NASDAQ,Uncategorized
UNL,United States 12 Month Natural Gas Fund,NYSE ARCA,Uncategorized
UNM,Unum Group,NYSE,Uncategorized
UNMA,Unum Group 6.250% Junior Subordinated Notes due 2058,NYSE,Uncategorized
UNOV,Innovator U.S. Equity Ultra Buffer ETF - November,BATS,Uncategorized
UNP,Union Pacific Corporation,NYSE,Uncategorized
UNTY,"Unity Bancorp, Inc.",NASDAQ,Uncategorized
UNX,Tradr 2X Long U Daily ETF,BATS,Uncategorized
UOCT,Innovator U.S. Equity Ultra Buffer ETF - October,BATS,Uncategorized
UOKA,MDJM LTD,NASDAQ,Uncategorized
UONE,"Urban One, Inc.  - Class A",NASDAQ,Uncategorized
UONEK,"Urban One, Inc.  - Class D",NASDAQ,Uncategorized
UP,Wheels Up Experience Inc. Class A,NYSE,Uncategorized
UPAR,UPAR Ultra Risk Parity ETF,NYSE ARCA,Uncategorized
UPB,"Upstream Bio, Inc.",NASDAQ,Uncategorized
UPBD,"Upbound Group, Inc.",NASDAQ,Uncategorized
UPC,Universe Pharmaceuticals Inc,NASDAQ,Uncategorized
UPGD,Invesco Bloomberg Analyst Rating Improvers ETF,NYSE ARCA,Uncategorized
UPGR,Xtrackers US Green Infrastructure Select Equity ETF,NASDAQ,Uncategorized
UPLD,"Upland Software, Inc.",NASDAQ,Uncategorized
UPRO,ProShares UltraPro S&P 500,NYSE ARCA,Uncategorized
UPS,"United Parcel Service, Inc.",NYSE,Uncategorized
UPSD,Aptus Large Cap Upside ETF,BATS,Uncategorized
UPSG,Leverage Shares 2X Long UPS Daily ETF,NASDAQ,Uncategorized
UPST,"Upstart Holdings, Inc.",NASDAQ,Uncategorized
UPSX,Tradr 2X Long UPST Daily ETF,BATS,Uncategorized
UPV,ProShares Ultra FTSE Europe,NYSE ARCA,Uncategorized
UPW,ProShares Ultra Utilities,NYSE ARCA,Uncategorized
UPWK,Upwork Inc.,NASDAQ,Uncategorized
UPXI,"Upexi, Inc.",NASDAQ,Uncategorized
URA,Global X Uranium ETF,NYSE ARCA,Uncategorized
URAA,Direxion Daily Uranium Industry Bull 2X Shares,NYSE ARCA,Uncategorized
URAN,Themes Uranium & Nuclear ETF,BATS,Uncategorized
URBN,"Urban Outfitters, Inc.",NASDAQ,Uncategorized
URE,ProShares Ultra Real Estate,NYSE ARCA,Uncategorized
URG,Ur Energy Inc Common Shares (Canada),NYSE MKT,Uncategorized
URGN,UroGen Pharma Ltd. - Ordinary Shares,NASDAQ,Uncategorized
URI,"United Rentals, Inc.",NYSE,Uncategorized
URNJ,Sprott Junior Uranium Miners ETF,NASDAQ,Uncategorized
URNM,Sprott Uranium Miners ETF,NYSE ARCA,Uncategorized
UROY,Uranium Royalty Corp.,NASDAQ,Uncategorized
URSP,ProShares Ultra S&P 500 Equal Weight,NYSE ARCA,Uncategorized
URTH,iShares MSCI World ETF,NYSE ARCA,Uncategorized
URTY,ProShares UltraPro Russell2000,NYSE ARCA,Uncategorized
USA,Liberty All-Star Equity Fund,NYSE,Uncategorized
USAC,"USA Compression Partners, LP Common Units Representing Limited Partner Interests",NYSE,Uncategorized
USAF,Atlas America Fund,NASDAQ,Uncategorized
USAI,Pacer American Energy Independence ETF,NYSE ARCA,Uncategorized
USAR,"USA Rare Earth, Inc.",NASDAQ,Uncategorized
USAS,"Americas Gold and Silver Corporation Common Shares, no par value",NYSE MKT,Uncategorized
USAU,U.S. Gold Corp.,NASDAQ,Uncategorized
USAX,Tradr 2X Long USAR Daily ETF,BATS,Uncategorized
USB,U.S. Bancorp,NYSE,Uncategorized
USB$A,"U.S. Bancorp Depositary Shares, Each representing a 1/100th interest in a share of Series A Non-CumulativePerpetual Pfd Stock",NYSE,Uncategorized
USB$H,U.S. Bancorp Depositary Shares repstg 1/1000th Pfd Ser B,NYSE,Uncategorized
USB$P,"U.S. Bancorp Depositary Shares each representing a 1/1,000th interest in a share of Series K Non-Cumulative Perpetual Preferred Stock",NYSE,Uncategorized
USB$Q,"U.S. Bancorp Depositary Shares, Each Representing a 1/1,000th Interest in a Share of Series L Non-Cumulative Perpetual Preferred Stock",NYSE,Uncategorized
USB$R,"U.S. Bancorp Depositary Shares, Each Representing a 1/1,000th Interest in a Share of Series M Non-Cumulative Perpetual Preferred Stock",NYSE,Uncategorized
USB$S,"U.S. Bancorp Depositary Shares, each representing a 1/1,000th interest in a share of Series O Non-Cumulative Perpetual Preferred Stock",NYSE,Uncategorized
USBC,"USBC, Inc.",NYSE MKT,Uncategorized
USCA,Xtrackers MSCI USA Climate Action Equity ETF,NYSE ARCA,Uncategorized
USCB,"USCB Financial Holdings, Inc.  - Class A",NASDAQ,Uncategorized
USCI,United States Commodity Index Fund ETV,NYSE ARCA,Uncategorized
USCL,iShares Climate Conscious & Transition MSCI USA ETF,NASDAQ,Uncategorized
USD,ProShares Ultra Semiconductors,NYSE ARCA,Uncategorized
USDU,WisdomTree Bloomberg U.S. Dollar Bullish Fund,NYSE ARCA,Uncategorized
USDX,SGI Enhanced Core ETF,NASDAQ,Uncategorized
USE,USCF Energy Commodity Strategy Absolute Return Fund,NYSE ARCA,Uncategorized
USEA,United Maritime Corporation,NASDAQ,Uncategorized
USEG,U.S. Energy Corp.,NASDAQ,Uncategorized
USEP,Innovator U.S. Equity Ultra Buffer ETF - September,BATS,Uncategorized
USEW,Cambria US EW ETF,BATS,Uncategorized
USFD,US Foods Holding Corp.,NYSE,Uncategorized
USFE,First Eagle US Equity ETF,NYSE ARCA,Uncategorized
USFI,BrandywineGLOBAL - U.S. Fixed Income ETF,NASDAQ,Uncategorized
USFR,WisdomTree Floating Rate Treasury Fund,NYSE ARCA,Uncategorized
USG,USCF Gold Strategy Plus Income Fund,NYSE ARCA,Uncategorized
USGG,Leverage Shares 2X Long USAR Daily ETF,NASDAQ,Uncategorized
USGO,U.S. GoldMining Inc.,NASDAQ,Uncategorized
USGOW,U.S. GoldMining Inc. - Warrant,NASDAQ,Uncategorized
USHY,iShares Broad USD High Yield Corporate Bond ETF,BATS,Uncategorized
USIG,iShares Broad USD Investment Grade Corporate Bond ETF,NASDAQ,Uncategorized
USIN,WisdomTree 7-10 Year Laddered Treasury Fund,NASDAQ,Uncategorized
USIO,"Usio, Inc.",NASDAQ,Uncategorized
USL,United States 12 Month Oil,NYSE ARCA,Uncategorized
USLM,"United States Lime & Minerals, Inc.",NASDAQ,Uncategorized
USMC,Principal U.S. Mega-Cap ETF,NASDAQ,Uncategorized
USMD,CoreValues America First Technology ETF,NYSE ARCA,Uncategorized
USMF,WisdomTree U.S. Multifactor Fund,BATS,Uncategorized
USML,ETRACS 2x Leveraged MSCI US Minimum Volatility Factor TR ETN,NYSE ARCA,Uncategorized
USMV,iShares MSCI USA Min Vol Factor ETF,BATS,Uncategorized
USNA,"USANA Health Sciences, Inc.",NYSE,Uncategorized
USNG,Amplify Samsung U.S. Natural Gas Infrastructure ETF,NYSE ARCA,Uncategorized
USNZ,Xtrackers Net Zero Pathway Paris Aligned US Equity ETF,NYSE ARCA,Uncategorized
USO,United States Oil Fund,NYSE ARCA,Uncategorized
USOI,"ETRACS Crude Oil Shares Covered Call ETNs due April 24, 2037",NASDAQ,Uncategorized
USOY,Defiance Oil Enhanced Options Income ETF,NASDAQ,Uncategorized
USPH,"U.S. Physical Therapy, Inc.",NYSE,Uncategorized
USPX,Franklin U.S. Equity Index ETF,NYSE ARCA,Uncategorized
USRD,Themes US R&D Champions ETF,NASDAQ,Uncategorized
USRT,iShares Core U.S. REIT ETF,NYSE ARCA,Uncategorized
USSE,Segall Bryant & Hamill Trust Segall Bryant & Hamill Select Equity ETF,NYSE ARCA,Uncategorized
USSG,Xtrackers MSCI USA Selection Equity ETF,NYSE ARCA,Uncategorized
USSH,WisdomTree 1-3 Year Laddered Treasury Fund,NASDAQ,Uncategorized
UST,ProShares Ultra 7-10 Year Treasury,NYSE ARCA,Uncategorized
USTB,VictoryShares Short-Term Bond ETF,NASDAQ,Uncategorized
USVM,VictoryShares US Small Mid Cap Value Momentum ETF,NASDAQ,Uncategorized
USVN,US Treasury 7 Year Note ETF,NASDAQ,Uncategorized
USXF,iShares ESG Advanced MSCI USA ETF,NASDAQ,Uncategorized
UTEN,US Treasury 10 Year Note ETF,NASDAQ,Uncategorized
UTES,Virtus Reaves Utilities ETF,NYSE ARCA,Uncategorized
UTF,"Cohen & Steers Infrastructure Fund, Inc",NYSE,Uncategorized
UTG,Reaves Utility Income Fund Common Shares of Beneficial Interest,NYSE MKT,Uncategorized
UTHR,United Therapeutics Corporation,NASDAQ,Uncategorized
UTHY,US Treasury 30 Year Bond ETF,NASDAQ,Uncategorized
UTI,Universal Technical Institute Inc,NYSE,Uncategorized
UTL,UNITIL Corporation,NYSE,Uncategorized
UTMD,"Utah Medical Products, Inc.",NASDAQ,Uncategorized
UTRE,US Treasury 3 Year Note ETF,NASDAQ,Uncategorized
UTSI,UTStarcom Holdings Corp - Ordinary Shares,NASDAQ,Uncategorized
UTSL,Direxion Daily Utilities Bull 3X Shares,NYSE ARCA,Uncategorized
UTWO,US Treasury 2 Year Note ETF,NASDAQ,Uncategorized
UTWY,US Treasury 20 Year Bond ETF,NASDAQ,Uncategorized
UTZ,Utz Brands Inc Class A,NYSE,Uncategorized
UUP,Invesco DB USD Index Bullish Fund ETF,NYSE ARCA,Uncategorized
UUU,"Universal Safety Products, Inc.",NYSE MKT,Uncategorized
UUUG,Leverage Shares 2X Long UUUU Daily ETF,NASDAQ,Uncategorized
UUUU,Energy Fuels Inc Ordinary Shares (Canada),NYSE MKT,Uncategorized
UVE,UNIVERSAL INSURANCE HOLDINGS INC,NYSE,Uncategorized
UVIX,2x Long VIX Futures ETF,BATS,Uncategorized
UVSP,Univest Financial Corporation,NASDAQ,Uncategorized
UVV,Universal Corporation,NYSE,Uncategorized
UVXY,ProShares Ultra VIX Short Term Futures ETF,BATS,Uncategorized
UWM,ProShares Ultra Russell2000,NYSE ARCA,Uncategorized
UWMC,UWM Holdings Corporation Class A,NYSE,Uncategorized
UX,Roundhill Uranium ETF,BATS,Uncategorized
UXAP,FT Vest U.S. Equity Uncapped Accelerator ETF - April,BATS,Uncategorized
UXI,ProShares Ultra Industrials,NYSE ARCA,Uncategorized
UXIN,Uxin Limited - American Depositary Shares,NASDAQ,Uncategorized
UXJA,FT Vest U.S. Equity Uncapped Accelerator ETF - January,BATS,Uncategorized
UXJL,FT Vest U.S. Equity Uncapped Accelerator ETF - July,BATS,Uncategorized
UXOC,FT Vest U.S. Equity Uncapped Accelerator ETF - October,BATS,Uncategorized
UXRP,ProShares Ultra XRP ETF,NYSE ARCA,Uncategorized
UYG,ProShares Ultra Financials,NYSE ARCA,Uncategorized
UYLD,Angel Oak UltraShort Income ETF,NASDAQ,Uncategorized
UYM,ProShares Ultra Materials,NYSE ARCA,Uncategorized
UYSC,UY Scuti Acquisition Corp. - Ordinary Shares,NASDAQ,Uncategorized
UYSCR,UY Scuti Acquisition Corp. - Rights,NASDAQ,Uncategorized
UYSCU,UY Scuti Acquisition Corp.,NASDAQ,Uncategorized
UZD,"Array Digital Infrastructure, Inc. 6.250% Senior Notes due 2069",NYSE,Uncategorized
UZE,"Array Digital Infrastructure, Inc. 5.500% Senior Notes due 2070",NYSE,Uncategorized
UZF,"Array Digital Infrastructure, Inc. 5.500% Senior Notes due 2070",NYSE,Uncategorized
V,Visa Inc.,NYSE,Uncategorized
VABK,Virginia National Bankshares Corporation,NASDAQ,Uncategorized
VABS,Virtus Newfleet ABS/MBS ETF,NYSE ARCA,Uncategorized
VAC,Marriott Vacations Worldwide Corporation,NYSE,Uncategorized
VACH,Voyager Acquisition Corp,NASDAQ,Uncategorized
VACHU,Voyager Acquisition Corp,NASDAQ,Uncategorized
VACHW,Voyager Acquisition Corp - Warrants,NASDAQ,Uncategorized
VACI,Viking Acquisition Corp. I Class A Ordinary Shares,NYSE,Uncategorized
VACI.U,"Viking Acquisition Corp. I Units, each consisting of one Class A ordinary share and one-third of one Warrant",NYSE,Uncategorized
VACI.W,Viking Acquisition Corp. I Warrants to purchase one Class A Ordinary Share,NYSE,Uncategorized
VAL,Valaris Limited Common Shares,NYSE,Uncategorized
VAL.W,Valaris Limited Warrants,NYSE,Uncategorized
VALE,VALE S.A.  American Depositary Shares Each Representing one common share,NYSE,Uncategorized
VALG,Leverage Shares 2X Long VALE Daily ETF,NASDAQ,Uncategorized
VALN,Valneva SE - American Depositary Shares,NASDAQ,Uncategorized
VALQ,American Century U.S. Quality Value ETF,NYSE ARCA,Uncategorized
VALU,"Value Line, Inc.",NASDAQ,Uncategorized
VAMO,Cambria Value and Momentum ETF,BATS,Uncategorized
VANI,"Vivani Medical, Inc.",NASDAQ,Uncategorized
VATE,INNOVATE Corp.,NYSE,Uncategorized
VAVX,VanEck Avalanche ETF,NASDAQ,Uncategorized
VAW,Vanguard Materials ETF,NYSE ARCA,Uncategorized
VB,Vanguard Small-Cap ETF,NYSE ARCA,Uncategorized
VBF,Invesco Bond Fund,NYSE,Uncategorized
VBIL,Vanguard 0-3 Month Treasury Bill ETF,NASDAQ,Uncategorized
VBIX,Viewbix Inc.,NASDAQ,Uncategorized
VBK,Vanguard Small-Cap Growth ETF,NYSE ARCA,Uncategorized
VBND,Vident U.S. Bond Strategy ETF,NYSE ARCA,Uncategorized
VBNK,VersaBank - Common Shares,NASDAQ,Uncategorized
VBR,Vanguard Small-Cap Value ETF,NYSE ARCA,Uncategorized
VC,Visteon Corporation,NASDAQ,Uncategorized
VCEB,Vanguard World Funds ETF,BATS,Uncategorized
VCEL,Vericel Corporation,NASDAQ,Uncategorized
VCIC,Vine Hill Capital Investment Corp.,NASDAQ,Uncategorized
VCICU,Vine Hill Capital Investment Corp.,NASDAQ,Uncategorized
VCICW,Vine Hill Capital Investment Corp. - Warrant,NASDAQ,Uncategorized
VCIG,VCI Global Limited - Ordinary Share,NASDAQ,Uncategorized
VCIT,Vanguard Intermediate-Term Corporate Bond ETF,NASDAQ,Uncategorized
VCLN,Virtus Duff & Phelps Clean Energy ETF,NYSE ARCA,Uncategorized
VCLT,Vanguard Long-Term Corporate Bond ETF,NASDAQ,Uncategorized
VCOB,Voya Core Bond ETF,NYSE ARCA,Uncategorized
VCR,Vanguard Consumer Discretion ETF,NYSE ARCA,Uncategorized
VCRB,Vanguard Core Bond ETF,NASDAQ,Uncategorized
VCRM,Vanguard Core Tax-Exempt Bond ETF,BATS,Uncategorized
VCSH,Vanguard Short-Term Corporate Bond ETF,NASDAQ,Uncategorized
VCTR,"Victory Capital Holdings, Inc.",NASDAQ,Uncategorized
VCV,Invesco California Value Municipal Income Trust,NYSE,Uncategorized
VCYT,"Veracyte, Inc.",NASDAQ,Uncategorized
VDC,Vanguard Consumer Staples ETF,NYSE ARCA,Uncategorized
VDE,Vanguard Energy ETF,NYSE ARCA,Uncategorized
VDI,Virtus International Dividend ETF,NYSE ARCA,Uncategorized
VDIG,Vanguard Wellington Dividend Growth Active ETF,BATS,Uncategorized
VEA,Vanguard FTSE Developed Markets ETF,NYSE ARCA,Uncategorized
VECO,Veeco Instruments Inc.,NASDAQ,Uncategorized
VEEA,Veea Inc.,NASDAQ,Uncategorized
VEEAW,Veea Inc. - Warrant,NASDAQ,Uncategorized
VEEE,Twin Vee PowerCats Co.,NASDAQ,Uncategorized
VEEV,Veeva Systems Inc. Class A,NYSE,Uncategorized
VEGA,AdvisorShares STAR Global Buy-Write ETF,NYSE ARCA,Uncategorized
VEGI,iShares MSCI Agriculture Producers ETF,NYSE ARCA,Uncategorized
VEGN,US Vegan Climate Index,BATS,Uncategorized
VEL,"Velocity Financial, Inc.",NYSE,Uncategorized
VELO,"Velo3D, Inc.",NASDAQ,Uncategorized
VEM,Virtus Emerging Markets Dividend ETF,NYSE ARCA,Uncategorized
VEMY,Virtus Stone Harbor Emerging Markets High Yield Bond ETF,NYSE ARCA,Uncategorized
VENU,Venu Holding Corporation,NYSE MKT,Uncategorized
VEON,VEON Ltd. - American Depositary Shares,NASDAQ,Uncategorized
VERA,"Vera Therapeutics, Inc. - Class A",NASDAQ,Uncategorized
VERI,"Veritone, Inc.",NASDAQ,Uncategorized
VERS,ProShares Metaverse ETF,NYSE ARCA,Uncategorized
VERU,Veru Inc.,NASDAQ,Uncategorized
VERX,"Vertex, Inc. - Class A",NASDAQ,Uncategorized
VET,Vermilion Energy Inc. Common (Canada),NYSE,Uncategorized
VETZ,Academy Veteran Bond ETF,NYSE ARCA,Uncategorized
VEU,Vanguard FTSE All World Ex US ETF,NYSE ARCA,Uncategorized
VEXC,Vanguard Emerging Markets Ex-China ETF,NYSE ARCA,Uncategorized
VFC,V.F. Corporation,NYSE,Uncategorized
VFF,"Village Farms International, Inc. - Common Shares",NASDAQ,Uncategorized
VFH,Vanguard Financials ETF,NYSE ARCA,Uncategorized
VFL,abrdn National Municipal Income Fund,NYSE MKT,Uncategorized
VFLO,VictoryShares Free Cash Flow ETF,NASDAQ,Uncategorized
VFMF,Vanguard U.S. Multifactor ETF,BATS,Uncategorized
VFMO,Vanguard U.S. Momentum Factor ETF,BATS,Uncategorized
VFMV,Vanguard U.S. Minimum Volatility ETF,BATS,Uncategorized
VFQY,Vanguard U.S. Quality Factor ETF,BATS,Uncategorized
VFS,VinFast Auto Ltd. - Ordinary Shares,NASDAQ,Uncategorized
VFSWW,VinFast Auto Ltd. - Warrant,NASDAQ,Uncategorized
VFVA,Vanguard U.S. Value Factor ETF,BATS,Uncategorized
VG,"Venture Global, Inc. Class A",NYSE,Uncategorized
VGAS,"Verde Clean Fuels, Inc. - Class A",NASDAQ,Uncategorized
VGASW,"Verde Clean Fuels, Inc. - Warrant",NASDAQ,Uncategorized
VGHY,Vanguard High-Yield Active ETF,BATS,Uncategorized
VGI,Virtus Global Multi-Sector Income Fund Common Shares of Beneficial Interest,NYSE,Uncategorized
VGIT,Vanguard Intermediate-Term Treasury ETF,NASDAQ,Uncategorized
VGK,Vanguard FTSEEuropean ETF,NYSE ARCA,Uncategorized
VGLT,Vanguard Long-Term Treasury ETF,NASDAQ,Uncategorized
VGM,Invesco Trust for Investment Grade Municipals Common Stock (DE),NYSE,Uncategorized
VGMS,Vanguard Multi-Sector Income Bond ETF,BATS,Uncategorized
VGRO,Virtus Silvant Growth Opportunities ETF,NYSE ARCA,Uncategorized
VGSH,Vanguard Short-Term Treasury ETF,NASDAQ,Uncategorized
VGSR,Vert Global Sustainable Real Estate ETF,NASDAQ,Uncategorized
VGT,Vanguard Information Tech ETF,NYSE ARCA,Uncategorized
VGUS,Vanguard Ultra-Short Treasury ETF,NASDAQ,Uncategorized
VGVT,Vanguard Government Securities Active ETF,NYSE ARCA,Uncategorized
VGZ,Vista Gold Corp,NYSE MKT,Uncategorized
VHC,VirnetX Holding Corp,NASDAQ,Uncategorized
VHCP,Vine Hill Capital Investment Corp. II,NASDAQ,Uncategorized
VHCPU,Vine Hill Capital Investment Corp. II,NASDAQ,Uncategorized
VHCPW,Vine Hill Capital Investment Corp. II - Warrants,NASDAQ,Uncategorized
VHI,"Valhi, Inc.",NYSE,Uncategorized
VHT,Vanguard Health Care ETF,NYSE ARCA,Uncategorized
VHUB,"VenHub Global, Inc.",NASDAQ,Uncategorized
VIA,"Via Transportation, Inc. Class A",NYSE,Uncategorized
VIASP,"Via Renewables, Inc. - 8.75% Series A Fixed-to-Floating Rate Cumulative Redeemable Perpetual Preferred Stock",NASDAQ,Uncategorized
VIAV,Viavi Solutions Inc.,NASDAQ,Uncategorized
VICE,AdvisorShares Vice ETF,NYSE ARCA,Uncategorized
VICI,VICI Properties Inc.,NYSE,Uncategorized
VICR,Vicor Corporation,NASDAQ,Uncategorized
VIDI,Vident International Equity Strategy ETF,NYSE ARCA,Uncategorized
VIG,Vanguard Div Appreciation ETF,NYSE ARCA,Uncategorized
VIGI,Vanguard International Dividend Appreciation ETF,NASDAQ,Uncategorized
VIK,Viking Holdings Ltd Ordinary Shares,NYSE,Uncategorized
VINP,Vinci Compass Investments Ltd.,NASDAQ,Uncategorized
VIOG,Vanguard S&P Small-Cap 600 Growth ETF,NYSE ARCA,Uncategorized
VIOO,Vanguard S&P Small-Cap 600 ETF,NYSE ARCA,Uncategorized
VIOT,"Viomi Technology Co., Ltd - American Depositary Shares",NASDAQ,Uncategorized
VIOV,Vanguard S&P Small-Cap 600 Value ETF,NYSE ARCA,Uncategorized
VIPS,"Vipshop Holdings Limited American Depositary Shares, each representing two ordinary shares",NYSE,Uncategorized
VIR,"Vir Biotechnology, Inc.",NASDAQ,Uncategorized
VIRC,Virco Manufacturing Corporation,NASDAQ,Uncategorized
VIRT,"Virtu Financial, Inc. Class A",NYSE,Uncategorized
VIS,Vanguard Industrials ETF,NYSE ARCA,Uncategorized
VISN,"Vistance Networks, Inc.",NASDAQ,Uncategorized
VIST,"Vista Energy S.A.B. de C.V. American Depositary Shares, each representing one series A share, with no par value",NYSE,Uncategorized
VITL,"Vital Farms, Inc.",NASDAQ,Uncategorized
VIV,Telefonica Brasil S.A. American Depositary Shares (Each representing One Common Share),NYSE,Uncategorized
VIVS,"VivoSim Labs, Inc.",NASDAQ,Uncategorized
VIXM,VIX Mid-Term Futures ETF,BATS,Uncategorized
VIXY,VIX Short-Term Futures ETF,BATS,Uncategorized
VKI,Invesco Advantage Municipal Income Trust II Common Shares of Beneficial Interest (DE),NYSE MKT,Uncategorized
VKQ,Invesco Municipal Trust,NYSE,Uncategorized
VKTX,"Viking Therapeutics, Inc.",NASDAQ,Uncategorized
VLGEA,"Village Super Market, Inc. - Class A",NASDAQ,Uncategorized
VLLU,Harbor AlphaEdge Large Cap Value ETF,NYSE ARCA,Uncategorized
VLN,Valens Semiconductor Ltd. Ordinary Shares,NYSE,Uncategorized
VLN.W,"Valens Semiconductor Ltd. Warrants, each warrant to purchase one-half of one Ordinary Share",NYSE,Uncategorized
VLO,Valero Energy Corporation,NYSE,Uncategorized
VLRS,"Controladora Vuela Compania de Aviacion, S.A.B. de C.V. American Depositary Shares, each representing ten (10) Ordinary Participation Certificates",NYSE,Uncategorized
VLT,Invesco High Income Trust II,NYSE,Uncategorized
VLTO,Veralto Corp,NYSE,Uncategorized
VLU,State Street SPDR S&P 1500 Value Tilt ETF,NYSE ARCA,Uncategorized
VLUE,iShares MSCI USA Value Factor ETF,BATS,Uncategorized
VLY,Valley National Bancorp,NASDAQ,Uncategorized
VLYPN,"Valley National Bancorp - 8.250% Fixed-Rate Reset Non-Cumulative Perpetual Preferred Stock, Series C",NASDAQ,Uncategorized
VLYPO,Valley National Bancorp - 5.5% Fixed to Floating Rate Series B Non-Cumulative Perpetual Preferred Stock,NASDAQ,Uncategorized
VLYPP,Valley National Bancorp - 6.25% Fixed-to-Floating Rate Series A Non-Cumulative Perpetual Preferred Stock,NASDAQ,Uncategorized
VMAR,Vision Marine Technologies Inc. - Common Shares,NASDAQ,Uncategorized
VMAX,Hartford US Value ETF,BATS,Uncategorized
VMBS,Vanguard Mortgage-Backed Securities ETF,NASDAQ,Uncategorized
VMC,Vulcan Materials Company (Holding Company),NYSE,Uncategorized
VMD,"Viemed Healthcare, Inc. - Common Shares",NASDAQ,Uncategorized
VMI,"Valmont Industries, Inc.",NYSE,Uncategorized
VMO,Invesco Municipal Opportunity Trust,NYSE,Uncategorized
VMSB,Voya Multi-Sector Income ETF,NYSE ARCA,Uncategorized
VNAM,Global X MSCI Vietnam ETF,NYSE ARCA,Uncategorized
VNCE,Vince Holding Corp.,NASDAQ,Uncategorized
VNDA,Vanda Pharmaceuticals Inc.,NASDAQ,Uncategorized
VNET,"VNET Group, Inc. - American Depositary Shares",NASDAQ,Uncategorized
VNIE,Vontobel International Equity Active ETF,NYSE ARCA,Uncategorized
VNLA,Janus Henderson Short Duration Income ETF,NYSE ARCA,Uncategorized
VNM,VanEck Vietnam ETF,BATS,Uncategorized
VNME,Vendome Acquisition Corporation I,NASDAQ,Uncategorized
VNMEU,Vendome Acquisition Corporation I,NASDAQ,Uncategorized
VNMEW,Vendome Acquisition Corporation I - Warrant,NASDAQ,Uncategorized
VNO,Vornado Realty Trust,NYSE,Uncategorized
VNO$L,Vornado Realty Trust Pfd Ser L %,NYSE,Uncategorized
VNO$M,"Vornado Realty Trust 5.25% Series M Cumulative Redeemable Preferred Shares of Beneficial Interest, liquidation preference $25.00 per share, no par value per share",NYSE,Uncategorized
VNO$N,"Vornado Realty Trust 5.25% Series N Cumulative Redeemable Preferred Shares of Beneficial Interest, liquidation preference $25.00 per share",NYSE,Uncategorized
VNO$O,"Vornado Realty Trust 4.45% Series O Cumulative Redeemable Preferred Shares, Liquidation Preference $25.00 Per Share",NYSE,Uncategorized
VNOM,"Viper Energy, Inc.  - Class A",NASDAQ,Uncategorized
VNQ,Vanguard Real Estate ETF,NYSE ARCA,Uncategorized
VNQI,Vanguard Global ex-U.S. Real Estate ETF,NASDAQ,Uncategorized
VNRX,VolitionRX Limited,NYSE MKT,Uncategorized
VNSE,Natixis Vaughan Nelson Select ETF,NYSE ARCA,Uncategorized
VNT,Vontier Corporation,NYSE,Uncategorized
VNTG,Vantage Corp Class A Ordinary Shares,NYSE MKT,Uncategorized
VO,Vanguard Mid-Cap ETF,NYSE ARCA,Uncategorized
VOC,VOC Energy Trust Units of Beneficial Interest,NYSE,Uncategorized
VOD,Vodafone Group Plc - American Depositary Shares each representing ten Ordinary Shares,NASDAQ,Uncategorized
VOE,Vanguard Mid-Cap Value ETF,NYSE ARCA,Uncategorized
VOLT,Tema Electrification ETF,NASDAQ,Uncategorized
VONE,Vanguard Russell 1000 ETF,NASDAQ,Uncategorized
VONG,Vanguard Russell 1000 Growth ETF,NASDAQ,Uncategorized
VONV,Vanguard Russell 1000 Value ETF,NASDAQ,Uncategorized
VOO,Vanguard S&P 500 ETF,NYSE ARCA,Uncategorized
VOOG,Vanguard S&P 500 Growth ETF,NYSE ARCA,Uncategorized
VOOV,Vanguard S&P 500 Value ETF,NYSE ARCA,Uncategorized
VOR,Vor Biopharma Inc.,NASDAQ,Uncategorized
VOT,Vanguard Mid-Cap Growth ETF,NYSE ARCA,Uncategorized
VOTE,TCW Transform 500 ETF,NASDAQ,Uncategorized
VOX,Vanguard Communication Services  ETF,NYSE ARCA,Uncategorized
VOXR,Vox Royalty Corp.,NASDAQ,Uncategorized
VOYA,"Voya Financial, Inc.",NYSE,Uncategorized
VOYA$B,"Voya Financial, Inc. Depositary Shares, each representing a 1/40th interest in a share of 5.35% Fixed-Rate Reset Non-Cumulative Preferred Stock, Series B",NYSE,Uncategorized
VOYG,"Voyager Technologies, Inc. Class A",NYSE,Uncategorized
VOYX,Tradr 2X Long VOYG Daily ETF,BATS,Uncategorized
VPC,Virtus Private Credit Strategy ETF,NYSE ARCA,Uncategorized
VPG,"Vishay Precision Group, Inc.",NYSE,Uncategorized
VPL,Vanguard FTSE Pacific ETF,NYSE ARCA,Uncategorized
VPLS,Vanguard Core Plus Bond ETF,NASDAQ,Uncategorized
VPU,Vanguard Utilities ETF,NYSE ARCA,Uncategorized
VPV,Invesco Pennsylvania Value Municipal Income Trust Common Stock (DE),NYSE,Uncategorized
VRA,"Vera Bradley, Inc.",NASDAQ,Uncategorized
VRAI,Virtus Real Asset Income ETF,NYSE ARCA,Uncategorized
VRAX,Virax Biolabs Group Limited - Ordinary Shares,NASDAQ,Uncategorized
VRCA,Verrica Pharmaceuticals Inc.,NASDAQ,Uncategorized
VRDN,"Viridian Therapeutics, Inc.",NASDAQ,Uncategorized
VRE,"Veris Residential, Inc.",NYSE,Uncategorized
VREX,Varex Imaging Corporation,NASDAQ,Uncategorized
VRIG,Invesco Variable Rate Investment Grade ETF,NASDAQ,Uncategorized
VRM,"Vroom, Inc.",NASDAQ,Uncategorized
VRME,"VerifyMe, Inc.",NASDAQ,Uncategorized
VRNS,"Varonis Systems, Inc.",NASDAQ,Uncategorized
VRP,Invesco Variable Rate Preferred ETF,NYSE ARCA,Uncategorized
VRRM,Verra Mobility Corporation - Class A,NASDAQ,Uncategorized
VRSK,"Verisk Analytics, Inc.",NASDAQ,Uncategorized
VRSN,"VeriSign, Inc.",NASDAQ,Uncategorized
VRT,"Vertiv Holdings, LLC Class A",NYSE,Uncategorized
VRTL,GraniteShares 2x Long VRT Daily ETF,NASDAQ,Uncategorized
VRTS,"Virtus Investment Partners, Inc.",NYSE,Uncategorized
VRTX,Vertex Pharmaceuticals Incorporated,NASDAQ,Uncategorized
VS,Versus Systems Inc.,NASDAQ,Uncategorized
VSA,VisionSys AI Inc. - American Depositary Shares,NASDAQ,Uncategorized
VSAT,"ViaSat, Inc.",NASDAQ,Uncategorized
VSCO,Victorias Secret & Co.,NYSE,Uncategorized
VSDA,VictoryShares Dividend Accelerator ETF,NASDAQ,Uncategorized
VSDB,Vanguard Short Duration Bond ETF,BATS,Uncategorized
VSDM,Vanguard Short Duration Tax-Exempt Bond ETF,BATS,Uncategorized
VSEC,VSE Corporation,NASDAQ,Uncategorized
VSECU,VSE Corporation - Tangible Equity Units,NASDAQ,Uncategorized
VSEE,"VSee Health, Inc.",NASDAQ,Uncategorized
VSEEW,"VSee Health, Inc. - Warrant",NASDAQ,Uncategorized
VSGX,Vanguard ESG International Stock ETF,BATS,Uncategorized
VSH,"Vishay Intertechnology, Inc.",NYSE,Uncategorized
VSHY,Virtus Newfleet Short Duration High Yield Bond ETF,NYSE ARCA,Uncategorized
VSLU,Applied Finance Valuation Large Cap ETF,NYSE ARCA,Uncategorized
VSME,VS Media Holdings Limited,NASDAQ,Uncategorized
VSMV,VictoryShares US Multi-Factor Minimum Volatility ETF,NASDAQ,Uncategorized
VSNT,"Versant Media Group, Inc. - Class A",NASDAQ,Uncategorized
VSOL,VanEck Solana ETF,NASDAQ,Uncategorized
VSS,Vanguard FTSE All-Wld ex-US SmCp Idx ETF,NYSE ARCA,Uncategorized
VST,Vistra Corp.,NYSE,Uncategorized
VSTD,Vestand Inc.  - Class A,NASDAQ,Uncategorized
VSTL,Defiance Daily Target 2X Long VST ETF,NASDAQ,Uncategorized
VSTM,"Verastem, Inc.",NASDAQ,Uncategorized
VSTS,Vestis Corporation,NYSE,Uncategorized
VT,Vanguard Total World Stock Index ETF,NYSE ARCA,Uncategorized
VTAK,"Catheter Precision, Inc.",NYSE MKT,Uncategorized
VTC,Vanguard Total Corporate Bond ETF,NASDAQ,Uncategorized
VTEB,Vanguard Tax-Exempt Bond ETF,NYSE ARCA,Uncategorized
VTEC,Vanguard California Tax-Exempt Bond ETF,BATS,Uncategorized
VTEI,Vanguard Tax-Managed Funds Vanguard Intermediate-Term Tax-Exempt Bond ETF,BATS,Uncategorized
VTEL,Vanguard Long-Term Tax-Exempt Bond ETF,BATS,Uncategorized
VTES,Vanguard Wellington Fund Vanguard Short-Term Tax Exempt Bond ETF,NYSE ARCA,Uncategorized
VTEX,VTEX Class A Common Shares,NYSE,Uncategorized
VTG,Vanguard Total Treasury ETF,NYSE ARCA,Uncategorized
VTGN,"Vistagen Therapeutics, Inc.",NASDAQ,Uncategorized
VTHR,Vanguard Russell 3000 ETF,NASDAQ,Uncategorized
VTI,Vanguard Total Stock Market ETF,NYSE ARCA,Uncategorized
VTIP,Vanguard Short-Term Inflation-Protected Securities Index Fund ETF Shares,NASDAQ,Uncategorized
VTIX,Virtuix Holdings Inc. - Class A,NASDAQ,Uncategorized
VTMX,"Corporacion Inmobiliaria Vesta, S.A.B de C.V. American Depositary Shares, each representing ten (10) Common Shares",NYSE,Uncategorized
VTN,Invesco Trust for Investment Grade New York Municipals,NYSE,Uncategorized
VTOL,"Bristow Group, Inc.",NYSE,Uncategorized
VTP,Vanguard Total Inflation-Protected Securities ETF,NYSE ARCA,Uncategorized
VTR,"Ventas, Inc.",NYSE,Uncategorized
VTRS,Viatris Inc.,NASDAQ,Uncategorized
VTS,"Vitesse Energy, Inc.",NYSE,Uncategorized
VTSI,"VirTra, Inc.",NASDAQ,Uncategorized
VTV,Vanguard Value ETF,NYSE ARCA,Uncategorized
VTVT,vTv Therapeutics Inc. - Class A,NASDAQ,Uncategorized
VTWG,Vanguard Russell 2000 Growth ETF,NASDAQ,Uncategorized
VTWO,Vanguard Russell 2000 ETF,NASDAQ,Uncategorized
VTWV,Vanguard Russell 2000 Value ETF,NASDAQ,Uncategorized
VTYX,"Ventyx Biosciences, Inc.",NASDAQ,Uncategorized
VUG,Vanguard Growth ETF,NYSE ARCA,Uncategorized
VUS,Virtus US Dividend ETF,NYSE ARCA,Uncategorized
VUSB,Vanguard Ultra-Short Bond ETF,BATS,Uncategorized
VUSE,Vident U.S. Equity Strategy ETF,NYSE ARCA,Uncategorized
VUSG,Vanguard Wellington U.S. Growth Active ETF,BATS,Uncategorized
VUSI,Voya Ultra Short Income ETF,NYSE ARCA,Uncategorized
VUSV,Vanguard Wellington U.S. Value Active ETF,BATS,Uncategorized
VUZI,Vuzix Corporation,NASDAQ,Uncategorized
VV,Vanguard Large-Cap ETF,NYSE ARCA,Uncategorized
VVOS,"Vivos Therapeutics, Inc.",NASDAQ,Uncategorized
VVPR,VivoPower International PLC - Ordinary Shares,NASDAQ,Uncategorized
VVR,Invesco Senior Income Trust Common Stock (DE),NYSE,Uncategorized
VVV,Valvoline Inc.,NYSE,Uncategorized
VVX,"V2X, Inc.",NYSE,Uncategorized
VWAV,"VisionWave Holdings, Inc.",NASDAQ,Uncategorized
VWAVW,"VisionWave Holdings, Inc. - Warrant",NASDAQ,Uncategorized
VWID,Virtus WMC International Dividend ETF,BATS,Uncategorized
VWO,Vanguard FTSE Emerging Markets ETF,NYSE ARCA,Uncategorized
VWOB,Vanguard Emerging Markets Government Bond ETF,NASDAQ,Uncategorized
VXF,Vanguard Extended Market ETF,NYSE ARCA,Uncategorized
VXUS,Vanguard Total International Stock ETF,NASDAQ,Uncategorized
VXX,iPath Series B S&P 500 VIX Short-Term Futures ETN,BATS,Uncategorized
VXZ,iPath Series B S&P 500 VIX Mid-Term Futures ETN,BATS,Uncategorized
VYGR,"Voyager Therapeutics, Inc.",NASDAQ,Uncategorized
VYLD,"Inverse VIX Short-Term Futures ETNs due March 22, 2045",NYSE ARCA,Uncategorized
VYM,Vanguard High Dividend Yield ETF,NYSE ARCA,Uncategorized
VYMI,Vanguard International High Dividend Yield ETF,NASDAQ,Uncategorized
VYNE,VYNE Therapeutics Inc.,NASDAQ,Uncategorized
VYX,NCR Voyix Corporation,NYSE,Uncategorized
VZ,Verizon Communications Inc.,NYSE,Uncategorized
VZLA,Vizsla Silver Corp. Common Shares,NYSE MKT,Uncategorized
W,Wayfair Inc. Class A,NYSE,Uncategorized
WAB,Westinghouse Air Brake Technologies Corporation,NYSE,Uncategorized
WABC,Westamerica Bancorporation,NASDAQ,Uncategorized
WABF,Western Asset Bond ETF,NASDAQ,Uncategorized
WAFD,"WaFd, Inc.",NASDAQ,Uncategorized
WAFDP,"WaFd, Inc. - Depositary Shares",NASDAQ,Uncategorized
WAFU,Wah Fu Education Group Limited - Ordinary Shares,NASDAQ,Uncategorized
WAGN,Pabrai Wagons ETF,NYSE,Uncategorized
WAI,Top KingWin Ltd,NASDAQ,Uncategorized
WAL,Western Alliance Bancorporation Common Stock (DE),NYSE,Uncategorized
WAL$A,"Western Alliance Bancorporation Depositary Shares, Each Representing a 1/400th Interest in a Share of 4.250% Fixed-Rate Non-Cumulative Perpetual Preferred Stock, Series A",NYSE,Uncategorized
WALD,Waldencast plc,NASDAQ,Uncategorized
WALDW,Waldencast plc - Warrant,NASDAQ,Uncategorized
WANT,Direxion Daily Consumer Discretionary Bull 3X Shares,NYSE ARCA,Uncategorized
WAR,U.S. Global Technology and Aerospace & Defense ETF,NYSE ARCA,Uncategorized
WASH,"Washington Trust Bancorp, Inc.",NASDAQ,Uncategorized
WAT,Waters Corporation,NYSE,Uncategorized
WATT,Energous Corporation,NASDAQ,Uncategorized
WAVE,Eco Wave Power Global AB (publ) - American Depositary Shares,NASDAQ,Uncategorized
WAY,Waystar Holding Corp.,NASDAQ,Uncategorized
WB,Weibo Corporation - American Depositary Shares,NASDAQ,Uncategorized
WBD,"Warner Bros. Discovery, Inc. - Series A",NASDAQ,Uncategorized
WBI,WaterBridge Infrastructure LLC Class A Shares Representing Limited Liability Company Interests,NYSE,Uncategorized
WBIF,WBI BullBear Value 3000 ETF,NYSE ARCA,Uncategorized
WBIG,WBI BullBear Yield 3000 ETF,NYSE ARCA,Uncategorized
WBIL,WBI BullBear Quality 3000 ETF,NYSE ARCA,Uncategorized
WBIY,WBI Power Factor High Dividend ETF,NYSE,Uncategorized
WBS,Webster Financial Corporation,NYSE,Uncategorized
WBS$F,"Webster Financial Corporation Depositary Shares, Each Representing 1/1,000th Interest in a Share of 5.25% Series F Non-Cumulative Perpetual Preferred Stock",NYSE,Uncategorized
WBS$G,"Webster Financial Corporation Depositary Shares, each representing a 1/40th interest in a share of 6.50% Series G non-cumulative perpetual preferred stock",NYSE,Uncategorized
WBTN,WEBTOON Entertainment Inc.,NASDAQ,Uncategorized
WBUY,WEBUY GLOBAL LTD.,NASDAQ,Uncategorized
WBX,Wallbox N.V. Class A Ordinary Shares,NYSE,Uncategorized
WCAP,WarCap Unconstrained Equity ETF,NYSE ARCA,Uncategorized
WCBR,WisdomTree Cybersecurity Fund,NASDAQ,Uncategorized
WCC,"WESCO International, Inc.",NYSE,Uncategorized
WCEO,Hypatia Women CEO ETF,NYSE ARCA,Uncategorized
WCLD,WisdomTree Cloud Computing Fund,NASDAQ,Uncategorized
WCME,First Trust WCM Developing World Equity ETF,NYSE ARCA,Uncategorized
WCMI,First Trust WCM International Equity ETF,NYSE ARCA,Uncategorized
WCN,"Waste Connections, Inc. Common Shares",NYSE,Uncategorized
WCPB,Weitz Core Plus Bond ETF,NYSE ARCA,Uncategorized
WCT,Wellchange Holdings Company Limited,NASDAQ,Uncategorized
WD,"Walker & Dunlop, Inc",NYSE,Uncategorized
WDAF,WisdomTree Asia Defense Fund,NASDAQ,Uncategorized
WDAY,"Workday, Inc. - Class A",NASDAQ,Uncategorized
WDC,Western Digital Corporation,NASDAQ,Uncategorized
WDCX,Tradr 2X Long WDC Daily ETF,BATS,Uncategorized
WDEF,WisdomTree Europe Defense Fund,NYSE ARCA,Uncategorized
WDFC,WD-40 Company,NASDAQ,Uncategorized
WDGF,WisdomTree Global Defense Fund,NASDAQ,Uncategorized
WDH,Waterdrop Inc. American Depositary Shares (each representing the right to receive 10 Class A Ordinary Shares),NYSE,Uncategorized
WDI,Western Asset Diversified Income Fund Common Shares of Beneficial Interest,NYSE,Uncategorized
WDIV,State Street SPDR S&P Global Dividend ETF,NYSE ARCA,Uncategorized
WDNA,WisdomTree BioRevolution Fund,BATS,Uncategorized
WDS,"Woodside Energy Group Limited American Depositary Shares, each representing one Ordinary Share",NYSE,Uncategorized
WDTE,Defiance S&P 500 Weekly Distribution ETF,NYSE ARCA,Uncategorized
WEA,Western Asset Bond Fund Share of Beneficial Interest,NYSE,Uncategorized
WEAT,Teucrium Wheat Fund ETV,NYSE ARCA,Uncategorized
WEAV,"Weave Communications, Inc.",NYSE,Uncategorized
WEBL,Direxion Daily Dow Jones Internet Bull 3X Shares,NYSE ARCA,Uncategorized
WEBS,Direxion Daily Dow Jones Internet Bear 3X Shares,NYSE ARCA,Uncategorized
WEC,"WEC Energy Group, Inc.",NYSE,Uncategorized
WEED,Roundhill Cannabis ETF,BATS,Uncategorized
WEEI,Westwood Salient Enhanced Energy Income ETF,NASDAQ,Uncategorized
WEEK,Roundhill Weekly T-Bill ETF,BATS,Uncategorized
WEEL,Peerless Option Income Wheel ETF,NYSE ARCA,Uncategorized
WELL,Welltower Inc.,NYSE,Uncategorized
WEN,Wendy's Company (The),NASDAQ,Uncategorized
WENN,Wen Acquisition Corp,NASDAQ,Uncategorized
WENNU,Wen Acquisition Corp,NASDAQ,Uncategorized
WENNW,Wen Acquisition Corp - Warrant,NASDAQ,Uncategorized
WERN,"Werner Enterprises, Inc.",NASDAQ,Uncategorized
WES,"Western Midstream Partners, LP Common Units Representing Limited Partner Interests",NYSE,Uncategorized
WEST,Westrock Coffee Company,NASDAQ,Uncategorized
WETH,Wetouch Technology Inc.,NASDAQ,Uncategorized
WETO,Webus International Limited - Ordinary Shares,NASDAQ,Uncategorized
WEX,WEX Inc.,NYSE,Uncategorized
WEYS,"Weyco Group, Inc.",NASDAQ,Uncategorized
WF,Woori Financial Group Inc. American Depositary Shares (each representing three (3) shares of Common Stock),NYSE,Uncategorized
WFC,Wells Fargo & Company,NYSE,Uncategorized
WFC$A,"Wells Fargo & Company Depositary Shares, each representing a 1/1,000th interest in a share of Non-Cumulative Perpetual Class A Preferred Stock, Series AA",NYSE,Uncategorized
WFC$C,"Wells Fargo & Company Depositary Shares, each representing a 1/1,000th interest in a share of Non-Cumulative Perpetual Class A Preferred Stock, Series CC",NYSE,Uncategorized
WFC$D,"Wells Fargo & Company Depositary Shares, each representing a 1/1,000th interest in  a share of Non-Cumulative Perpetual Class A Preferred Stock, Series DD",NYSE,Uncategorized
WFC$L,"Wells Fargo & Company 7.50% Non-Cumulative Perpetual Convertible Class A Preferred Stock, Series L",NYSE,Uncategorized
WFC$Y,"Wells Fargo & Company Depositary Shares, each representing a 1/1,000th interest in a share of Non-Cumulative Perpetual Class A Preferred Stock, Series Y",NYSE,Uncategorized
WFC$Z,"Wells Fargo & Company Depositary Shares, each representing a 1/1,000th interest in a share of Non-Cumulative Perpetual Class A Preferred Stock, Series Z",NYSE,Uncategorized
WFCF,"Where Food Comes From, Inc.",NASDAQ,Uncategorized
WFF,WF Holding Limited - Ordinary Shares,NASDAQ,Uncategorized
WFG,West Fraser Timber Co. Ltd,NYSE,Uncategorized
WFRD,Weatherford International plc - Ordinary shares,NASDAQ,Uncategorized
WGMI,CoinShares Bitcoin Mining ETF,NASDAQ,Uncategorized
WGO,"Winnebago Industries, Inc.",NYSE,Uncategorized
WGRX,"Wellgistics Health, Inc.",NASDAQ,Uncategorized
WGS,GeneDx Holdings Corp. - Class A,NASDAQ,Uncategorized
WGSWW,GeneDx Holdings Corp. - Warrant,NASDAQ,Uncategorized
WH,"Wyndham Hotels & Resorts, Inc.",NYSE,Uncategorized
WHD,"Cactus, Inc. Class A",NYSE,Uncategorized
WHF,"WhiteHorse Finance, Inc. - Closed End Fund",NASDAQ,Uncategorized
WHFCL,"WhiteHorse Finance, Inc. - 7.875% Notes due 2028",NASDAQ,Uncategorized
WHG,Westwood Holdings Group Inc,NYSE,Uncategorized
WHLR,"Wheeler Real Estate Investment Trust, Inc.",NASDAQ,Uncategorized
WHLRD,"Wheeler Real Estate Investment Trust, Inc. - Series D Cumulative Preferred Stock",NASDAQ,Uncategorized
WHLRL,"Wheeler Real Estate Investment Trust, Inc. - 7.00% Senior Subordinated Convertible Notes Due 2031",NASDAQ,Uncategorized
WHLRP,"Wheeler Real Estate Investment Trust, Inc. - Series B Preferred Stock",NASDAQ,Uncategorized
WHR,Whirlpool Corporation,NYSE,Uncategorized
WHWK,"Whitehawk Therapeutics, Inc.",NASDAQ,Uncategorized
WIA,Western Asset Inflation-Linked Income Fund,NYSE,Uncategorized
WILC,"G. Willi-Food International,  Ltd. - Ordinary Shares",NASDAQ,Uncategorized
WIMI,WiMi Hologram Cloud Inc.,NASDAQ,Uncategorized
WINA,Winmark Corporation,NASDAQ,Uncategorized
WING,Wingstop Inc.,NASDAQ,Uncategorized
WINN,Harbor Long-Term Growers ETF,NYSE,Uncategorized
WIP,SPDR FTSE International Government Inflation-Protected Bond ETF,NYSE ARCA,Uncategorized
WISD,Wisdom Short Duration Income ETF,NYSE ARCA,Uncategorized
WISE,Themes Generative Artificial Intelligence ETF,NASDAQ,Uncategorized
WIT,Wipro Limited,NYSE,Uncategorized
WIW,Western Asset Inflation-Linked Opportunities & Income Fund,NYSE,Uncategorized
WIX,Wix.com Ltd. - Ordinary Shares,NASDAQ,Uncategorized
WK,Workiva Inc. Class A,NYSE,Uncategorized
WKC,World Kinect Corporation,NYSE,Uncategorized
WKEY,WISeKey International Holding Ltd - American Depositary Shares,NASDAQ,Uncategorized
WKHS,"Workhorse Group, Inc.",NASDAQ,Uncategorized
WKSP,"Worksport, Ltd.",NASDAQ,Uncategorized
WLAC,Willow Lane Acquisition Corp.,NASDAQ,Uncategorized
WLACU,Willow Lane Acquisition Corp.,NASDAQ,Uncategorized
WLACW,Willow Lane Acquisition Corp. - Warrants,NASDAQ,Uncategorized
WLDN,"Willdan Group, Inc.",NASDAQ,Uncategorized
WLDR,Affinity World Leaders Equity ETF,BATS,Uncategorized
WLDS,Wearable Devices Ltd. - Ordinary Share,NASDAQ,Uncategorized
WLDSW,Wearable Devices Ltd. - Warrant,NASDAQ,Uncategorized
WLFC,Willis Lease Finance Corporation,NASDAQ,Uncategorized
WLIIU,Willow Lane Acquisition Corp. II,NASDAQ,Uncategorized
WLK,Westlake Corporation,NYSE,Uncategorized
WLKP,Westlake Chemical Partners LP Common Units representing limited partner interests,NYSE,Uncategorized
WLTG,WealthTrust DBS Long Term Growth ETF,NYSE,Uncategorized
WLTH,Wealthfront Corporation,NASDAQ,Uncategorized
WLY,"John Wiley & Sons, Inc.",NYSE,Uncategorized
WLYB,"John Wiley & Sons, Inc.",NYSE,Uncategorized
WM,"Waste Management, Inc.",NYSE,Uncategorized
WMB,"Williams Companies, Inc. (The)",NYSE,Uncategorized
WMG,Warner Music Group Corp. - Class A,NASDAQ,Uncategorized
WMK,"Weis Markets, Inc.",NYSE,Uncategorized
WMS,"Advanced Drainage Systems, Inc.",NYSE,Uncategorized
WMSB,Weitz Multisector Bond ETF,NYSE ARCA,Uncategorized
WMT,Walmart Inc.,NASDAQ,Uncategorized
WMTI,REX WMT Growth & Income ETF,BATS,Uncategorized
WNC,Wabash National Corporation,NYSE,Uncategorized
WNEB,"Western New England Bancorp, Inc.",NASDAQ,Uncategorized
WNTR,YieldMax MSTR Short Option Income Strategy ETF,NYSE ARCA,Uncategorized
WNW,Meiwu Technology Company Limited - Ordinary Shares,NASDAQ,Uncategorized
WOK,WORK Medical Technology Group LTD,NASDAQ,Uncategorized
WOLF,"Wolfspeed, Inc. Common Stock New",NYSE,Uncategorized
WOMN,Impact Shares Women's Empowerment ETF,NYSE ARCA,Uncategorized
WOOD,iShares Global Timber & Forestry ETF,NASDAQ,Uncategorized
WOOF,"Petco Health and Wellness Company, Inc. - Class A",NASDAQ,Uncategorized
WOR,"Worthington Enterprises, Inc. Common Shares",NYSE,Uncategorized
WORX,SCWorx Corp.,NASDAQ,Uncategorized
WPAC,White Pearl Acquisition Corp. Class A Ordinary Shares,NYSE,Uncategorized
WPAC.R,"White Pearl Acquisition Corp. Rights, each right entitles the holder to receive one-fifth of one Class A ordinary share upon consummation of the initial business combination",NYSE,Uncategorized
WPAC.U,"White Pearl Acquisition Corp. Units, each consisting of one Class A ordinary share and one right to receive one-fifth (1/5) of one Class A ordinary share",NYSE,Uncategorized
WPAY,Roundhill WeeklyPay Universe ETF,BATS,Uncategorized
WPC,W. P. Carey Inc. REIT,NYSE,Uncategorized
WPM,Wheaton Precious Metals Corp Common Shares (Canada),NYSE,Uncategorized
WPP,WPP plc American Depositary Shares,NYSE,Uncategorized
WPRT,Westport Fuel Systems Inc - Common Shares,NASDAQ,Uncategorized
WQTM,WisdomTree Quantum Computing Fund,BATS,Uncategorized
WRAP,"Wrap Technologies, Inc.",NASDAQ,Uncategorized
WRB,W.R. Berkley Corporation,NYSE,Uncategorized
WRB$E,W.R. Berkley Corporation 5.70% Subordinated Debentures due 2058,NYSE,Uncategorized
WRB$F,W.R. Berkley Corporation 5.10% Subordinated Debentures due 2059,NYSE,Uncategorized
WRB$G,W.R. Berkley Corporation 4.25% Subordinated Debentures due 2060,NYSE,Uncategorized
WRB$H,W.R. Berkley Corporation 4.125% Subordinated Debentures due 2061,NYSE,Uncategorized
WRBY,Warby Parker Inc. Class A,NYSE,Uncategorized
WRD,WeRide Inc. - American Depositary Shares,NASDAQ,Uncategorized
WRLD,World Acceptance Corporation,NASDAQ,Uncategorized
WRN,Western Copper and Gold Corporation,NYSE MKT,Uncategorized
WRND,NYLI Global Equity R&D Leaders ETF,NASDAQ,Uncategorized
WS,"Worthington Steel, Inc. Common Shares",NYSE,Uncategorized
WSBC,"WesBanco, Inc.",NASDAQ,Uncategorized
WSBCO,"WesBanco, Inc. - Depositary Shares each representing 1/40th interest in a share of 7.375% Fixed-Rate Reset Non-Cumulative Perpetual Preferred Stock, Series B",NASDAQ,Uncategorized
WSBF,"Waterstone Financial, Inc.",NASDAQ,Uncategorized
WSBK,"Winchester Bancorp, Inc.",NASDAQ,Uncategorized
WSC,WillScot Holdings Corporation - Class A,NASDAQ,Uncategorized
WSFS,WSFS Financial Corporation,NASDAQ,Uncategorized
WSGE,Warren Street Global Equity ETF,NASDAQ,Uncategorized
WSHP,WeShop Holdings Limited,NASDAQ,Uncategorized
WSM,"Williams-Sonoma, Inc. Common Stock (DE)",NYSE,Uncategorized
WSML,iShares MSCI World Small-Cap ETF,NASDAQ,Uncategorized
WSO,"Watsco, Inc.",NYSE,Uncategorized
WSO.B,"Watsco, Inc. Class B",NYSE,Uncategorized
WSR,Whitestone REIT Common Shares,NYSE,Uncategorized
WST,"West Pharmaceutical Services, Inc.",NYSE,Uncategorized
WSTN,Westin Acquisition Corp,NASDAQ,Uncategorized
WSTNR,Westin Acquisition Corp - Right,NASDAQ,Uncategorized
WSTNU,Westin Acquisition Corp,NASDAQ,Uncategorized
WT,"WisdomTree, Inc.",NYSE,Uncategorized
WTAI,WisdomTree Artificial Intelligence and Innovation Fund,BATS,Uncategorized
WTBA,West Bancorporation,NASDAQ,Uncategorized
WTBN,WisdomTree Bianco Total Return Fund,NASDAQ,Uncategorized
WTF,Waton Financial Limited - Ordinary Shares,NASDAQ,Uncategorized
WTFC,Wintrust Financial Corporation,NASDAQ,Uncategorized
WTFCN,"Wintrust Financial Corporation - Depositary Shares, Each Representing a 1/1,000th Interest in a Share of 7.875% Fixed-Rate Reset Non-Cumulative Perpetual Preferred Stock, Series F, no par value, with a liquidation preference of $25,000 per share",NASDAQ,Uncategorized
WTG,Wintergreen Acquisition Corp. - Ordinary Shares,NASDAQ,Uncategorized
WTGUR,Wintergreen Acquisition Corp. - Rights,NASDAQ,Uncategorized
WTGUU,Wintergreen Acquisition Corp.,NASDAQ,Uncategorized
WTI,"W&T Offshore, Inc.",NYSE,Uncategorized
WTIB,USCF Oil Plus Bitcoin Strategy Fund,NYSE ARCA,Uncategorized
WTID,MicroSectors Energy 3X Inverse Leveraged ETNs,NYSE ARCA,Uncategorized
WTIP,WisdomTree Inflation Plus Fund,NASDAQ,Uncategorized
WTIU,MicroSectors Energy 3X Leveraged ETNs,NYSE ARCA,Uncategorized
WTLS,WisdomTree Efficient Long/Short U.S. Equity Fund,BATS,Uncategorized
WTM,"White Mountains Insurance Group, Ltd.",NYSE,Uncategorized
WTMF,WisdomTree Managed Futures Strategy Fund,NYSE ARCA,Uncategorized
WTMU,WisdomTree Core Laddered Municipal Fund,NASDAQ,Uncategorized
WTMY,WisdomTree High Income Laddered Municipal Fund,NASDAQ,Uncategorized
WTO,UTime Limited,NASDAQ,Uncategorized
WTPI,WisdomTree Equity Premium Income Fund,NYSE ARCA,Uncategorized
WTRE,WisdomTree New Economy Real Estate Fund,NYSE ARCA,Uncategorized
WTRG,"Essential Utilities, Inc.",NYSE,Uncategorized
WTS,"Watts Water Technologies, Inc. Class A",NYSE,Uncategorized
WTTR,"Select Water Solutions, Inc. Class A",NYSE,Uncategorized
WTV,WisdomTree U.S. Value Fund,NYSE ARCA,Uncategorized
WTW,Willis Towers Watson Public Limited Company - Ordinary Shares,NASDAQ,Uncategorized
WU,Western Union Company (The),NYSE,Uncategorized
WUGI,AXS Esoterica NextG Economy ETF,BATS,Uncategorized
WULF,TeraWulf Inc.,NASDAQ,Uncategorized
WULX,Tradr 2X Long WULF Daily ETF,BATS,Uncategorized
WVE,Wave Life Sciences Ltd. - Ordinary Shares,NASDAQ,Uncategorized
WVVI,"Willamette Valley Vineyards, Inc.",NASDAQ,Uncategorized
WVVIP,"Willamette Valley Vineyards, Inc. - Series A Redeemable Preferred Stock",NASDAQ,Uncategorized
WW,"WW International, Inc.",NASDAQ,Uncategorized
WWD,"Woodward, Inc.",NASDAQ,Uncategorized
WWJD,Inspire International ETF,NYSE ARCA,Uncategorized
WWR,"Westwater Resources, Inc.",NYSE MKT,Uncategorized
WWW,"Wolverine World Wide, Inc.",NYSE,Uncategorized
WXET,Teucrium 2x Daily Wheat ETF,NYSE ARCA,Uncategorized
WXM,WF International Limited - Ordinary Shares,NASDAQ,Uncategorized
WY,Weyerhaeuser Company,NYSE,Uncategorized
WYFI,"WhiteFiber, Inc. - Ordinary Shares",NASDAQ,Uncategorized
WYHG,Wing Yip Food Holdings Group Limited - American Depositary Shares,NASDAQ,Uncategorized
WYNN,"Wynn Resorts, Limited",NASDAQ,Uncategorized
WYY,WidePoint Corporation,NYSE MKT,Uncategorized
WZRD,Opportunistic Trader ETF,BATS,Uncategorized
XAGG,Eaton Vance Income Opportunities ETF,NYSE ARCA,Uncategorized
XAIR,"Beyond Air, Inc.",NASDAQ,Uncategorized
XAIX,Xtrackers Artificial Intelligence and Big Data ETF,NASDAQ,Uncategorized
XAPR,FT Vest U.S. Equity Enhance & Moderate Buffer ETF - April,BATS,Uncategorized
XAR,State Street SPDR S&P Aerospace & Defense ETF,NYSE ARCA,Uncategorized
XAUG,FT Vest U.S. Equity Enhance & Moderate Buffer ETF - August,BATS,Uncategorized
XB,BondBloxx B-Rated USD High Yield Corporate Bond ETF,NYSE ARCA,Uncategorized
XBAP,Innovator U.S. Equity Accelerated 9 Buffer ETF - April,BATS,Uncategorized
XBB,BondBloxx BB-Rated USD High Yield Corporate Bond ETF,NYSE ARCA,Uncategorized
XBCI,NEOS Boosted Bitcoin High Income ETF,NASDAQ,Uncategorized
XBFR,Innovator Equity Managed 10 Buffer ETF,NYSE ARCA,Uncategorized
XBI,State Street SPDR S&P Biotech ETF,NYSE ARCA,Uncategorized
XBIL,US Treasury 6 Month Bill ETF,NASDAQ,Uncategorized
XBIO,"Xenetic Biosciences, Inc.",NASDAQ,Uncategorized
XBIT,XBiotech Inc.,NASDAQ,Uncategorized
XBJA,Innovator U.S. Equity Accelerated 9 Buffer ETF - January,BATS,Uncategorized
XBJL,Innovator U.S. Equity Accelerated 9 Buffer ETF - July,BATS,Uncategorized
XBOC,Innovator U.S. Equity Accelerated 9 Buffer ETF - October,BATS,Uncategorized
XBP,"XBP Global Holdings, Inc.",NASDAQ,Uncategorized
XBPEW,"XBP Global Holdings, Inc. - Warrant",NASDAQ,Uncategorized
XBTY,GraniteShares YieldBOOST Bitcoin ETF,NASDAQ,Uncategorized
XC,WisdomTree True Emerging Markets Fund,NYSE ARCA,Uncategorized
XCBEU,X3 Acquisition Corp. Ltd.,NASDAQ,Uncategorized
XCCC,BondBloxx CCC-Rated USD High Yield Corporate Bond ETF,NYSE ARCA,Uncategorized
XCEM,Columbia EM Core ex-China ETF,NYSE ARCA,Uncategorized
XCH,XCHG Limited - ADS,NASDAQ,Uncategorized
XCHG,AB US Equity ETF,NYSE ARCA,Uncategorized
XCLR,Global X S&P 500 Collar 95-110 ETF,NYSE ARCA,Uncategorized
XCNY,State Street SPDR S&P Emerging Markets ex-China ETF,NASDAQ,Uncategorized
XCOR,FundX ETF,NYSE ARCA,Uncategorized
XCUR,"Exicure, Inc.",NASDAQ,Uncategorized
XDAT,Franklin Exponential Data ETF,BATS,Uncategorized
XDEC,FT Vest U.S. Equity Enhance & Moderate Buffer ETF - December,BATS,Uncategorized
XDEF,Xtrackers Europe Defense Technologies ETF,NASDAQ,Uncategorized
XDIV,Roundhill S&P 500 No Dividend Target ETF,BATS,Uncategorized
XDQQ,Innovator Growth Accelerated ETF - Quarterly,BATS,Uncategorized
XDSQ,Innovator U.S. Equity Accelerated ETF - Quarterly,BATS,Uncategorized
XDTE,Roundhill S&P 500 0DTE Covered Call Strategy ETF,BATS,Uncategorized
XEL,Xcel Energy Inc.,NASDAQ,Uncategorized
XELB,"Xcel Brands, Inc",NASDAQ,Uncategorized
XELLL,"Xcel Energy Inc. - 6.25% Junior Subordinated Notes, Series due 2085",NASDAQ,Uncategorized
XEMD,BondBloxx JP Morgan USD Emerging Markets 1-10 Year Bond ETF,BATS,Uncategorized
XEML,Xtrackers Europe Market Leaders ETF,BATS,Uncategorized
XENE,Xenon Pharmaceuticals Inc. - Common Shares,NASDAQ,Uncategorized
XERS,"Xeris Biopharma Holdings, Inc.",NASDAQ,Uncategorized
XES,State Street SPDR S&P Oil & Gas Equipment & Services ETF,NYSE ARCA,Uncategorized
XFEB,FT Vest U.S. Equity Enhance & Moderate Buffer ETF - February,BATS,Uncategorized
XFIV,BondBloxx Bloomberg Five Year Target Duration US Treasury ETF,NYSE ARCA,Uncategorized
XFLH.U,"XFLH Capital Corporation Units, each consisting of one Ordinary Share and one Right",NYSE,Uncategorized
XFLT,XAI Octagon Floating Rate & Alternative Income Trust Common Shares of Beneficial Interest,NYSE,Uncategorized
XFLX,FundX Flexible ETF,NYSE ARCA,Uncategorized
XFOR,"X4 Pharmaceuticals, Inc.",NASDAQ,Uncategorized
XGN,Exagen Inc.,NASDAQ,Uncategorized
XHB,State Street SPDR S&P Homebuilders ETF,NYSE ARCA,Uncategorized
XHE,State Street SPDR S&P Health Care Equipment ETF,NYSE ARCA,Uncategorized
XHG,XChange TEC.INC - American Depositary Shares,NASDAQ,Uncategorized
XHLD,"TEN Holdings, Inc.",NASDAQ,Uncategorized
XHLF,BondBloxx Bloomberg Six Month Target Duration US Treasury ETF,NYSE ARCA,Uncategorized
XHR,"Xenia Hotels & Resorts, Inc.",NYSE,Uncategorized
XHS,State Street SPDR S&P Health Care Services ETF,NYSE ARCA,Uncategorized
XHYC,BondBloxx USD High Yield Bond Consumer Cyclicals Sector ETF,NYSE ARCA,Uncategorized
XHYD,BondBloxx USD High Yield Bond Consumer Non-Cyclicals Sector ETF,NYSE ARCA,Uncategorized
XHYE,BondBloxx USD High Yield Bond Energy Sector ETF,NYSE ARCA,Uncategorized
XHYF,BondBloxx USD High Yield Bond Financial & REIT Sector ETF,NYSE ARCA,Uncategorized
XHYH,BondBloxx USD High Yield Bond Healthcare Sector ETF,NYSE ARCA,Uncategorized
XHYI,BondBloxx USD High Yield Bond Industrial Sector ETF,NYSE ARCA,Uncategorized
XHYT,"BondBloxx USD High Yield Bond Telecom, Media & Technology Sector ETF",NYSE ARCA,Uncategorized
XIDE,FT Vest U.S. Equity Buffer & Premium Income  ETF - December,BATS,Uncategorized
XIDV,Franklin International Dividend Booster Index ETF,NYSE ARCA,Uncategorized
XIFR,"XPLR Infrastructure, LP Common Units representing limited partner interests",NYSE,Uncategorized
XIJN,FT Vest U.S. Equity Buffer & Premium Income ETF - June,BATS,Uncategorized
XIMR,FT Vest U.S. Equity Buffer & Premium Income ETF - March,BATS,Uncategorized
XISE,FT Vest U.S. Equity Buffer & Premium Income ETF - September,BATS,Uncategorized
XITK,State Street SPDR FactSet Innovative Technology ETF,NYSE ARCA,Uncategorized
XJAN,FT Vest U.S. Equity Enhance & Moderate Buffer ETF - January,BATS,Uncategorized
XJH,iShares ESG Select Screened S&P Mid-Cap ETF,BATS,Uncategorized
XJR,iShares ESG Select Screened S&P Small-Cap ETF,BATS,Uncategorized
XJUL,FT Vest U.S. Equity Enhance & Moderate Buffer ETF - July,BATS,Uncategorized
XJUN,FT Vest U.S. Equity Enhance & Moderate Buffer ETF - June,BATS,Uncategorized
XLB,State Street Materials Select Sector SPDR ETF,NYSE ARCA,Uncategorized
XLBI,State Street Materials Select Sector SPDR Premium Income ETF,NYSE ARCA,Uncategorized
XLC,State Street Communication Services Select Sector SPDR ETF,NYSE ARCA,Uncategorized
XLCI,State Street Communication Services Select Sector SPDR Premium Income ETF,NYSE ARCA,Uncategorized
XLE,State Street Energy Select Sector SPDR ETF,NYSE ARCA,Uncategorized
XLEI,State Street Energy Select Sector SPDR Premium Income ETF,NYSE ARCA,Uncategorized
XLF,State Street Financial Select Sector SPDR ETF,NYSE ARCA,Uncategorized
XLFI,State Street Financial Select Sector SPDR Premium Income ETF,NYSE ARCA,Uncategorized
XLG,Invesco S&P 500 Top 50 ETF,NYSE ARCA,Uncategorized
XLI,State Street Industrial Select Sector SPDR ETF,NYSE ARCA,Uncategorized
XLII,State Street Industrial Select Sector SPDR Premium Income ETF,NYSE ARCA,Uncategorized
XLK,State Street Technology Select Sector SPDR ETF,NYSE ARCA,Uncategorized
XLKI,State Street Technology Select Sector SPDR Premium Income ETF,NYSE ARCA,Uncategorized
XLO,"Xilio Therapeutics, Inc.",NASDAQ,Uncategorized
XLP,State Street Consumer Staples Select Sector SPDR ETF,NYSE ARCA,Uncategorized
XLRE,State Street Real Estate Select Sector SPDR ETF,NYSE ARCA,Uncategorized
XLRI,State Street Real Estate Select Sector SPDR Premium Income ETF,NYSE ARCA,Uncategorized
XLSI,State Street Consumer Staples Select Sector SPDR Premium Income ETF,NYSE ARCA,Uncategorized
XLSR,State Street US Sector Rotation ETF,NYSE ARCA,Uncategorized
XLU,State Street Utilities Select Sector SPDR ETF,NYSE ARCA,Uncategorized
XLUI,State Street Utilities Select Sector SPDR Premium Income ETF,NYSE ARCA,Uncategorized
XLV,State Street Health Care Select Sector SPDR ETF,NYSE ARCA,Uncategorized
XLVI,State Street Health Care Select Sector SPDR Premium Income ETF,NYSE ARCA,Uncategorized
XLY,State Street Consumer Discretionary Select Sector SPDR ETF,NYSE ARCA,Uncategorized
XLYI,State Street Consumer Discretionary Select Sector SPDR Premium Income ETF,NYSE ARCA,Uncategorized
XMAG,Defiance Large Cap ex-Mag 7 ETF,NASDAQ,Uncategorized
XMAR,FT Vest U.S. Equity Enhance & Moderate Buffer ETF - March,BATS,Uncategorized
XMAY,FT Vest U.S. Equity Enhance & Moderate Buffer ETF - May,BATS,Uncategorized
XME,State Street SPDR S&P Metals & Mining ETF,NYSE ARCA,Uncategorized
XMHQ,Invesco S&P MidCap Quality ETF,NYSE ARCA,Uncategorized
XMLV,Invesco S&P MidCap Low Volatility ETF,NYSE ARCA,Uncategorized
XMMO,Invesco S&P MidCap Momentum ETF,NYSE ARCA,Uncategorized
XMPT,VanEck CEF Muni Income ETF,BATS,Uncategorized
XMTR,"Xometry, Inc. - Class A",NASDAQ,Uncategorized
XMVM,Invesco S&P MidCap Value with Momentum ETF,NYSE ARCA,Uncategorized
XNAV,FundX Aggressive ETF,NYSE ARCA,Uncategorized
XNCR,"Xencor, Inc.",NASDAQ,Uncategorized
XNET,Xunlei Limited - American Depositary Shares,NASDAQ,Uncategorized
XNOV,FT Vest U.S. Equity Enhance & Moderate Buffer ETF - November,BATS,Uncategorized
XNTK,State Street SPDR NYSE Technology ETF,NYSE ARCA,Uncategorized
XOCT,FT Vest U.S. Equity Enhance & Moderate Buffer ETF - October,BATS,Uncategorized
XOEF,iShares S&P 500 ex S&P 100 ETF,NYSE ARCA,Uncategorized
XOEX,Xtrackers S&P 100 Ex Top 20 ETF,BATS,Uncategorized
XOM,Exxon Mobil Corporation,NYSE,Uncategorized
XOMA,XOMA Royalty Corporation,NASDAQ,Uncategorized
XOMAO,XOMA Royalty Corporation - Depositary Shares Rep Series B 8.375% Cumulative Preferred Stock,NASDAQ,Uncategorized
XOMAP,XOMA Royalty Corporation - 8.625% Series A Cumulative Perpetual Preferred Stock,NASDAQ,Uncategorized
XOMO,YieldMax XOM Option Income Strategy ETF,NYSE ARCA,Uncategorized
XOMX,Direxion Daily XOM Bull 2X Shares,NASDAQ,Uncategorized
XOMZ,Direxion Daily XOM Bear 1X Shares,NASDAQ,Uncategorized
XONE,BondBloxx Bloomberg One Year Target Duration US Treasury ETF,NYSE ARCA,Uncategorized
XOP,State Street SPDR S&P Oil & Gas Exploration & Production ETF,NYSE ARCA,Uncategorized
XOS,"Xos, Inc.",NASDAQ,Uncategorized
XOSWW,"Xos, Inc. - Warrants",NASDAQ,Uncategorized
XOVR,ERShares Private-Public Crossover ETF,NASDAQ,Uncategorized
XP,XP Inc. - Class A,NASDAQ,Uncategorized
XPAY,Roundhill S&P 500 Target 20 Managed Distribution ETF,NYSE ARCA,Uncategorized
XPEG,Leverage Shares 2X Long XPEV Daily ETF,NASDAQ,Uncategorized
XPEL,"XPEL, Inc.",NASDAQ,Uncategorized
XPER,Xperi Inc.,NYSE,Uncategorized
XPEV,"XPeng Inc. American depositary shares, each representing two Class A ordinary shares",NYSE,Uncategorized
XPH,State Street SPDR S&P Pharmaceuticals ETF,NYSE ARCA,Uncategorized
XPL,Solitario Resources Corp.,NYSE MKT,Uncategorized
XPND,First Trust Expanded Technology ETF,NYSE ARCA,Uncategorized
XPO,"XPO, Inc.",NYSE,Uncategorized
XPOF,"Xponential Fitness, Inc. Class A",NYSE,Uncategorized
XPON,Expion360 Inc.,NASDAQ,Uncategorized
XPP,ProShares Ultra FTSE China 50,NYSE ARCA,Uncategorized
XPRO,Expro Group Holdings N.V.,NYSE,Uncategorized
XQQI,NEOS Boosted Nasdaq-100 High Income ETF,NASDAQ,Uncategorized
XRAY,DENTSPLY SIRONA Inc.,NASDAQ,Uncategorized
XRLX,FundX Conservative ETF,NYSE ARCA,Uncategorized
XRMI,Global X S&P 500 Risk Managed Income ETF,NYSE ARCA,Uncategorized
XRN,Chiron Real Estate Inc.,NYSE,Uncategorized
XRN$A,Chiron Real Estate Inc. Series A Cumulative Redeemable Preferred Stock,NYSE,Uncategorized
XRN$B,"Chiron Real Estate Inc. 8.00% Series B Cumulative Redeemable Preferred Stock, $0.001 par value per share",NYSE,Uncategorized
XRP,Bitwise XRP ETF,NYSE ARCA,Uncategorized
XRPC,Canary XRP ETF,NASDAQ,Uncategorized
XRPI,Volatility Shares Trust XRP ETF,NASDAQ,Uncategorized
XRPK,T-REX 2X Long XRP Daily Target ETF,BATS,Uncategorized
XRPM,Amplify XRP 3% Monthly Premium Income ETF,BATS,Uncategorized
XRPN,Armada Acquisition Corp. II,NASDAQ,Uncategorized
XRPNU,Armada Acquisition Corp. II,NASDAQ,Uncategorized
XRPNW,Armada Acquisition Corp. II - Warrant,NASDAQ,Uncategorized
XRPR,REX-Osprey XRP ETF,BATS,Uncategorized
XRPT,Volatility Shares Trust XRP 2X ETF,NASDAQ,Uncategorized
XRPZ,Franklin XRP ETF,NYSE ARCA,Uncategorized
XRT,State Street SPDR S&P Retail ETF,NYSE ARCA,Uncategorized
XRTX,XORTX Therapeutics Inc.,NASDAQ,Uncategorized
XRX,Xerox Holdings Corporation,NASDAQ,Uncategorized
XRXDW,Xerox Holdings Corporation - Warrants,NASDAQ,Uncategorized
XSD,State Street SPDR S&P Semiconductor ETF,NYSE ARCA,Uncategorized
XSEP,FT Vest U.S. Equity Enhance & Moderate Buffer ETF - September,BATS,Uncategorized
XSHD,Invesco S&P SmallCap High Dividend Low Volatility ETF,BATS,Uncategorized
XSHQ,Invesco S&P SmallCap Quality ETF,BATS,Uncategorized
XSLLU,Xsolla SPAC 1,NASDAQ,Uncategorized
XSLV,Invesco S&P SmallCap Low Volatility ETF,NYSE ARCA,Uncategorized
XSMO,Invesco S&P SmallCap Momentum ETF,NYSE ARCA,Uncategorized
XSOE,WisdomTree Emerging Markets Ex-State Owned Enterprises Fund,NYSE ARCA,Uncategorized
XSPI,NEOS Boosted S&P 500 High Income ETF,NASDAQ,Uncategorized
XSVM,Invesco S&P SmallCap Value with Momentum ETF,NYSE ARCA,Uncategorized
XSVN,BondBloxx Bloomberg Seven Year Target Duration US Treasury ETF,NYSE ARCA,Uncategorized
XSW,State Street SPDR S&P Software & Services ETF,NYSE ARCA,Uncategorized
XT,iShares Future Exponential Technologies ETF,NASDAQ,Uncategorized
XTAP,Innovator U.S. Equity Accelerated Plus ETF - April,BATS,Uncategorized
XTEN,BondBloxx Bloomberg Ten Year Target Duration US Treasury ETF,NYSE ARCA,Uncategorized
XTIA,"XTI Aerospace, Inc.",NASDAQ,Uncategorized
XTJA,Innovator U.S. Equity Accelerated Plus ETF - January,BATS,Uncategorized
XTJL,Innovator U.S. Equity Accelerated Plus ETF - July,BATS,Uncategorized
XTKG,"X3 Holdings Co., Ltd. - Ordinary Shares",NASDAQ,Uncategorized
XTL,State Street SPDR S&P Telecom ETF,NYSE ARCA,Uncategorized
XTLB,XTL Biopharmaceuticals Ltd. - American Depositary Shares,NASDAQ,Uncategorized
XTN,State Street SPDR S&P Transportation ETF,NYSE ARCA,Uncategorized
XTNT,"Xtant Medical Holdings, Inc.",NYSE MKT,Uncategorized
XTOC,Innovator U.S. Equity Accelerated Plus ETF - October,BATS,Uncategorized
XTR,Global X S&P 500 Tail Risk ETF,NYSE ARCA,Uncategorized
XTRE,BondBloxx Bloomberg Three Year Target Duration US Treasury ETF,NYSE ARCA,Uncategorized
XTWO,BondBloxx Bloomberg Two Year Target Duration US Treasury ETF,NYSE ARCA,Uncategorized
XTWY,BondBloxx Bloomberg Twenty Year Target Duration US Treasury ETF,NYSE ARCA,Uncategorized
XUDV,Franklin U.S. Dividend Booster Index ETF,NYSE ARCA,Uncategorized
XUSP,Innovator Uncapped Accelerated U.S. Equity ETF,BATS,Uncategorized
XV,Simplify Target 15 Distribution ETF,NYSE ARCA,Uncategorized
XVOL,Acruence Active Hedge U.S. Equity ETF,BATS,Uncategorized
XVV,iShares ESG Select Screened S&P 500 ETF,BATS,Uncategorized
XWEL,"XWELL, Inc.",NASDAQ,Uncategorized
XWIN,"XMAX, Inc.",NASDAQ,Uncategorized
XXI,"Twenty One Capital, Inc. Class A",NYSE,Uncategorized
XXII,"22nd Century Group, Inc",NASDAQ,Uncategorized
XXRP,Teucrium 2x Long Daily XRP ETF,NYSE ARCA,Uncategorized
XXV,Simplify Ancorato Target 25 Distribution ETF,NYSE ARCA,Uncategorized
XXX,CYBER HORNET S&P 500 and XRP 75/25 Strategy ETF,NASDAQ,Uncategorized
XYF,"X Financial American Depositary Shares, each representing six Class A Ordinary Shares",NYSE,Uncategorized
XYL,Xylem Inc. Common Stock New,NYSE,Uncategorized
XYLD,Global X S&P 500 Covered Call ETF,NYSE ARCA,Uncategorized
XYLG,Global X S&P 500 Covered Call & Growth ETF,NYSE ARCA,Uncategorized
XYZ,"Block, Inc. Class A Common Stock,",NYSE,Uncategorized
XYZG,Leverage Shares 2X Long XYZ Daily ETF,NASDAQ,Uncategorized
XYZY,YieldMax XYZ Option Income Strategy ETF,NYSE ARCA,Uncategorized
XZO,"Exzeo Group, Inc.",NYSE,Uncategorized
YAAS,Youxin Technology Ltd,NASDAQ,Uncategorized
YALA,"Yalla Group Limited American Depositary Shares, each representing one Class A Ordinary Share",NYSE,Uncategorized
YALL,God Bless America ETF,NYSE ARCA,Uncategorized
YANG,Direxion Daily FTSE China Bear 3X Shares,NYSE ARCA,Uncategorized
YB,Yuanbao Inc. - American Depositary Shares,NASDAQ,Uncategorized
YBIT,YieldMax Bitcoin Option Income Strategy ETF,NYSE ARCA,Uncategorized
YBMN,Defiance BMNR Option Income ETF,NASDAQ,Uncategorized
YBST,GraniteShares YieldBoost Single Stock Universe ETF,NASDAQ,Uncategorized
YBTC,Roundhill Bitcoin Covered Call Strategy ETF,BATS,Uncategorized
YBTY,GraniteShares YieldBoost TopYielders ETF,NASDAQ,Uncategorized
YCBD,"cbdMD, Inc.",NYSE MKT,Uncategorized
YCL,ProShares Ultra Yen,NYSE ARCA,Uncategorized
YCS,ProShares UltraShort Yen New,NYSE ARCA,Uncategorized
YCY,AA Mission Acquisition Corp. II Class A Ordinary Shares,NYSE,Uncategorized
YCY.U,"AA Mission Acquisition Corp. II Units, each consisting of one Class A ordinary share and one-half of one warrant",NYSE,Uncategorized
YCY.W,"AA Mission Acquisition Corp. II Warrants, each whole warrant entitles to purchase one Class A ordinary share at a price of $11.50 per share",NYSE,Uncategorized
YDDL,One and One Green Technologies. INC,NASDAQ,Uncategorized
YDEC,FT Vest International Equity Moderate Buffer ETF - December,BATS,Uncategorized
YDES,YD Bio Limited - Ordinary Shares,NASDAQ,Uncategorized
YDESW,YD Bio Limited - Warrants,NASDAQ,Uncategorized
YDKG,Yueda Digital Holding,NASDAQ,Uncategorized
YEAR,AB Ultra Short Income ETF,NYSE ARCA,Uncategorized
YELP,Yelp Inc.,NYSE,Uncategorized
YETH,Roundhill Ether Covered Call Strategy ETF,BATS,Uncategorized
YETI,"YETI Holdings, Inc.",NYSE,Uncategorized
YEXT,"Yext, Inc.",NYSE,Uncategorized
YFFI,Indexperts Yield Focused Fixed Income ETF,NYSE ARCA,Uncategorized
YFYA,Yields for You Income Strategy A ETF,NYSE ARCA,Uncategorized
YGLD,Simplify Gold Strategy PLUS Income ETF,NYSE ARCA,Uncategorized
YHC,LQR House Inc.,NASDAQ,Uncategorized
YHGJ,Yunhong Green CTI Ltd.,NASDAQ,Uncategorized
YHNA,YHN Acquisition I Limited - Ordinary Shares,NASDAQ,Uncategorized
YHNAR,YHN Acquisition I Limited - Right,NASDAQ,Uncategorized
YHNAU,YHN Acquisition I Limited,NASDAQ,Uncategorized
YI,"111, Inc. - American Depositary Shares",NASDAQ,Uncategorized
YIBO,Planet Image International Limited,NASDAQ,Uncategorized
YINN,Direxion Daily FTSE China Bull 3X Shares,NYSE ARCA,Uncategorized
YJ,Yunji Inc. - American Depository Shares,NASDAQ,Uncategorized
YJUN,FT Vest International Equity Moderate Buffer ETF - June,BATS,Uncategorized
YLD,Principal Active High Yield ETF,NYSE ARCA,Uncategorized
YLDE,Franklin ClearBridge Enhanced Income ETF,NASDAQ,Uncategorized
YLDW,Westwood Enhanced Income Opportunity ETF,NYSE ARCA,Uncategorized
YMAG,YieldMax Magnificent 7 Fund of Option Income ETFs,NYSE ARCA,Uncategorized
YMAR,FT Vest International Equity Moderate Buffer ETF - March,BATS,Uncategorized
YMAT,"J-Star Holding Co., Ltd.",NASDAQ,Uncategorized
YMAX,YieldMax Universe Fund of Option Income ETFs,NYSE ARCA,Uncategorized
YMM,Full Truck Alliance Co. Ltd. American Depositary Shares (each representing 20 Class A Ordinary Shares),NYSE,Uncategorized
YMT,Yimutian Inc. - American Depositary Shares; each representing 25 Class A ordinary shares,NASDAQ,Uncategorized
YNOT,Horizon Digital Frontier ETF,NASDAQ,Uncategorized
YOKE,YOKE Core ETF,NASDAQ,Uncategorized
YOLO,AdvisorShares Pure Cannabis ETF,NYSE ARCA,Uncategorized
YORW,The York Water Company,NASDAQ,Uncategorized
YOU,"Clear Secure, Inc. Class A",NYSE,Uncategorized
YOUL,Youlife Group Inc. - American Depositary Shares,NASDAQ,Uncategorized
YPF,YPF Sociedad Anonima,NYSE,Uncategorized
YQ,17 Education & Technology Group Inc. - American Depositary Shares,NASDAQ,Uncategorized
YQQQ,YieldMax Short N100 Option Income Strategy ETF,NASDAQ,Uncategorized
YRD,"Yiren Digital Ltd. American Depositary Shares, each representing two ordinary shares",NYSE,Uncategorized
YSEP,FT Vest International Equity Buffer ETF - September,BATS,Uncategorized
YSG,"Yatsen Holding Limited American Depositary Shares, each representing twenty (20) Class A Ordinary Shares",NYSE,Uncategorized
YSPY,GraniteShares YieldBOOST SPY ETF,NASDAQ,Uncategorized
YSS,York Space Systems Inc.,NYSE,Uncategorized
YSXT,"YSX Tech. Co., Ltd",NASDAQ,Uncategorized
YTRA,"Yatra Online, Inc. - Ordinary Shares",NASDAQ,Uncategorized
YUM,"Yum! Brands, Inc.",NYSE,Uncategorized
YUMC,"Yum China Holdings, Inc.",NYSE,Uncategorized
YXI,ProShares Short FTSE China 50,NYSE ARCA,Uncategorized
YXT,YXT.COM GROUP HOLDING LIMITED - American Depository Shares,NASDAQ,Uncategorized
YYAI,AiRWA Inc.,NASDAQ,Uncategorized
YYGH,YY Group Holding Limited,NASDAQ,Uncategorized
YYY,Amplify CEF High Income ETF,NYSE ARCA,Uncategorized
Z,"Zillow Group, Inc. - Class C Capital Stock",NASDAQ,Uncategorized
ZALT,Innovator U.S. Equity 10 Buffer ETF - Quarterly,BATS,Uncategorized
ZAP,Global X U.S. Electrification ETF,NASDAQ,Uncategorized
ZAPR,Innovator Equity Defined Protection ETF - 1 Yr April,BATS,Uncategorized
ZAUG,Innovator Equity Defined Protection ETF - 1 Yr August,BATS,Uncategorized
ZBAI,ATIF Holdings Limited - Ordinary Shares,NASDAQ,Uncategorized
ZBAO,Zhibao Technology Inc.,NASDAQ,Uncategorized
ZBH,"Zimmer Biomet Holdings, Inc.",NYSE,Uncategorized
ZBIO,"Zenas BioPharma, Inc.",NASDAQ,Uncategorized
ZBRA,Zebra Technologies Corporation - Class A,NASDAQ,Uncategorized
ZCBA,Global X Zero Coupon Bond 2030 ETF,NYSE ARCA,Uncategorized
ZCBB,Global X Zero Coupon Bond 2031 ETF,NYSE ARCA,Uncategorized
ZCBC,Global X Zero Coupon Bond 2032 ETF,NYSE ARCA,Uncategorized
ZCBE,Global X Zero Coupon Bond 2033 ETF,NYSE ARCA,Uncategorized
ZCBF,Global X Zero Coupon Bond 2034 ETF,NYSE ARCA,Uncategorized
ZCBG,Global X Zero Coupon Bond 2035 ETF,NYSE ARCA,Uncategorized
ZCMD,Zhongchao Inc.,NASDAQ,Uncategorized
ZD,"Ziff Davis, Inc.",NASDAQ,Uncategorized
ZDAI,"DirectBooking Technology Co., Ltd.",NASDAQ,Uncategorized
ZDEK,Innovator Equity Defined Protection ETF - 1 Yr December,BATS,Uncategorized
ZDGE,"Zedge, Inc. Class B",NYSE MKT,Uncategorized
ZECP,Zacks Earnings Consistent Portfolio ETF,BATS,Uncategorized
ZENA,"ZenaTech, Inc.",NASDAQ,Uncategorized
ZENV,Zenvia Inc. - Class A,NASDAQ,Uncategorized
ZEO,Zeo Energy Corporation - Class A,NASDAQ,Uncategorized
ZEOWW,Zeo Energy Corporation - Warrants,NASDAQ,Uncategorized
ZEPP,"Zepp Health Corporation American depositary shares, each representing sixteen Class A ordinary shares",NYSE,Uncategorized
ZETA,Zeta Global Holdings Corp. Class A,NYSE,Uncategorized
ZETX,Defiance Daily Target 2x Long ZETA ETF,NYSE ARCA,Uncategorized
ZFEB,Innovator Equity Defined Protection ETF - 1 Yr February,BATS,Uncategorized
ZG,"Zillow Group, Inc. - Class A",NASDAQ,Uncategorized
ZGM,Zenta Group Company Limited - Ordinary Shares,NASDAQ,Uncategorized
ZGN,Ermenegildo Zegna N.V. Ordinary Shares,NYSE,Uncategorized
ZH,"Zhihu Inc. American Depositary Shares, each representing three (3) Class A Ordinary Shares",NYSE,Uncategorized
ZHDG,ZEGA Buy and Hedge ETF,NYSE ARCA,Uncategorized
ZHOG,F/m Opportunistic Income ETF,NASDAQ,Uncategorized
ZIG,The Acquirers Fund,NYSE ARCA,Uncategorized
ZIM,ZIM Integrated Shipping Services Ltd. Ordinary Shares,NYSE,Uncategorized
ZION,Zions Bancorporation N.A.,NASDAQ,Uncategorized
ZIONP,Zions Bancorporation N.A. - Depositary Shares each representing a 1/40th ownership interest in a share of Series A Floating-Rate Non-Cumulative Perpetual Preferred Stock,NASDAQ,Uncategorized
ZIP,"ZipRecruiter, Inc. Class A",NYSE,Uncategorized
ZJAN,Innovator Equity Defined Protection ETF - 1 Yr January,BATS,Uncategorized
ZJK,"ZJK Industrial Co., Ltd. - Ordinary Shares",NASDAQ,Uncategorized
ZJUL,Innovator Equity Defined Protection ETF - 1 Yr July,BATS,Uncategorized
ZJUN,Innovator Equity Defined Protection ETF - 1 Yr June,BATS,Uncategorized
ZJYL,JIN MEDICAL INTERNATIONAL LTD. - Ordinary Shares,NASDAQ,Uncategorized
ZKH,"ZKH Group Limited American Depositary Shares, each representing thirty-five (35) Class A Ordinary Shares",NYSE,Uncategorized
ZKIN,"ZK International Group Co., Ltd - Ordinary Share",NASDAQ,Uncategorized
ZKP,Lafayette Digital Acquisition Corp. I,NASDAQ,Uncategorized
ZKPU,Lafayette Digital Acquisition Corp. I,NASDAQ,Uncategorized
ZKPW,Lafayette Digital Acquisition Corp. I - Warrant,NASDAQ,Uncategorized
ZLAB,Zai Lab Limited - American Depositary Shares,NASDAQ,Uncategorized
ZM,"Zoom Communications, Inc. - Class A",NASDAQ,Uncategorized
ZMAR,Innovator Equity Defined Protection ETF - 1 Yr March,BATS,Uncategorized
ZMAY,Innovator Equity Defined Protection ETF - 1 Yr May,BATS,Uncategorized
ZMUN,F/m Ultrashort Tax-Free Municipal ETF,NASDAQ,Uncategorized
ZNB,Zeta Network Group,NASDAQ,Uncategorized
ZNOV,Innovator Equity Defined Protection ETF - 1 Yr November,BATS,Uncategorized
ZNTL,"Zentalis Pharmaceuticals, Inc.",NASDAQ,Uncategorized
ZOCT,Innovator Equity Defined Protection ETF - 1 Yr October,BATS,Uncategorized
ZONE,CleanCore Solutions Inc. Class B,NYSE MKT,Uncategorized
ZOOZ,ZOOZ Strategy Ltd. - Ordinary Shares,NASDAQ,Uncategorized
ZOOZW,ZOOZ Strategy Ltd. - Warrant,NASDAQ,Uncategorized
ZROZ,PIMCO 25  Year Zero Coupon U.S. Treasury Index Exchange-Traded Fund,NYSE ARCA,Uncategorized
ZS,"Zscaler, Inc.",NASDAQ,Uncategorized
ZSB,USCF Sustainable Battery Metals Strategy Fund,NYSE ARCA,Uncategorized
ZSC,USCF Sustainable Commodity Strategy Fund,NYSE ARCA,Uncategorized
ZSEP,Innovator Equity Defined Protection ETF - 1 Yr September,BATS,Uncategorized
ZSL,ProShares UltraShort Silver,NYSE ARCA,Uncategorized
ZSPC,"zSpace, Inc.",NASDAQ,Uncategorized
ZSTK,ZeroStack Corp.,NASDAQ,Uncategorized
ZTAX,X-Square Municipal Income ETF,NYSE ARCA,Uncategorized
ZTEK,Zentek Ltd.,NASDAQ,Uncategorized
ZTEN,F/m 10-Year Investment Grade Corporate Bond ETF,NASDAQ,Uncategorized
ZTO,"ZTO Express (Cayman) Inc. American Depositary Shares, each representing one Class A ordinary share.",NYSE,Uncategorized
ZTOP,F/m High Yield 100 ETF,NASDAQ,Uncategorized
ZTR,Virtus Total Return Fund Inc.,NYSE,Uncategorized
ZTRE,F/m 3-Year Investment Grade Corporate Bond ETF,NASDAQ,Uncategorized
ZTS,Zoetis Inc. Class A,NYSE,Uncategorized
ZTWO,F/m 2-Year Investment Grade Corporate Bond ETF,NASDAQ,Uncategorized
ZUMZ,Zumiez Inc.,NASDAQ,Uncategorized
ZURA,Zura Bio Limited,NASDAQ,Uncategorized
ZVIA,Zevia PBC Class A,NYSE,Uncategorized
ZVOL,Volatility Premium Plus ETF,BATS,Uncategorized
ZVRA,"Zevra Therapeutics, Inc.",NASDAQ,Uncategorized
ZWS,Zurn Elkay Water Solutions Corporation,NYSE,Uncategorized
ZYBT,Zhengye Biotechnology Holding Limited - Ordinary Shares,NASDAQ,Uncategorized
ZYME,Zymeworks Inc.,NASDAQ,Uncategorized
